Cliente;Material;Tipo material;Texto breve de material;Nombre Fabricante;Numero Pieza de Fabricante;Centro área pl.nec.;Almacén;Caract.planif.nec.;Punto de pedido;Stock alm.máx.;Grupo de compras;Denominación GrpComp;Rubro;SubRubro;Unidad de peso;TIPO DOC;NRO. VA01/VA21;ESTADO ITEM;NRO. OC;FECHA RECEPCION;FECHA PICKING;FECHA CONTABILIZACION VL;FECHA ENTREGA ESPERADA;FECHA DE EMISION NECESIDAD;GRUPO DE COMPRA OC;NRO. SOLPED
00223 Comp Amb Santa Fe;1001744;ZSTO;BOTA GOMA P.ACERO N 40;;;MR01;223;V1;2;3;C28;SEGURIDAD/ROPA/EPP;SEGURIDAD;CALZADO;KG;SIN PEDIDO;;;;;;;;;;
00223 Comp Amb Santa Fe;1001745;ZSTO;BOTA GOMA P.ACERO N 41;;;MR01;223;V1;2;3;C28;SEGURIDAD/ROPA/EPP;SEGURIDAD;CALZADO;KG;SIN PEDIDO;;;;;;;;;;
00223 Comp Amb Santa Fe;1001747;ZSTO;BOTA GOMA P.ACERO N 43;;;MR01;223;V1;2;3;C28;SEGURIDAD/ROPA/EPP;SEGURIDAD;CALZADO;KG;SIN PEDIDO;;;;;;;;;;
00223 Comp Amb Santa Fe;1001748;ZSTO;BOTA GOMA P.ACERO N 44;;;MR01;223;V1;2;3;C28;SEGURIDAD/ROPA/EPP;SEGURIDAD;CALZADO;KG;SIN PEDIDO;;;;;;;;;;
00223 Comp Amb Santa Fe;1001756;ZSTO;BOTIN MARRON/NEGRO FLOR P.ACERO N 40;CONWORK // BORIS // VORAN // CALZADOS A // // //;53BAF // 3305 T40 // CRONOS N T40 // ESCORPIO PRUS 1050 T40 // RINGO MOD BOLT TALLE 40 // RINGO-MOD PUNCH TALLE 40 // SKIWAY MOD. 3243 T40;MR01;223;V1;2;3;C28;SEGURIDAD/ROPA/EPP;SEGURIDAD;CALZADO;KG;SIN PEDIDO;;;;;;;;;;
00223 Comp Amb Santa Fe;1001757;ZSTO;BOTIN MARRON/NEGRO FLOR P.ACERO N 41;CONWORK // BORIS // VORAN // CALZADOS A // // //;53BAF // 3305 T41 // CRONOS N T41 // ESCORPIO PRUS 1050 T41 // RINGO MOD BOLT TALLE 41 // RINGO-MOD PUNCH TALLE 41 // SKIWAY MOD. 3243 T41;MR01;223;V1;1;2;C28;SEGURIDAD/ROPA/EPP;SEGURIDAD;CALZADO;KG;ZPAS;1000095212;SIN TRATAMIENTO;;;;;9/10/2026;10/9/2026;;
00341 Mov. Suelos San Luis;1013571;ZSSD;GASOIL DIESEL 500;;MÚLT. 36000 LTS;MM01;35;V1;12000;24000;C21;COMBUSTIBLE;COMBUSTIBLE;COMBUSTIBLE;KG;ZPAN;1000087941;RECEPCIONADO PARCIAL;4500128002;8/9/2026;;;28/9/2026;7/5/2026;C21;10149510
00223 Comp Amb Santa Fe;1001760;ZSTO;BOTINMARRON/NEGRO FLOR P.ACERO N 44;CONWORK // BORIS // VORAN // CALZADOS A // //;53BAF // 3305 T44 // CRONOS N T44 // ESCORPIO PRUS 1050 T44 // RINGO MOD BOLT TALLE 44 // RINGO-MOD PUNCH TALLE 44;MR01;223;V1;2;3;C28;SEGURIDAD/ROPA/EPP;SEGURIDAD;CALZADO;KG;ZPAS;1000095212;EMBALADO;;;11/9/2026;;9/10/2026;10/9/2026;;
00223 Comp Amb Santa Fe;1001767;ZSTO;ZAPATILLA P.ACERO N 43;FUNCIONAL // CONWORK // VORAN;LANDERBROWN // 655ZA N43 // ENERGY N43;MR01;223;V1;1;2;C28;SEGURIDAD/ROPA/EPP;SEGURIDAD;CALZADO;KG;SIN PEDIDO;;;;;;;;;;
00223 Comp Amb Santa Fe;1001791;ZSTO;ACEITE SAE 30 X 205L;YPF S.A. // YPF S.A. // YPF S.A.;151692 // FT SUPER 30 TR;MR01;223;V1;1;2;L01;ACEITES;LUBRICANTES;ACEITES;KG;SIN PEDIDO;;;;;;;;;;
00223 Comp Amb Santa Fe;1001794;ZSTO;ACEITE HIPOIDAL X 205L;YPF S.A. // YPF S.A.;80W90 // 123092;MR01;223;V1;1;2;L01;ACEITES;LUBRICANTES;ACEITES;KG;SIN PEDIDO;;;;;;;;;;
00223 Comp Amb Santa Fe;1001801;ZSTO;ACEITE 80W X 205L;M-LUBE;GXA;MR01;223;V1;1;2;L01;ACEITES;LUBRICANTES;ACEITES;KG;SIN PEDIDO;;;;;;;;;;
00223 Comp Amb Santa Fe;1001804;ZSTO;GRASA LITIO LIMIT MO-2 (NEGRA) X 180 KG;YPF S.A. // YPF S.A. //;LIMIT MO-2 // 628793 // GADUS S2 V220;MR01;223;V1;1;2;L03;GRASAS;LUBRICANTES;GRASA;KG;SIN PEDIDO;;;;;;;;;;
00223 Comp Amb Santa Fe;1001805;ZSTO;GRASA PARA RODAMIENTO X1KG;SKF // SHELL PLC. //;LGWA2MA // GADAUS S2 V220 2 // MOBILGREASE MP;MR01;223;V1;1;2;L03;GRASAS;LUBRICANTES;GRASA;KG;SIN PEDIDO;;;;;;;;;;
00223 Comp Amb Santa Fe;1001823;ZSTO;ACEITE F50 5W40 X 20 L;ELAION // YPF S.A. // ELAION;F50 5W40 // 151792 // FS540;MR01;223;V1;1;2;L01;ACEITES;LUBRICANTES;AMAROK-HILUX;KG;SIN PEDIDO;;;;;;;;;;
00223 Comp Amb Santa Fe;1001841;ZSTO;CAMARA 12.00 R20;;MARCA DONGAH // MARCA PIRELLI;MR01;223;V1;4;9;C52;CAMARAS;CUBIERTAS;CUBIERTAS;KG;ZPAS;1000095212;SIN TRATAMIENTO;;;;;9/10/2026;10/9/2026;;
00223 Comp Amb Santa Fe;1001842;ZSTO;PROTECTOR P CAMARA 12.00;;;MR01;223;V1;4;9;C52;CAMARAS;CUBIERTAS;CUBIERTAS;KG;ZPAS;1000094543;SIN TRATAMIENTO;;;;;22/9/2026;28/8/2026;;
00223 Comp Amb Santa Fe;1001949;ZSTO;CANDADO 30MM XUN;;;MR01;223;V1;2;5;C27;FERRETERIA MR01;FERRETERIA;ACCESORIOS;KG;SIN PEDIDO;;;;;;;;;;
00223 Comp Amb Santa Fe;1002009;ZSTO;CAMISA JEAN T.56 C LOGO;;;MR01;223;V1;2;3;C28;SEGURIDAD/ROPA/EPP;ROPA;INDUMENTARIA;KG;SIN PEDIDO;;;;;;;;;;
00223 Comp Amb Santa Fe;1002017;ZSTO;PANTALON JEAN T.50;;;MR01;223;V1;2;3;C28;SEGURIDAD/ROPA/EPP;ROPA;INDUMENTARIA;KG;SIN PEDIDO;;;;;;;;;;
00223 Comp Amb Santa Fe;1002018;ZSTO;PANTALON JEAN T.52;;;MR01;223;V1;1;2;C28;SEGURIDAD/ROPA/EPP;ROPA;INDUMENTARIA;KG;SIN PEDIDO;;;;;;;;;;
00223 Comp Amb Santa Fe;1002022;ZSTO;PANTALON JEAN T.60;;;MR01;223;V1;1;2;C28;SEGURIDAD/ROPA/EPP;ROPA;INDUMENTARIA;KG;SIN PEDIDO;;;;;;;;;;
00223 Comp Amb Santa Fe;1002046;ZSTO;CAMISETA PRIMERA PIEL T.XL;;;MR01;223;V1;1;2;C28;SEGURIDAD/ROPA/EPP;SEGURIDAD;INDUMENTARIA;KG;SIN PEDIDO;;;;;;;;;;
00223 Comp Amb Santa Fe;1002086;ZSTO;TRAJE DE LLUVIA T.L;;;MR01;223;V1;2;3;C28;SEGURIDAD/ROPA/EPP;ROPA;INDUMENTARIA;KG;SIN PEDIDO;;;;;;;;;;
00223 Comp Amb Santa Fe;1002087;ZSTO;TRAJE DE LLUVIA T.XL;;;MR01;223;V1;2;5;C28;SEGURIDAD/ROPA/EPP;ROPA;INDUMENTARIA;KG;SIN PEDIDO;;;;;;;;;;
00223 Comp Amb Santa Fe;1002090;ZSTO;CAPA DE LLUVIA T.XL;;;MR01;223;V1;1;2;C28;SEGURIDAD/ROPA/EPP;ROPA;INDUMENTARIA;KG;SIN PEDIDO;;;;;;;;;;
00223 Comp Amb Santa Fe;1002515;ZSTO;FILTRO ACEITE XUN;JOHN DEERE // JOHN DEERE //;RE521420 // DZ101884 // DZ118283;MR01;223;V1;1;2;F03;FILTRO ACEITE;FILTROS;JD 850J;KG;SIN PEDIDO;;;;;;;;;;
00223 Comp Amb Santa Fe;1002529;ZSTO;FILTRO HIDRAULICO DE RETORNO XUN;JOHN DEERE // JOHN DEERE;AT335977 // AT545968;MR01;223;V1;2;3;F07;FILTRO FLUIDO HIDR;FILTROS;JD 544K;KG;SIN PEDIDO;;;;;;;;;;
00223 Comp Amb Santa Fe;1002541;ZSTO;FILTRO DE LINEA XUN;JOHN DEERE;AT101565;MR01;223;V1;1;2;F04;FILTRO AIRE;FILTROS;JOHN DEERE;KG;SIN PEDIDO;;;;;;;;;;
00223 Comp Amb Santa Fe;1002546;ZSTO;FILTRO HIDRAULICO;JOHN DEERE //;AT308274 // AT367840;MR01;223;V1;1;2;F04;FILTRO AIRE;FILTROS;FILTROS;KG;SIN PEDIDO;;;;;;;;;;
00223 Comp Amb Santa Fe;1002547;ZSTO;FILTRO HIDRAULICO X UN;CATERPILLA // CATERPILLA;1262081 // 1799806;MR01;223;V1;1;2;F07;FILTRO FLUIDO HIDR;FILTROS;CAT 336 DLME, 390;KG;SIN PEDIDO;;;;;;;;;;
00223 Comp Amb Santa Fe;1002566;ZSTO;FILTRO LINEA COMBUSTIBLE;FLEETGUARD // FLEETGUARD // FLEETGUARD // FLEETGUARD // DONALDSON //;FF5079 // 4080720 // FF5006 // FS5288 // P550090 // P550974;MR01;223;V1;2;3;F07;FILTRO FLUIDO HIDR;FILTROS;FILTROS;KG;SIN PEDIDO;;;;;;;;;;
00223 Comp Amb Santa Fe;1002569;ZSTO;FILTRO RESPIRADERO TANQUE HIDRAULICO XUN;JOHN DEERE;AM39653;MR01;223;V1;2;3;F04;FILTRO AIRE;FILTROS;JD 544K;KG;SIN PEDIDO;;;;;;;;;;
00223 Comp Amb Santa Fe;1002606;ZSTO;FILTRO COMBUSTIBLE X UN;JOHN DEERE;AT365869;MR01;223;V1;1;2;F06;FILTRO COMBUSTIBLE;FILTROS;JD 850J;KG;SIN PEDIDO;;;;;;;;;;
00223 Comp Amb Santa Fe;1002607;ZSTO;FILTRO RETORNO ACEITE HIDRAULICO;JOHN DEERE;T175002;MR01;223;V1;1;2;F07;FILTRO FLUIDO HIDR;FILTROS;JD 850J;KG;SIN PEDIDO;;;;;;;;;;
00223 Comp Amb Santa Fe;1002608;ZSTO;FILTRO HIDRAULICO XUN;JOHN DEERE;AT318160;MR01;223;V1;2;3;F07;FILTRO FLUIDO HIDR;FILTROS;JD 850J;KG;SIN PEDIDO;;;;;;;;;;
00223 Comp Amb Santa Fe;1002612;ZSTO;FILTRO AIRE JOHN DEERE;JOHN DEERE // No aplica // JOHN DEERE;AL177184 // 119095 // AL225552;MR01;223;V1;2;3;F04;FILTRO AIRE;FILTROS;JD 6615;KG;SIN PEDIDO;;;;;;;;;;
00223 Comp Amb Santa Fe;1002705;ZSTO;FILTRO AIRE XUN;CATERPILLA;6I2502;MR01;223;V1;1;2;F04;FILTRO AIRE;FILTROS;FILTROS;KG;ZPAS;1000095532;EMBALADO;;;16/9/2026;;9/10/2026;15/9/2026;;
00223 Comp Amb Santa Fe;1002727;ZSTO;FILTRO AIRE CABINA XUN;KOMATSU HO // DONALDSON;17M9113530 // P500138;MR01;223;V1;1;2;F05;FILTRO AIRE CABINA;FILTROS;KMS 155AX6;KG;SIN PEDIDO;;;;;;;;;;
00223 Comp Amb Santa Fe;1002738;ZSTO;Filtro Aceite Motor;FLEETGUARD // DONALDSON;LF3345 // P558616;MR01;223;RE;2;2;F03;FILTRO ACEITE;FILTROS;ONAN 40DGCA;KG;SIN PEDIDO;;;;;;;;;;
00223 Comp Amb Santa Fe;1002740;ZSTO;FILTRO HIDRAULICO;CATERPILLA;937521;MR01;223;V1;1;2;F07;FILTRO FLUIDO HIDR;FILTROS;CAT 330;KG;SIN PEDIDO;;;;;;;;;;
00223 Comp Amb Santa Fe;1002746;ZSTO;UNIDAD SELLO FILTRO HIDRAULICO;CATERPILLA;5I8670;MR01;223;V1;1;2;C29;FILTROS/RESPUESTOS;FILTROS;CAT 330;KG;SIN PEDIDO;;;;;;;;;;
00223 Comp Amb Santa Fe;1002766;ZSTO;FILTRO COMBUSTIBLE;KOMATSU HO // //;4216035170 // AF4167 // P502574;MR01;223;V1;1;2;F06;FILTRO COMBUSTIBLE;FILTROS;WA600;KG;SIN PEDIDO;;;;;;;;;;
00223 Comp Amb Santa Fe;1002807;ZSTO;FILTRO;MANN // MANN;V733S // CF 600;MR01;223;RE;2;2;C29;FILTROS/RESPUESTOS;FILTROS;GRUPO ELECTROGENO ONAN 40-DG;KG;SIN PEDIDO;;;;;;;;;;
00223 Comp Amb Santa Fe;1002832;ZSTO;FILTRO COMBUSTIBLE;FLEETGUARD // FLEETGUARD // DONALDSON // MANN //;2RK127177A // FF5052 // P553004 // WK723 // DB0519;MR01;223;V1;2;3;F06;FILTRO COMBUSTIBLE;FILTROS;VW 26260 - ONAN;KG;SIN PEDIDO;;;;;;;;;;
00341 Mov. Suelos San Luis;1002408;ZSTO;SEGMENTOS DE CORTE CENTRAL;CATERPILLA;1324715;MM01;35;V1;4;7;G04;UÑAS;DESGASTE;CAT 950;KG;ZPAS;1000093810;CUMPLIDO PARCIAL;;;19/8/2026;20/8/2026;7/9/2026;15/8/2026;;
00223 Comp Amb Santa Fe;1002838;ZSTO;FILTRO ACEITE;TOYOTA ARG // TOYOTA ARG;909152000300 // 90915YZZD2;MR01;223;V1;2;3;F03;FILTRO ACEITE;FILTROS;PARA HILUX;KG;SIN PEDIDO;;;;;;;;;;
00223 Comp Amb Santa Fe;1002873;ZSTO;FILTRO DE AIRE;DARMET;V733;MR01;223;RE;2;2;F04;FILTRO AIRE;FILTROS;GRUPO ELECTROGENO ONAN 40-DG;KG;SIN PEDIDO;;;;;;;;;;
00223 Comp Amb Santa Fe;1002889;ZSTO;FILTRO COMBUSTIBLE;BOMAG GMBH // HIFI FILTE;5717961 // SN909110;MR01;223;V1;1;2;F06;FILTRO COMBUSTIBLE;FILTROS;BOMAG;KG;SIN PEDIDO;;;;;;;;;;
00223 Comp Amb Santa Fe;1002901;ZSTO;FILTRO ACEITE;FLEETGUARD // DONALDSON // KOMATSU HO;LF9009 // P553000 // 6742014540;MR01;223;V1;1;2;F03;FILTRO ACEITE;FILTROS;VW 31-320 - 19360;KG;SIN PEDIDO;;;;;;;;;;
00223 Comp Amb Santa Fe;1002908;ZSTO;FILTRO TRANSIMISION HIDRAULICO XUN;JOHN DEERE;AT367635;MR01;223;V1;1;2;F07;FILTRO FLUIDO HIDR;FILTROS;JD 524;KG;SIN PEDIDO;;;;;;;;;;
00223 Comp Amb Santa Fe;1002923;ZSTO;FILTRO COMBUSTIBLE;BOMAG GMBH // DONALDSON;5716779 // P554620;MR01;223;V1;1;2;F06;FILTRO COMBUSTIBLE;FILTROS;BW24RH;KG;SIN PEDIDO;;;;;;;;;;
00223 Comp Amb Santa Fe;1003026;ZSTO;FILTRO SEPARADOR DE AGUA;FLEETGUARD // FLEETGUARD // DONALDSON;FS19652 // FS1280 // P551329;MR01;223;V1;1;2;F13;FILTRO TRAMPA DE A;FILTROS;ONAN C66D5;KG;SIN PEDIDO;;;;;;;;;;
00223 Comp Amb Santa Fe;1003057;ZSTO;ELEMENTO FILTRO DE AIRE PRIMARIO;JOHN DEERE;AT175223;MR01;223;V1;1;2;F04;FILTRO AIRE;FILTROS;MOTONIVELADORA JD 770 G;KG;SIN PEDIDO;;;;;;;;;;
00223 Comp Amb Santa Fe;1003058;ZSTO;KIT FILTRO COMBUSTIBLE COMPLETO;JOHN DEERE // JOHN DEERE;RE525523 // RE52090652323;MR01;223;V1;1;2;F06;FILTRO COMBUSTIBLE;FILTROS;MOTONIVELADORA JD 770 G;KG;SIN PEDIDO;;;;;;;;;;
00223 Comp Amb Santa Fe;1003087;ZSTO;FILTRO COMBUSTIBLE;TOYOTA ARG //;233900L07000 // 233900L100;MR01;223;V1;1;2;F06;FILTRO COMBUSTIBLE;FILTROS;HILUX 2017;KG;SIN PEDIDO;;;;;;;;;;
00223 Comp Amb Santa Fe;1003088;ZSTO;FILTRO AIRE;TOYOTA ARG // TOYOTA ARG;178010L04000 // 178010E030;MR01;223;V1;1;2;F04;FILTRO AIRE;FILTROS;HILUX 2017;KG;SIN PEDIDO;;;;;;;;;;
00223 Comp Amb Santa Fe;1003089;ZSTO;FILTRO DE CABINA;TOYOTA ARG;871390K080;MR01;223;V1;1;2;F05;FILTRO AIRE CABINA;FILTROS;HILUX 2017;KG;SIN PEDIDO;;;;;;;;;;
00223 Comp Amb Santa Fe;1003094;ZSTO;FILTRO DE DRENAJE BOMBA;VOLVO CONS // No aplica //;21392404 // 7632141111 // 20580233;MR01;223;V1;1;2;F07;FILTRO FLUIDO HIDR;FILTROS;VOLVO 330 // VOLVO FM460;KG;SIN PEDIDO;;;;;;;;;;
00223 Comp Amb Santa Fe;1003125;ZSTO;FILTRO SECADOR DE AIRE;VOLVO CONS;21620181;MR01;223;V1;1;2;F11;FILTRO SECADOR DE;FILTROS;VOLVO 330;KG;SIN PEDIDO;;;;;;;;;;
00223 Comp Amb Santa Fe;1003126;ZSTO;FILTRO SECADO DE AIRE;VOLVO CONS // VOLVO CONS // VOLVO CONS //;21412848 // 22223804 // 23260134 // 23690622;MR01;223;V1;2;3;F11;FILTRO SECADOR DE;FILTROS;VOLVO FM460;KG;SIN PEDIDO;;;;;;;;;;
00223 Comp Amb Santa Fe;1003138;ZSTO;FILTRO DE COMBUSTIBLE;KOMATSU HO // KOMATSU HO;6003193750 // 6003113750;MR01;223;V1;1;2;F06;FILTRO COMBUSTIBLE;FILTROS;KOMATSU PC 200-8;KG;SIN PEDIDO;;;;;;;;;;
00223 Comp Amb Santa Fe;1003139;ZSTO;FILTRO HIDRAULICO;KOMATSU HO;2076071183;MR01;223;V1;1;2;F07;FILTRO FLUIDO HIDR;FILTROS;KOMATSU PC 200-8;KG;SIN PEDIDO;;;;;;;;;;
00223 Comp Amb Santa Fe;1003233;ZSTO;FILTRO HIDRAULICO VENTILACION;KOMATSU HO;22B6011160;MR01;223;V1;1;2;F07;FILTRO FLUIDO HIDR;FILTROS;KOM D155 AX-6;KG;SIN PEDIDO;;;;;;;;;;
00223 Comp Amb Santa Fe;1003246;ZSTO;FILTRO DE TANQUE HIDRAULICO;REMOLQUES // HIFI FILTE;14896990 // SH 93214;MR01;223;V1;1;2;F07;FILTRO FLUIDO HIDR;FILTROS;VOLCADORA OMBU;KG;SIN PEDIDO;;;;;;;;;;
00223 Comp Amb Santa Fe;1003276;ZSTO;FILTRO TANQUE HIDRAULICO;PARKER // No aplica //;921999 // K22001 // P551551;MR01;223;V1;1;2;F07;FILTRO FLUIDO HIDR;FILTROS;VOLCADORA MILICIC // VOLVO 330;KG;SIN PEDIDO;;;;;;;;;;
00341 Mov. Suelos San Luis;1016098;ZSTO;FILTRO DE AIRE PRIMARIO;VOLVO MAQU;17500260;MM01;35;V1;3;5;F04;FILTRO AIRE;FILTROS;VOLVO EC 480D;KG;ZPAS;1000093971;EMBALADO;;;14/9/2026;;28/9/2026;19/8/2026;;
00223 Comp Amb Santa Fe;1003302;ZSTO;FILTRO ACEITE CAJA DE CAMBIO;VOLVO CONS // VOLVO CONS;20779040 // 24283117;MR01;223;V1;1;2;F03;FILTRO ACEITE;FILTROS;VOLVO 460 FMX;KG;SIN PEDIDO;;;;;;;;;;
00223 Comp Amb Santa Fe;1003359;ZSTO;FILTRO DE AIRE PRIMARIO;KOMATSU HO //;2A59791551 // AF55884;MR01;223;V1;1;2;F10;FILTRO HVAC;FILTROS;KOMATSU PC 200-8;KG;SIN PEDIDO;;;;;;;;;;
00223 Comp Amb Santa Fe;1016537;ZSTO;KIT FILTRO DE AIRE PRIMARIO Y SECUNDARIO;KOMATSU HO // DARMET;6001855100 // VP-3722 + VP-3723;MR01;223;V1;1;2;F04;FILTRO AIRE;FILTROS;PC2000;KG;SIN PEDIDO;;;;;;;;;;
00314 CASA Olavarría;1001682;ZSTO;MAMEL. 1°CAL. DESC. LAMIN.BLANCO 60GR.XL;;FABRICANTE:DUPONT | MODELO:TYVEK 500;MR01;314;V1;173;300;C28;SEGURIDAD/ROPA/EPP;SEGURIDAD;INDUMENTARIA;KG;SIN PEDIDO;;;;;;;;;;
00341 Mov. Suelos San Luis;1003343;ZSTO;FILTRO COMBUSTIBLE;VOLKSWAGEN // FORD // MWM INTERN // // //;90541150027 // 6L5Z7A508AB // 905411510042 // P551523 // 2R0127177N // WK 962/13;MM01;35;V1;1;2;F06;FILTRO COMBUSTIBLE;FILTROS;VW 26.260;KG;ZPAS;1000093971;DESPACHADO;;;14/9/2026;16/9/2026;28/9/2026;19/8/2026;;
00314 CASA Olavarría;1001707;ZSTO;CHALECOGRAFANARANJACONREFLETIVOT.XLC2;;MÚLT. 12U;MR01;314;V1;3;6;C28;SEGURIDAD/ROPA/EPP;SEGURIDAD;INDUMENTARIA;KG;SIN PEDIDO;;;;;;;;;;
00314 CASA Olavarría;1001867;ZSTO;MARCADOR INDUSTRIAL-BLANCOXUN;UNIPAINT;MÚLT. 10U;MR01;314;V1;3;6;C17;INSUMOS A;LIBRERIA;ESCRITURA;KG;SIN PEDIDO;;;;;;;;;;
00314 CASA Olavarría;1001868;ZSTO;FILMSTRECHMANUALXBOBINAx2,70KG;;MEDIDAS 0,50X200METROSX2;MR01;314;V1;2;5;C17;INSUMOS A;LIBRERIA;CINTAS ADHESIVAS;KG;SIN PEDIDO;;;;;;;;;;
00314 CASA Olavarría;1001876;ZSTO;CINTA EMBALAR TRANSPARENTE 48MM X 100 MT;SCOTCH;;MR01;314;V1;6;11;C17;INSUMOS A;LIBRERIA;CINTAS ADHESIVAS;KG;SIN PEDIDO;;;;;;;;;;
00341 Mov. Suelos San Luis;1001810;ZSTO;VOLVO WET BRAKE TRANSAXLEOIL WB101 X205L;VOLVO CONS;WB101;MM01;35;V1;3;6;L02;FLUIDOS;LUBRICANTES;A40F;KG;ZPAS;1000094131;SIN TRATAMIENTO;;;;;28/9/2026;21/8/2026;;
00314 CASA Olavarría;1001879;ZSTO;CINTA DE ENMASCARAR 24 MM XROLLO;;;MR01;314;V1;2;5;C17;INSUMOS A;LIBRERIA;CINTAS ADHESIVAS;KG;SIN PEDIDO;;;;;;;;;;
00314 CASA Olavarría;1001885;ZSTO;BOLSAS RESIDUOS XUN 102X130 VERDE;;;MR01;314;V1;13;23;C17;INSUMOS A;LIMPIEZA;LIMPIEZA /SEGURIDAD;KG;SIN PEDIDO;;;;;;;;;;
00341 Mov. Suelos San Luis;1001834;ZSTO;CUBIERTA 265 65 17 DUELER A T 693;BRIDGESTON // PIRELLI NE // BRIDGESTON // PIRELLI NE // GOOD YEAR;DUELER A T 693 // SCORPION ATR // AT REVO 2 // S MTR // WRANGLER WORKHORSE;MM01;35;V1;4;8;C47;CUBIERTAS AUTOMOTR;CUBIERTAS;hilux hasta 2016;KG;ZPAS;1000094131;SIN TRATAMIENTO;;;;;28/9/2026;21/8/2026;;
00314 CASA Olavarría;1001934;ZSTO;DISCO C D O A 114X4.8X22.2 SECUR x UN;TYROLIT;114X48X222;MR01;314;V1;17;30;C27;FERRETERIA MR01;FERRETERIA;ABRASIVOS/DISCOS;KG;SIN PEDIDO;;;;;;;;;;
00314 CASA Olavarría;1001943;ZSTO;ADHESIVO CIANO 20 G XUN;CIANO;;MR01;314;V1;5;9;C27;FERRETERIA MR01;FERRETERIA;ADHESIVOS;KG;SIN PEDIDO;;;;;;;;;;
00341 Mov. Suelos San Luis;1002611;ZSTO;FILTRO CABINA;CATERPILLA;7T7358;MM01;35;V1;1;2;F05;FILTRO AIRE CABINA;FILTROS;CAT 140K;KG;ZPAS;1000094131;SIN TRATAMIENTO;;;;;28/9/2026;21/8/2026;;
00314 CASA Olavarría;1001952;ZSTO;TRAPO LIMPIO (BOLSAX10KG) XUN;;MÚLT. 10 KG;MR01;314;V1;13;23;C27;FERRETERIA MR01;FERRETERIA;ACCESORIOS;KG;SIN PEDIDO;;;;;;;;;;
00314 CASA Olavarría;1001985;ZSTO;VIDRIOP CARETASOLDADOR50X105MMINCOLORO;;;MR01;314;V1;4;8;C27;FERRETERIA MR01;SOLDADURA;ACCESORIOS;KG;SIN PEDIDO;;;;;;;;;;
00314 CASA Olavarría;1001993;ZSTO;ELECTRODO AWS7018 X 3,25 MM X KG;CONARCO;AWS7018;MR01;314;V1;26;45;C27;FERRETERIA MR01;SOLDADURA;ELECTRODOS;KG;SIN PEDIDO;;;;;;;;;;
00314 CASA Olavarría;1002000;ZSTO;CAMISA JEAN T.38 C LOGO;;;MR01;314;V1;4;8;C28;SEGURIDAD/ROPA/EPP;ROPA;INDUMENTARIA;KG;SIN PEDIDO;;;;;;;;;;
00314 CASA Olavarría;1002001;ZSTO;CAMISA JEAN T.40 C LOGO;;;MR01;314;V1;4;8;C28;SEGURIDAD/ROPA/EPP;ROPA;INDUMENTARIA;KG;SIN PEDIDO;;;;;;;;;;
00314 CASA Olavarría;1026805;ZSTO;PILA ALCALINA AA x UN;;ENERGIZER/DURACELL (MÚLT. 4U);MR01;314;V1;11;20;C05;INFORMÁT.-HARDWARE;FERRETERIA;LIBRERIA;KG;SIN PEDIDO;;;;;;;;;;
00314 CASA Olavarría;1027149;ZSSD;DISCO FLAP TYROLIT 115x22 GRANO 80;;;MR01;314;V1;8;15;C27;FERRETERIA MR01;FERRETERIA;?;KG;SIN PEDIDO;;;;;;;;;;
00314 CASA Olavarría;1056101;ZSTO;CEPILLO VIOLIN P/LAVAR COCHES;;;MR01;314;V1;6;12;C17;INSUMOS A;LIMPIEZA;INSUMOS;KG;SIN PEDIDO;;;;;;;;;;
00314 CASA Olavarría;1056107;ZSTO;DEKASOL KAISER XLT;;;MR01;314;V1;31;54;C17;INSUMOS A;COMBUSTIBLE;COMBUSTIBLE;KG;SIN PEDIDO;;;;;;;;;;
00314 CASA Olavarría;1058845;ZSTO;LUBRICANTE AEROSOL MULTIUSO X311GR;;WD-40;MR01;314;V1;20;36;C27;FERRETERIA MR01;FERRETERIA;ADHESIVOS/SELLADORES/LUBRICANT;KG;SIN PEDIDO;;;;;;;;;;
00341 Mov. Suelos San Luis;1003094;ZSTO;FILTRO DE DRENAJE BOMBA;VOLVO CONS // No aplica //;21392404 // 7632141111 // 20580233;MM01;35;V1;6;8;F07;FILTRO FLUIDO HIDR;FILTROS;VOLVO 330 // VOLVO FM460;KG;ZPAS;1000094131;DESPACHADO PARCIAL;;;14/9/2026;16/9/2026;28/9/2026;21/8/2026;;
00314 CASA Olavarría;1001794;ZSTO;ACEITE HIPOIDAL X 205L;YPF S.A. // YPF S.A.;80W90 // 123092;MM01;26;V1;1;2;L01;ACEITES;LUBRICANTES;ACEITES;KG;SIN PEDIDO;;;;;;;;;;
00314 CASA Olavarría;1001795;ZSTO;ACEITE 85W140 X 205L;YPF S.A. // YPF S.A.;85W140 // 123192;MM01;26;RE;1;2;L01;ACEITES;LUBRICANTES;ACEITES;KG;SIN PEDIDO;;;;;;;;;;
00314 CASA Olavarría;1001801;ZSTO;ACEITE 80W X 205L;M-LUBE;GXA;MM01;26;RE;1;2;L01;ACEITES;LUBRICANTES;ACEITES;KG;SIN PEDIDO;;;;;;;;;;
00314 CASA Olavarría;1001804;ZSTO;GRASA LITIO LIMIT MO-2 (NEGRA) X 180 KG;YPF S.A. // YPF S.A. //;LIMIT MO-2 // 628793 // GADUS S2 V220;MM01;26;CL;4;8;L03;GRASAS;LUBRICANTES;GRASA;KG;ZPAN;1000094880;ADJUDICADO;4500137998;;;;19/9/2026;4/9/2026;L03;10159384
00341 Mov. Suelos San Luis;1003121;ZSTO;FILTRO DE UREA;VOLVO CONS;82269261;MM01;35;V1;6;8;F09;FILTRO DE UREA;FILTROS;VOLVO 330;KG;ZPAS;1000094131;DESPACHADO;;;14/9/2026;16/9/2026;28/9/2026;21/8/2026;;
00314 CASA Olavarría;1002101;ZSTO;CORREA ALTERNADOR STRAL;CNH // CNH;5801361410 // 500341810;MM01;26;RE;1;2;C03;EQUIPOS;CORREAS;AUTOMOTOR;KG;SIN PEDIDO;;;;;;;;;;
00314 CASA Olavarría;1002113;ZSTO;CORREA DISTRIBUCION ORIG TORRE WACK;;WAN5000155697;MM01;26;RE;1;2;C29;FILTROS/RESPUESTOS;CORREAS;TORRE ILUMINACION DAYCO113;KG;SIN PEDIDO;;;;;;;;;;
00341 Mov. Suelos San Luis;1003219;ZSTO;FILTRO VENTILACION DE CARTER;CATERPILLA;2735711;MM01;35;V1;2;3;F04;FILTRO AIRE;FILTROS;CAT 815 K;KG;ZPAS;1000094131;DESPACHADO;;;14/9/2026;16/9/2026;28/9/2026;21/8/2026;;
00314 CASA Olavarría;1002114;ZSTO;CORREA ALTERNADOR 850MM ORIG;LOMBARDINI;WAN5200002703;MM01;26;RE;1;2;C29;FILTROS/RESPUESTOS;CORREAS;TORRE WACKER;KG;SIN PEDIDO;;;;;;;;;;
00314 CASA Olavarría;1002164;ZSTO;CORREA MOTOR VW 31-320 CONSTELATION XUN;CONTINENTA;8PK1980;MM01;26;RE;1;2;C29;FILTROS/RESPUESTOS;CORREAS;VW 31-320 CONSTELATION;KG;SIN PEDIDO;;;;;;;;;;
00341 Mov. Suelos San Luis;1003245;ZSTO;FILTRO DE AIRE PRIMARIO;VOLKSWAGEN // FRAMM // MANN;2S2129620 // CA-9369 // C21470;MM01;35;V1;1;2;F04;FILTRO AIRE;FILTROS;VW 13-180;KG;ZPAS;1000094131;DESPACHADO;;;14/9/2026;16/9/2026;28/9/2026;21/8/2026;;
00314 CASA Olavarría;1002204;ZSTO;CORREA ALTERNADOR;;3032915 // AV 13X890;MM01;26;RE;1;2;C03;EQUIPOS;CORREAS;HIMOINSA LTA 8 V LED;KG;SIN PEDIDO;;;;;;;;;;
00314 CASA Olavarría;1002211;ZSTO;CORREA VENTILADOR;;10PK1448-20712530 // 10PK1448-24635977;MM01;26;RE;1;2;C29;FILTROS/RESPUESTOS;CORREAS;PLATAFORMA DE MANTENIMIENTO VE;KG;SIN PEDIDO;;;;;;;;;;
00341 Mov. Suelos San Luis;1004251;ZSTO;ESCOBILLALIMPIAPARABRIZASTOYOTAHILUXJGO;TOYOTA ARG;;MM01;35;V1;2;3;C03;EQUIPOS;REPUESTOS;HILUX;KG;ZPAS;1000094131;DESPACHADO;;;14/9/2026;16/9/2026;28/9/2026;21/8/2026;;
00314 CASA Olavarría;1002212;ZSTO;CORREA DE ALTERNADOR;CATERPILLA // No aplica //;8PK1537 // 22275091 // 8PK1535 // 8PK-1540;MM01;26;RE;1;2;C29;FILTROS/RESPUESTOS;CORREAS;PLATAFORMA DE MANTENIMIENTO VE;KG;SIN PEDIDO;;;;;;;;;;
00314 CASA Olavarría;1002217;ZSTO;CORREA;VOLVO CONS;VOE22281893;MM01;26;RE;1;2;C29;FILTROS/RESPUESTOS;CORREAS;VOLVO EC 480D;KG;SIN PEDIDO;;;;;;;;;;
00314 CASA Olavarría;1002339;ZSTO;PUNTA DAEMO CONICA X UN (GRUESA MART G;DAEMO ENGI;B36312140000;MM01;26;V1;1;2;C29;FILTROS/RESPUESTOS;DESGASTE;DAEMO 300;KG;SIN PEDIDO;;;;;;;;;;
00314 CASA Olavarría;1002340;ZSTO;BULON 5/8 X 21/2;CATERPILLA // No aplica;3F5108 // PB510;MM01;26;V1;180;315;G05;AJUSTE;DESGASTE;JD 770D/CAT 140K;KG;SIN PEDIDO;;;;;;;;;;
00314 CASA Olavarría;1002353;ZSTO;TUERCA 5 8;JOHN DEERE // CATERPILLA // JOHN DEERE;14H1095 // 4K0367 // NP158;MM01;26;V1;180;315;G05;AJUSTE;DESGASTE;JD 770 670 CAT 140H;KG;SIN PEDIDO;;;;;;;;;;
00314 CASA Olavarría;1002434;ZSTO;SEGURO UÑA BALDE - 30P;VOLVO CONS;VOE11417147;MM01;26;V1;13;24;G05;AJUSTE;DESGASTE;L220G;KG;SIN PEDIDO;;;;;;;;;;
00341 Mov. Suelos San Luis;1001814;ZSTO;LIQUIDO FRENO X1LT;WAGNER;;MM01;35;V1;1;2;L02;FLUIDOS;LUBRICANTES;ADITIVOS;KG;ZPAS;1000094369;SIN TRATAMIENTO;;;;;28/9/2026;26/8/2026;;
00314 CASA Olavarría;1002453;ZSTO;UNAS;CATERPILLA // CATERPILLA;4707975 // 2209132;MM01;26;V1;6;12;G04;UÑAS;DESGASTE;CAT 988;KG;SIN PEDIDO;;;;;;;;;;
00314 CASA Olavarría;1002454;ZSTO;TRABA DE UNAS;CATERPILLA;2209130;MM01;26;V1;6;12;G05;AJUSTE;DESGASTE;CAT 988;KG;SIN PEDIDO;;;;;;;;;;
00341 Mov. Suelos San Luis;1004040;ZSTO;LAMPARA 24V-H3 70W X UN;;PK22S;MM01;35;V1;36;45;C29;FILTROS/RESPUESTOS;REPUESTOS;ELECTRICIDAD AUTOMOTOR;KG;ZPAS;1000094369;PICKEADO;;;15/9/2026;;28/9/2026;26/8/2026;;
00314 CASA Olavarría;1002483;ZSTO;FILTRO ACEITE;KOMATSU HO // KOMATSU HO // DONALDSON;6002111340 // 6002111341 // P559000;MM01;26;V1;7;14;F03;FILTRO ACEITE;FILTROS;KMS 155AX6, 375D, WA600;KG;SIN PEDIDO;;;;;;;;;;
00314 CASA Olavarría;1002515;ZSTO;FILTRO ACEITE XUN;JOHN DEERE // JOHN DEERE //;RE521420 // DZ101884 // DZ118283;MM01;26;V1;1;3;F03;FILTRO ACEITE;FILTROS;JD 850J;KG;SIN PEDIDO;;;;;;;;;;
00341 Mov. Suelos San Luis;1002544;ZSTO;FILTRO TRAMPA AGUA;PARKER RAC // PARKER RAC;2R000127177J // R120LJ10MAQII;MM01;35;V1;2;3;F13;FILTRO TRAMPA DE A;FILTROS;VW31-3;KG;ZPAS;1000094369;DESPACHADO;;;14/9/2026;16/9/2026;15/9/2026;26/8/2026;;
00314 CASA Olavarría;1002543;ZSTO;FILTRO AIRE X UN;JOHN DEERE;AT191102;MM01;26;V1;1;2;F04;FILTRO AIRE;FILTROS;CABINA J.D. 544K;KG;SIN PEDIDO;;;;;;;;;;
00314 CASA Olavarría;1002606;ZSTO;FILTRO COMBUSTIBLE X UN;JOHN DEERE;AT365869;MM01;26;V1;1;3;F06;FILTRO COMBUSTIBLE;FILTROS;JD 850J;KG;SIN PEDIDO;;;;;;;;;;
00341 Mov. Suelos San Luis;1002709;ZSTO;CARTUCHO PARA FILTRO AIRE;VOLKSWAGEN // FLEETGUARD // // MONZA //;2S0129620CA // AF26211 // AB3406 // FLI9141 // CA5626;MM01;35;V1;2;3;F01;CARTUCHO;FILTROS;WV;KG;ZPAS;1000094369;DESPACHADO;;;14/9/2026;16/9/2026;15/9/2026;26/8/2026;;
00314 CASA Olavarría;1002610;ZSTO;FILTRO AIRE SECUNDARIO;JOHN DEERE;AT175224;MM01;26;V1;1;3;F04;FILTRO AIRE;FILTROS;JD 850J;KG;SIN PEDIDO;;;;;;;;;;
00314 CASA Olavarría;1002628;ZSTO;FILTRO AIRE CABINA XUN;JOHN DEERE;AT307501;MM01;26;V1;1;2;F05;FILTRO AIRE CABINA;FILTROS;JD 544K;KG;SIN PEDIDO;;;;;;;;;;
00314 CASA Olavarría;1002685;ZSTO;ARE ACONDICIONADO CABINA;VOLKSWAGEN // No aplica // // // DONALDSON;2R2819429 // MP5582 // TAC5427 // MAH312 // P750019;MM01;26;V1;1;2;F10;FILTRO HVAC;FILTROS;VW 31-320-19360;KG;SIN PEDIDO;;;;;;;;;;
00314 CASA Olavarría;1002708;ZSTO;FILTRO AIRE X UN;VOLKSWAGEN // FLEETGUARD // VOLKSWAGEN // // VOLKSWAGEN //;2S0129620B // AF2599700 // FLI6120 // S3003 // CA-5626 // P618941;MM01;26;V1;1;3;F04;FILTRO AIRE;FILTROS;VW;KG;SIN PEDIDO;;;;;;;;;;
00341 Mov. Suelos San Luis;1003341;ZSTO;FILTRO SECADOR AIRE;WABCO // FLEETGUARD // // HENGST //;4324100202 // AF27817 // P781466 // T250W // TB1374X;MM01;35;V1;1;2;F11;FILTRO SECADOR DE;FILTROS;VW (WACO);KG;ZPAS;1000094369;DESPACHADO;;;14/9/2026;16/9/2026;15/9/2026;26/8/2026;;
00314 CASA Olavarría;1002709;ZSTO;CARTUCHO PARA FILTRO AIRE;VOLKSWAGEN // FLEETGUARD // // MONZA //;2S0129620CA // AF26211 // AB3406 // FLI9141 // CA5626;MM01;26;V1;1;3;F01;CARTUCHO;FILTROS;WV;KG;SIN PEDIDO;;;;;;;;;;
00314 CASA Olavarría;1002771;ZSTO;FILTRO DE ACEITE;CATERPILLA;1R1807;MM01;26;V1;2;5;F03;FILTRO ACEITE;FILTROS;CAT;KG;SIN PEDIDO;;;;;;;;;;
00314 CASA Olavarría;1002773;ZSTO;FILTRO AIRE WA600;KOMATSU HO // // // // // DONALDSON;6001856100 // AF25627 + AF25468 // KA160164 // X770806 // P608885 + P777869 // P777869+P777868 KIT;MM01;26;V1;5;9;F04;FILTRO AIRE;FILTROS;155AX6,PC350LC8,375;KG;SIN PEDIDO;;;;;;;;;;
00314 CASA Olavarría;1002837;ZSTO;FILTRO COMBUSTIBLE;TOYOTA ARG // TOYOTA ARG;233900L04100 // 233920L0100;MM01;26;V1;1;3;F06;FILTRO COMBUSTIBLE;FILTROS;PARA HILUX 3.00;KG;SIN PEDIDO;;;;;;;;;;
00341 Mov. Suelos San Luis;1003102;ZSTO;FILTRO DE COMBUSTIBLE;VOLKSWAGEN // HENGST // VOLKSWAGEN;2V5201512 // E422KP D98 // FF 5629;MM01;35;V1;2;3;F06;FILTRO COMBUSTIBLE;FILTROS;FILTROS;KG;ZPAS;1000094369;DESPACHADO;;;14/9/2026;16/9/2026;15/9/2026;26/8/2026;;
00314 CASA Olavarría;1002838;ZSTO;FILTRO ACEITE;TOYOTA ARG // TOYOTA ARG;909152000300 // 90915YZZD2;MM01;26;V1;2;5;F03;FILTRO ACEITE;FILTROS;PARA HILUX;KG;SIN PEDIDO;;;;;;;;;;
00314 CASA Olavarría;1002899;ZSTO;FILTRO COMBUSTIBLE;FLEETGUARD // DONALDSON;FF5488 // P550774;MM01;26;V1;1;2;F06;FILTRO COMBUSTIBLE;FILTROS;VW 31-320-19360;KG;SIN PEDIDO;;;;;;;;;;
00314 CASA Olavarría;1002935;ZSTO;FILTRO AIRE COMBUSTIBLE;VOLVO CONS // DONALDSON;VOE11172907 // P528708;MM01;26;V1;10;18;F04;FILTRO AIRE;FILTROS;EC 480D - L220G - PL 3005D;KG;SIN PEDIDO;;;;;;;;;;
00314 CASA Olavarría;1002940;ZSTO;FILTRO HIDRAULICO RESPIRADERO;VOLVO CONS;SA823002830;MM01;26;V1;1;2;F07;FILTRO FLUIDO HIDR;FILTROS;VOLVO EC 480D;KG;SIN PEDIDO;;;;;;;;;;
00314 CASA Olavarría;1002972;ZSTO;FILT MOT VENT;CATERPILLA;2226713;MM01;26;V1;3;6;F04;FILTRO AIRE;FILTROS;CAT 988;KG;SIN PEDIDO;;;;;;;;;;
00314 CASA Olavarría;1002976;ZSTO;FILTRO DE AIRE PRIMARIO;CATERPILLA;1063969;MM01;26;V1;3;6;F04;FILTRO AIRE;FILTROS;CAT 988;KG;SIN PEDIDO;;;;;;;;;;
00341 Mov. Suelos San Luis;1001804;ZSTO;GRASA LITIO LIMIT MO-2 (NEGRA) X 180 KG;YPF S.A. // YPF S.A. //;LIMIT MO-2 // 628793 // GADUS S2 V220;MM01;35;V1;2;3;L03;GRASAS;LUBRICANTES;GRASA;KG;ZPAS;1000094369;DESPACHADO;;;14/9/2026;16/9/2026;15/9/2026;26/8/2026;;
00314 CASA Olavarría;1003026;ZSTO;FILTRO SEPARADOR DE AGUA;FLEETGUARD // FLEETGUARD // DONALDSON;FS19652 // FS1280 // P551329;MM01;26;V1;1;3;F13;FILTRO TRAMPA DE A;FILTROS;ONAN C66D5;KG;SIN PEDIDO;;;;;;;;;;
00314 CASA Olavarría;1003047;ZSTO;FILTRO AIRE CABINA SECUNDARIO;VOLVO CONS;VOE11703980;MM01;26;V1;1;3;F05;FILTRO AIRE CABINA;FILTROS;CARGADORA VOLVO L220G;KG;SIN PEDIDO;;;;;;;;;;
00314 CASA Olavarría;1003050;ZSTO;FILTRO DE TRANSMISION;VOLVO CONS // No aplica;VOE11037868 // 174181113;MM01;26;V1;1;3;F03;FILTRO ACEITE;FILTROS;VOLVO;KG;SIN PEDIDO;;;;;;;;;;
00341 Mov. Suelos San Luis;1017037;ZSSD;MARCADOR P PIZARRA VERDE;;MÚLT. 10U;MR01;341;V1;3;5;C17;INSUMOS A;LIBRERIA;ESCRITURA;KG;ZPAN;1000094373;SIN TRATAMIENTO;;;;;15/9/2026;26/8/2026;;10158571
00314 CASA Olavarría;1003058;ZSTO;KIT FILTRO COMBUSTIBLE COMPLETO;JOHN DEERE // JOHN DEERE;RE525523 // RE52090652323;MM01;26;V1;1;3;F06;FILTRO COMBUSTIBLE;FILTROS;MOTONIVELADORA JD 770 G;KG;SIN PEDIDO;;;;;;;;;;
00314 CASA Olavarría;1003060;ZSTO;FILTRO ACEITE;VOLKSWAGEN // VOLKSWAGEN;03L115562 // L3L115562;MM01;26;V1;1;2;F03;FILTRO ACEITE;FILTROS;VW AMAROK;KG;SIN PEDIDO;;;;;;;;;;
00314 CASA Olavarría;1003061;ZSTO;FILTRO AIRE;VOLKSWAGEN;2H0129620A;MM01;26;V1;1;2;F04;FILTRO AIRE;FILTROS;VW AMAROK;KG;SIN PEDIDO;;;;;;;;;;
00314 CASA Olavarría;1003062;ZSTO;FILTRO COMBUSTIBLE VW AMAROK;VOLKSWAGEN // VOLKSWAGEN;2H0127401D // 2HO127401G;MM01;26;V1;1;2;F06;FILTRO COMBUSTIBLE;FILTROS;VW AMAROK;KG;SIN PEDIDO;;;;;;;;;;
00314 CASA Olavarría;1003063;ZSTO;FILTRO HABITACULO;VOLKSWAGEN // // //;7H0819631A // 7EO-819-631 // CB0575 // 7E0819631;MM01;26;V1;1;2;F05;FILTRO AIRE CABINA;FILTROS;VW AMAROK;KG;SIN PEDIDO;;;;;;;;;;
00314 CASA Olavarría;1003094;ZSTO;FILTRO DE DRENAJE BOMBA;VOLVO CONS // No aplica //;21392404 // 7632141111 // 20580233;MM01;26;V1;1;3;F07;FILTRO FLUIDO HIDR;FILTROS;VOLVO 330 // VOLVO FM460;KG;SIN PEDIDO;;;;;;;;;;
00314 CASA Olavarría;1003126;ZSTO;FILTRO SECADO DE AIRE;VOLVO CONS // VOLVO CONS // VOLVO CONS //;21412848 // 22223804 // 23260134 // 23690622;MM01;26;V1;2;5;F11;FILTRO SECADOR DE;FILTROS;VOLVO FM460;KG;SIN PEDIDO;;;;;;;;;;
00314 CASA Olavarría;1003144;ZSTO;FILTRO HIDRAULICO PILOTO;VOLVO CONS;14711981;MM01;26;V1;1;2;F07;FILTRO FLUIDO HIDR;FILTROS;VOLVO EC300D;KG;SIN PEDIDO;;;;;;;;;;
00314 CASA Olavarría;1003172;ZSTO;Filtro Aceite Motor;FLEETGUARD // DONALDSON // DONALDSON;LF16011 // P550335 // P551132;MM01;26;V1;1;3;F03;FILTRO ACEITE;FILTROS;CAT 950;KG;SIN PEDIDO;;;;;;;;;;
00314 CASA Olavarría;1003177;ZSTO;FILTRO TRAMPA DE AGUA;CATERPILLA;4238524;MM01;26;V1;12;21;F13;FILTRO TRAMPA DE A;FILTROS;CAT 950;KG;SIN PEDIDO;;;;;;;;;;
00314 CASA Olavarría;1003196;ZSTO;FILTRO SEPARADOR;MANN // DONALDSON;LB9622 // P783499;MM01;26;V1;1;2;F12;FILTRO SEPARADOR;FILTROS;IS VENTEC 6TK/2TB/AY/TECEL/11,;KG;SIN PEDIDO;;;;;;;;;;
00314 CASA Olavarría;1003199;ZSTO;FILTRO AIRE;DONALDSON;C065003;MM01;26;V1;1;2;F04;FILTRO AIRE;FILTROS;IS VENTEC 6TK/2TB/AY/TECEL/11,;KG;SIN PEDIDO;;;;;;;;;;
00314 CASA Olavarría;1003219;ZSTO;FILTRO VENTILACION DE CARTER;CATERPILLA;2735711;MM01;26;V1;1;2;F04;FILTRO AIRE;FILTROS;CAT 815 K;KG;SIN PEDIDO;;;;;;;;;;
00314 CASA Olavarría;1003237;ZSTO;FILTRO DE COMBUSTIBLE;CATERPILLA;5000480;MM01;26;V1;2;5;F06;FILTRO COMBUSTIBLE;FILTROS;CAT 140K;KG;SIN PEDIDO;;;;;;;;;;
00314 CASA Olavarría;1003290;ZSTO;FILTRO CENTRAL HIDRAULICO;DONALDSON //;P164174 // P164166;MM01;26;V1;5;9;F07;FILTRO FLUIDO HIDR;FILTROS;PLATAFORMA DE MANTENIMIENTO VE;KG;SIN PEDIDO;;;;;;;;;;
00314 CASA Olavarría;1003301;ZSTO;FILTRO DE TANQUE;VOLVO CONS // VOLVO CONS;21516229 // 23381562;MM01;26;V1;2;5;F06;FILTRO COMBUSTIBLE;FILTROS;VOLVO 460 FMX;KG;SIN PEDIDO;;;;;;;;;;
00314 CASA Olavarría;1003360;ZSTO;FILTRO A A CABINA EXTERIOR;CATERPILLA //;2902287 // 5019254;MM01;26;V1;1;2;F10;FILTRO HVAC;FILTROS;CAT 950;KG;SIN PEDIDO;;;;;;;;;;
00314 CASA Olavarría;1003381;ZSTO;PICO AUTOMATICODEDESPACHDECOMBUSTIBLE3 4;;;MM01;26;RE;1;2;C13;FERRETERÍA MM01;REPUESTOS;?;KG;SIN PEDIDO;;;;;;;;;;
00314 CASA Olavarría;1003428;ZSTO;TENSOR CORREA AUXILIAR;TOYOTA ARG // TOYOTA ARG;166200L02000K // 1662030031;MM01;26;RE;1;2;C29;FILTROS/RESPUESTOS;REPUESTOS;HILUX;KG;SIN PEDIDO;;;;;;;;;;
00341 Mov. Suelos San Luis;1002491;ZSTO;FILTRO ACEITE MOTOR;CATERPILLA // No aplica;2698325 // 4621171;MM01;35;V1;2;3;F03;FILTRO ACEITE;FILTROS;CAT 938H;KG;ZPAS;1000094393;DESPACHADO;;;8/9/2026;16/9/2026;15/9/2026;26/8/2026;;
00314 CASA Olavarría;1003429;ZSTO;POLEA CORREA AUXILIAR;TOYOTA ARG;884400K172;MM01;26;RE;1;2;C29;FILTROS/RESPUESTOS;REPUESTOS;HILUX 3.0 2010;KG;SIN PEDIDO;;;;;;;;;;
00314 CASA Olavarría;1003433;ZSTO;BOMBA DE AGUA;TOYOTA ARG;16100-69357;MM01;26;RE;1;2;C29;FILTROS/RESPUESTOS;REPUESTOS;HILUX 3.0 2010;KG;SIN PEDIDO;;;;;;;;;;
00341 Mov. Suelos San Luis;1003174;ZSTO;FILTRO DE AIRE SECUNDARIO;CATERPILLA //;3862097 // 5771433;MM01;35;V1;2;3;F04;FILTRO AIRE;FILTROS;CAT 950;KG;ZPAS;1000094393;SIN TRATAMIENTO;;;;;15/9/2026;26/8/2026;;
00314 CASA Olavarría;1003456;ZSTO;INTERRUPTOR;CNH INDUST;41200567FI;MM01;26;RE;1;2;C29;FILTROS/RESPUESTOS;REPUESTOS;LUZ INTER. E TECH TRAKKER;KG;SIN PEDIDO;;;;;;;;;;
00314 CASA Olavarría;1003460;ZSTO;LLAVE TECLA BALIZA;CNH;500388626;MM01;26;RE;1;2;C29;FILTROS/RESPUESTOS;REPUESTOS;IVECO TRAKKER T380;KG;SIN PEDIDO;;;;;;;;;;
00341 Mov. Suelos San Luis;1003173;ZSTO;FILTRO DE AIRE PRIMARIO;CATERPILLA;3370790;MM01;35;V1;2;3;F04;FILTRO AIRE;FILTROS;CAT 950;KG;ZPAS;1000094393;DESPACHADO PARCIAL;;;8/9/2026;16/9/2026;15/9/2026;26/8/2026;;
00314 CASA Olavarría;1003461;ZSTO;TUBO GOMA INFERIOR RADIADOR;CNH INDUST //;41270112 // 5801693272;MM01;26;RE;1;2;C29;FILTROS/RESPUESTOS;REPUESTOS;IVECO TRAKKER T380;KG;SIN PEDIDO;;;;;;;;;;
00314 CASA Olavarría;1003470;ZSTO;VALVULA OLEOHIDRAULICA N 1799 XUN;;;MM01;26;RE;1;2;C29;FILTROS/RESPUESTOS;REPUESTOS;CAJA VOLCADORA;KG;SIN PEDIDO;;;;;;;;;;
00341 Mov. Suelos San Luis;1003175;ZSTO;FILTRO DE COMBUSTIBLE;CATERPILLA;3608960;MM01;35;V1;2;4;F06;FILTRO COMBUSTIBLE;FILTROS;CAT 950;KG;ZPAS;1000094393;DESPACHADO;;;8/9/2026;16/9/2026;15/9/2026;26/8/2026;;
00314 CASA Olavarría;1003502;ZSTO;RODAMIENTO BLINDADO DE VOLANTE;SKF;63052RS1;MM01;26;RE;1;2;C29;FILTROS/RESPUESTOS;REPUESTOS;SKF;KG;SIN PEDIDO;;;;;;;;;;
00314 CASA Olavarría;1003504;ZSTO;TOMA FUERZA NEUM. MULT. C PLATO;TER APLICA;ZF16s1301650;MM01;26;RE;1;2;C29;FILTROS/RESPUESTOS;REPUESTOS;VW 31-320;KG;SIN PEDIDO;;;;;;;;;;
00341 Mov. Suelos San Luis;1003177;ZSTO;FILTRO TRAMPA DE AGUA;CATERPILLA;4238524;MM01;35;V1;1;2;F13;FILTRO TRAMPA DE A;FILTROS;CAT 950;KG;ZPAS;1000094393;SIN TRATAMIENTO;;;;;15/9/2026;26/8/2026;;
00314 CASA Olavarría;1003511;ZSTO;EXTREMO DE DIRECCION;CNH;4833829;MM01;26;RE;1;2;C29;FILTROS/RESPUESTOS;REPUESTOS;IVECO TRACKKER;KG;SIN PEDIDO;;;;;;;;;;
00314 CASA Olavarría;1003512;ZSTO;EXTREMO DE DIRECCION;CNH;4833830;MM01;26;RE;1;2;C29;FILTROS/RESPUESTOS;REPUESTOS;IVECO TRACKKER;KG;SIN PEDIDO;;;;;;;;;;
00341 Mov. Suelos San Luis;1003360;ZSTO;FILTRO A A CABINA EXTERIOR;CATERPILLA //;2902287 // 5019254;MM01;35;V1;1;2;F10;FILTRO HVAC;FILTROS;CAT 950;KG;ZPAS;1000094393;SIN TRATAMIENTO;;;;;15/9/2026;26/8/2026;;
00314 CASA Olavarría;1003563;ZSTO;CORREA A A;CNH;504129824;MM01;26;RE;1;2;C29;FILTROS/RESPUESTOS;REPUESTOS;TRAKKER 380 Y 420 Y STRALIS;KG;SIN PEDIDO;;;;;;;;;;
00314 CASA Olavarría;1003565;ZSTO;RETEN CORTECO;CORTECO //;12011379B // 40000690;MM01;26;RE;1;2;C29;FILTROS/RESPUESTOS;REPUESTOS;IVECO TRAKKER T380;KG;SIN PEDIDO;;;;;;;;;;
00341 Mov. Suelos San Luis;1003176;ZSTO;FILTRO A A CABINA INTERIOR;CATERPILLA //;2902288 // 5019255;MM01;35;V1;1;2;F10;FILTRO HVAC;FILTROS;CAT 950;KG;ZPAS;1000094393;DESPACHADO;;;8/9/2026;16/9/2026;15/9/2026;26/8/2026;;
00314 CASA Olavarría;1003661;ZSTO;O-RING (G);DAEMO ENGI;0070010500G;MM01;26;RE;1;2;C29;FILTROS/RESPUESTOS;REPUESTOS;DAEMO B180, B210, B250, B300;KG;SIN PEDIDO;;;;;;;;;;
00314 CASA Olavarría;1003665;ZSTO;WASHER NORD LOCK;DAEMO ENGI;015E1024000;MM01;26;RE;1;2;C29;FILTROS/RESPUESTOS;REPUESTOS;DAEMO B180, B210, B250, B300;KG;SIN PEDIDO;;;;;;;;;;
00314 CASA Olavarría;1003678;ZSTO;CHISEL (W P);DAEMO ENGI;B36312130000;MM01;26;V1;1;2;C29;FILTROS/RESPUESTOS;REPUESTOS;DAEMO 300;KG;ZPAN;1000090374;ADJUDICADO;4500130975;;;;25/9/2026;17/6/2026;C29;10152584
00314 CASA Olavarría;1003680;ZSTO;DAMPERSIDE;DAEMO ENGI;B00081221;MM01;26;RE;1;2;C29;FILTROS/RESPUESTOS;REPUESTOS;DAEMO B250, B300;KG;SIN PEDIDO;;;;;;;;;;
00314 CASA Olavarría;1003689;ZSTO;COVERFRONT;DAEMO ENGI;B30610040;MM01;26;RE;1;2;C29;FILTROS/RESPUESTOS;REPUESTOS;DAEMO B300;KG;SIN PEDIDO;;;;;;;;;;
00314 CASA Olavarría;1003692;ZSTO;HELI COLI;DAEMO ENGI;019B10300270;MM01;26;RE;1;2;C29;FILTROS/RESPUESTOS;REPUESTOS;DAEMO B300;KG;SIN PEDIDO;;;;;;;;;;
00314 CASA Olavarría;1003707;ZSTO;CORREA;CNH // No aplica;504049426 // 5802113881;MM01;26;RE;1;2;C29;FILTROS/RESPUESTOS;REPUESTOS;POLY V 12pk1835;KG;SIN PEDIDO;;;;;;;;;;
00314 CASA Olavarría;1003742;ZSTO;COUMPLING SCREW;DAEMO ENGI;00605A0000002;MM01;26;RE;1;2;C29;FILTROS/RESPUESTOS;REPUESTOS;DAEMO B-Series;KG;SIN PEDIDO;;;;;;;;;;
00314 CASA Olavarría;1003751;ZSTO;CORREA;KOMATSU HO;6245-61-3360;MM01;26;RE;1;2;C29;FILTROS/RESPUESTOS;REPUESTOS;D465-7EO;KG;SIN PEDIDO;;;;;;;;;;
00314 CASA Olavarría;1003773;ZSTO;SENSOR;KOMATSU HO;ND499000-6160;MM01;26;RE;1;2;C29;FILTROS/RESPUESTOS;REPUESTOS;D465-7EO;KG;SIN PEDIDO;;;;;;;;;;
00314 CASA Olavarría;1003786;ZSTO;SENSOR;KOMATSU HO;566-88-66141;MM01;26;RE;1;2;C29;FILTROS/RESPUESTOS;REPUESTOS;D465-7EO;KG;SIN PEDIDO;;;;;;;;;;
00314 CASA Olavarría;1003814;ZSTO;LAMPARA;KOMATSU HO;561-86-87410;MM01;26;RE;1;2;C29;FILTROS/RESPUESTOS;REPUESTOS;D465-7EO;KG;SIN PEDIDO;;;;;;;;;;
00314 CASA Olavarría;1003824;ZSTO;ESPEJO;KOMATSU HO;23W-P86-2890;MM01;26;RE;1;2;C29;FILTROS/RESPUESTOS;REPUESTOS;D465-7EO;KG;SIN PEDIDO;;;;;;;;;;
00314 CASA Olavarría;1003825;ZSTO;VIDRIO DE CABINA;KOMATSU HO;581-06-16431;MM01;26;RE;1;2;C29;FILTROS/RESPUESTOS;REPUESTOS;D465-7EO;KG;SIN PEDIDO;;;;;;;;;;
00314 CASA Olavarría;1003832;ZSTO;RETEN MAZA TRASERA (SEC) TRAKKER 380;CNH;42127773;MM01;26;RE;1;2;C29;FILTROS/RESPUESTOS;REPUESTOS;IVECO;KG;SIN PEDIDO;;;;;;;;;;
00314 CASA Olavarría;1003865;ZSTO;GRAMPA DE ELASTICO;CNH;42050261;MM01;26;V1;3;6;C29;FILTROS/RESPUESTOS;REPUESTOS;IVECO TRAKKER T380;KG;SIN PEDIDO;;;;;;;;;;
00314 CASA Olavarría;1003866;ZSTO;TUERCA GRAMPA ELASTICO;CNH // CNH;41225645 // 42035579;MM01;26;V1;6;12;C29;FILTROS/RESPUESTOS;REPUESTOS;IVECO TRAKKER T380;KG;SIN PEDIDO;;;;;;;;;;
00314 CASA Olavarría;1003869;ZSTO;BULON CENTRO ELASTICO TRAKKER 380T;CNH;42122596;MM01;26;V1;1;3;C29;FILTROS/RESPUESTOS;REPUESTOS;IVECO TRAKKER T380;KG;SIN PEDIDO;;;;;;;;;;
00341 Mov. Suelos San Luis;1001790;ZSTO;ACEITE 15W40  X 205L;YPF S.A. // YPF S.A. // EXXON MOBI // CATERPILLA // SHELL PLC. // VOLVO MAQU;EXTRAVIDA XV300 // 189292 // DELVAC MX 15W40 APICI4 // DEO 15W40 // R4 15W40 APICI4 ACEAE5E7 // VDS3;MM01;35;V1;6;8;L01;ACEITES;LUBRICANTES;ACEITES;KG;ZPAS;1000094669;DESPACHADO PARCIAL;;;14/9/2026;16/9/2026;18/9/2026;31/8/2026;;
00314 CASA Olavarría;1004030;ZSTO;LAMPARA 24V-5W S CULOTE XUN;;PHILIPS-OSRAM;MM01;26;V1;13;23;C29;FILTROS/RESPUESTOS;REPUESTOS;ELECTRICIDAD AUTOMOTOR;KG;SIN PEDIDO;;;;;;;;;;
00314 CASA Olavarría;1004070;ZSTO;HOJA DE LIMPIA PARABRISA;VOLVO CONS;VOE11205856;MM01;26;RE;1;2;C29;FILTROS/RESPUESTOS;REPUESTOS;VOLVO EC 480D;KG;SIN PEDIDO;;;;;;;;;;
00341 Mov. Suelos San Luis;1002436;ZSTO;TRABA UÑA BALDE - 55/65R;VOLVO CONS;VOE11417318;MM01;35;V1;24;30;G04;UÑAS;DESGASTE;VOLVO;KG;ZPAS;1000094669;DESPACHADO;;;14/9/2026;16/9/2026;18/9/2026;31/8/2026;;
00314 CASA Olavarría;1004071;ZSTO;TERMOSTATO;VOLVO CONS;VOE21412639;MM01;26;RE;1;2;C29;FILTROS/RESPUESTOS;REPUESTOS;VOLVO EC 480D;KG;SIN PEDIDO;;;;;;;;;;
00314 CASA Olavarría;1004242;ZSTO;FUNDA BUTACA-BUTACA CUERINA NEGRA;;PARA MODELO TOYOTA HILUX 2019/2024;MM01;26;RE;1;2;C29;FILTROS/RESPUESTOS;REPUESTOS;HILUX 2019 // TOYOTA HILUX;KG;SIN PEDIDO;;;;;;;;;;
00341 Mov. Suelos San Luis;1003468;ZSTO;FARO VERDE AMBAR x UN - B070F75;BAIML;6156342;MM01;35;V1;4;6;C29;FILTROS/RESPUESTOS;REPUESTOS;CAMIONES;KG;ZPAS;1000094669;DESPACHADO;;;14/9/2026;16/9/2026;18/9/2026;31/8/2026;;
00314 CASA Olavarría;1004266;ZSTO;KIT EMBRAGUE;CNH // CNH;5801291663 // 500055485;MM01;26;RE;1;2;C29;FILTROS/RESPUESTOS;REPUESTOS;IVECO TRAKKER T380;KG;SIN PEDIDO;;;;;;;;;;
00314 CASA Olavarría;1004282;ZSTO;KIT SELLO MARTILLO;DAEMO ENGI;B36680041;MM01;26;RE;1;2;C29;FILTROS/RESPUESTOS;REPUESTOS;DAEMO B300;KG;SIN PEDIDO;;;;;;;;;;
00341 Mov. Suelos San Luis;1016074;ZSTO;UÑA BALDE HEAVY DUTY  - 66ARXE;VOLVO CONS;VOE14732402;MM01;35;V1;7;9;G04;UÑAS;DESGASTE;VOLVO EC 480D;KG;ZPAS;1000094669;DESPACHADO PARCIAL;;;8/9/2026;16/9/2026;18/9/2026;31/8/2026;;
00314 CASA Olavarría;1004313;ZSTO;ACEITE TRANSMISSION OIL AT102 X 200LTS;VOLVO CONS;VOE15143389 / 97342;MM01;26;V1;1;3;C29;FILTROS/RESPUESTOS;LUBRICANTES;LUBRICANTES;KG;SIN PEDIDO;;;;;;;;;;
00314 CASA Olavarría;1004317;ZSTO;ACEITE CAJA DE CAMBIOS x 205LTS;VOLVO CONS // TOTAL //;97307//85136284 // TRAXIUM GEAR 8 75W90 // 97315;MM01;26;V1;1;2;L01;ACEITES;LUBRICANTES;VOLVO;KG;SIN PEDIDO;;;;;;;;;;
00341 Mov. Suelos San Luis;1003373;ZSTO;FILTROAIREACONDCABINAEXTERIORINTERIOR;VOLVO CONS;21758906;MM01;35;V1;3;5;F10;FILTRO HVAC;FILTROS;VOLVO FM460;KG;ZPAS;1000094669;SIN TRATAMIENTO;;;;;18/9/2026;31/8/2026;;
00314 CASA Olavarría;1004459;ZSTO;EXTREMO DIRECCION IZQ/DER XUN;CATERPILLA;1313736;MM01;26;RE;1;2;C29;FILTROS/RESPUESTOS;REPUESTOS;CAT;KG;SIN PEDIDO;;;;;;;;;;
00314 CASA Olavarría;1004561;ZSTO;CUBIERTA 24.00 R35;;MAXAM MX MS401 212/B L B S3 // BRIDGESTONE JAPON VRLS E4 TL;MM01;26;V1;8;15;C50;CUBIERTAS MINERIA;CUBIERTAS;CAT 775G // CUBIERTAS;KG;SIN PEDIDO;;;;;;;;;;
00314 CASA Olavarría;1004586;ZSTO;BROCA T51X4 F.F. BOT. ESF. ROCKMORE XUN;EPIROC JAP // EPIROC JAP // EPIROC JAP;90029400 LINEA MEDIUM // 5697000666 LÍNEA ECONOM // 90029424 LÍNEA PREMIUM;MM01;26;V1;5;9;C29;FILTROS/RESPUESTOS;DESGASTE;?;KG;SIN PEDIDO;;;;;;;;;;
00314 CASA Olavarría;1004605;ZSTO;CORTADOR CENTRAL;;2571782;MM01;26;RE;1;2;C29;FILTROS/RESPUESTOS;DESGASTE;DESGASTE;KG;SIN PEDIDO;;;;;;;;;;
00314 CASA Olavarría;1013372;ZSCD;1141452030-JUNTA;;;MM01;26;RE;1;2;C29;FILTROS/RESPUESTOS;REPUESTOS;HITACHI 870;KG;SIN PEDIDO;;;;;;;;;;
00314 CASA Olavarría;1013409;ZSCD;21296849 SENSORES ABS DEL;;;MM01;26;RE;1;2;C29;FILTROS/RESPUESTOS;REPUESTOS;VOLVO FM460-L260H;KG;SIN PEDIDO;;;;;;;;;;
00314 CASA Olavarría;1013476;ZSCD;4653861-JUEGO DE RETENES;;;MM01;26;RE;1;2;C29;FILTROS/RESPUESTOS;REPUESTOS;HITACHI 870;KG;SIN PEDIDO;;;;;;;;;;
00314 CASA Olavarría;1013478;ZSCD;4709228-COMPRESOR;;;MM01;26;RE;1;2;C29;FILTROS/RESPUESTOS;REPUESTOS;HITACHI 870;KG;SIN PEDIDO;;;;;;;;;;
00314 CASA Olavarría;1013528;ZSCD;CONTROL FYA00016095 (EX FYA00016270) XUN;;;MM01;26;RE;1;2;C29;FILTROS/RESPUESTOS;REPUESTOS;HITACHI 870;KG;SIN PEDIDO;;;;;;;;;;
00314 CASA Olavarría;1013540;ZSCD;INTERRUPTOR-1831610330;;;MM01;26;RE;1;2;C29;FILTROS/RESPUESTOS;REPUESTOS;HITACHI 870;KG;SIN PEDIDO;;;;;;;;;;
00314 CASA Olavarría;1013541;ZSCD;INTERRUPTOR-4477373;;;MM01;26;RE;1;2;C29;FILTROS/RESPUESTOS;REPUESTOS;HITACHI 870;KG;SIN PEDIDO;;;;;;;;;;
00314 CASA Olavarría;1013543;ZSCD;JUNTA-1137430361;;;MM01;26;RE;1;2;C29;FILTROS/RESPUESTOS;REPUESTOS;HITACHI 870;KG;SIN PEDIDO;;;;;;;;;;
00314 CASA Olavarría;1013544;ZSCD;JUNTA-1141451870;;;MM01;26;RE;1;2;C29;FILTROS/RESPUESTOS;REPUESTOS;HITACHI 870;KG;SIN PEDIDO;;;;;;;;;;
00314 CASA Olavarría;1013547;ZSCD;RELE-1825530391;;;MM01;26;RE;1;2;C29;FILTROS/RESPUESTOS;REPUESTOS;HITACHI 870;KG;SIN PEDIDO;;;;;;;;;;
00314 CASA Olavarría;1013550;ZSCD;RELE-8943795431;;;MM01;26;RE;1;2;C29;FILTROS/RESPUESTOS;REPUESTOS;HITACHI 870;KG;SIN PEDIDO;;;;;;;;;;
00314 CASA Olavarría;1013552;ZSCD;SENSOR-1815107131;;;MM01;26;RE;1;2;C29;FILTROS/RESPUESTOS;REPUESTOS;HITACHI 870;KG;SIN PEDIDO;;;;;;;;;;
00314 CASA Olavarría;1013559;ZSCD;UNIDAD DE CONTROL BASICO-FYA00011104;;;MM01;26;RE;1;2;C29;FILTROS/RESPUESTOS;REPUESTOS;KOMATSU HD465-7E1;KG;SIN PEDIDO;;;;;;;;;;
00314 CASA Olavarría;1013560;ZSCD;VALVE,RELIEF -4469380;;;MM01;26;RE;1;2;C29;FILTROS/RESPUESTOS;REPUESTOS;HITACHI 870;KG;SIN PEDIDO;;;;;;;;;;
00341 Mov. Suelos San Luis;1001812;ZSTO;REFRIGERANTE ANTICONG. X20 LT;YPF S.A. // YPF S.A.;KRIOX 3 INORGANICO // 185280;MM01;35;V1;3;5;L02;FLUIDOS;LUBRICANTES;ADITIVOS;KG;ZPAS;1000094929;SIN TRATAMIENTO;;;;;24/9/2026;4/9/2026;;
00314 CASA Olavarría;1013578;ZSSD;FUSIBLE PLANO 10AMP. XUN;;;MM01;26;V1;8;15;C29;FILTROS/RESPUESTOS;REPUESTOS;ELECTRICIDAD AUTOMOTOR;KG;SIN PEDIDO;;;;;;;;;;
00314 CASA Olavarría;1013583;ZSSD;MINIFUSIBLE PLANO 15 AMP. XUN;;;MM01;26;V1;8;15;C29;FILTROS/RESPUESTOS;REPUESTOS;ELECTRICIDAD AUTOMOTOR;KG;SIN PEDIDO;;;;;;;;;;
00314 CASA Olavarría;1015924;ZSCD;1U-9891 ADITIVO HIDR. CAT X 1LT;;;MM01;26;V1;10;18;C29;FILTROS/RESPUESTOS;LUBRICANTES;ADITIVO;KG;SIN PEDIDO;;;;;;;;;;
00314 CASA Olavarría;1016074;ZSTO;UÑA BALDE HEAVY DUTY  - 66ARXE;VOLVO CONS;VOE14732402;MM01;26;V1;17;30;G04;UÑAS;DESGASTE;VOLVO EC 480D;KG;SIN PEDIDO;;;;;;;;;;
00314 CASA Olavarría;1016078;ZSTO;CORREA MOTOR;CATERPILLA;2198689;MM01;26;RE;1;2;C29;FILTROS/RESPUESTOS;CORREAS;VOLVO EC 480D;KG;SIN PEDIDO;;;;;;;;;;
00314 CASA Olavarría;1016098;ZSTO;FILTRO DE AIRE PRIMARIO;VOLVO MAQU;17500260;MM01;26;V1;1;3;F04;FILTRO AIRE;FILTROS;VOLVO EC 480D;KG;SIN PEDIDO;;;;;;;;;;
00314 CASA Olavarría;1016099;ZSTO;FILTRO DE AIRE SECUNDARIO;VOLVO MAQU;17500263;MM01;26;V1;1;3;F04;FILTRO AIRE;FILTROS;VOLVO EC 480D;KG;SIN PEDIDO;;;;;;;;;;
00314 CASA Olavarría;1016263;ZSTO;Filtro Aire Unidad Compresora  Interior;ATLAS COPC;2653 3762 65;MM01;26;V1;1;2;F04;FILTRO AIRE;FILTROS;PERFORADORA ATLAS T45-12;KG;SIN PEDIDO;;;;;;;;;;
00341 Mov. Suelos San Luis;1003124;ZSTO;FILTRO DE TRANSMISION CAJA DE CAMBIOS;VOLVO CONS;21479106;MM01;35;V1;1;3;F03;FILTRO ACEITE;FILTROS;VOLVO 330;KG;ZPAS;1000095014;DESPACHADO;;;14/9/2026;16/9/2026;25/9/2026;7/9/2026;;
00314 CASA Olavarría;1016436;ZSTO;Bomba de Direccion;VOLVO MAQU;24060142000;MM01;26;RE;1;2;C29;FILTROS/RESPUESTOS;REPUESTOS;VOLVO FM460;KG;SIN PEDIDO;;;;;;;;;;
00314 CASA Olavarría;1016449;ZSTO;Filtro Aceite Motor;VOLKSWAGEN //;2T0115561 // LF9009;MM01;26;V1;1;2;F03;FILTRO ACEITE;FILTROS;DELIVERY 11.180;KG;SIN PEDIDO;;;;;;;;;;
00314 CASA Olavarría;1017809;ZSSD;CORREA POLI-V;;198-3611;MM01;26;RE;1;2;C29;FILTROS/RESPUESTOS;CORREAS;CAT 140K;KG;SIN PEDIDO;;;;;;;;;;
00314 CASA Olavarría;1022036;ZSTO;CORREA;ONAN;8PK-1430;MM01;26;RE;1;2;C29;FILTROS/RESPUESTOS;REPUESTOS;ONAN C 150 D5 4;KG;SIN PEDIDO;;;;;;;;;;
00341 Mov. Suelos San Luis;1003096;ZSTO;FILTRO DE AIRE TANQUE DE COMBUSTIBLE;VOLVO CONS // DONALDSON;21743197 // P954869;MM01;35;V1;24;30;F06;FILTRO COMBUSTIBLE;FILTROS;VOLVO 330 // VOLVO FM460;KG;ZPAS;1000095014;SIN TRATAMIENTO;;;;;25/9/2026;7/9/2026;;
00314 CASA Olavarría;1022592;ZSTO;DEPOSITO REFRIGERANTE;;22821828;MM01;26;RE;1;2;C03;EQUIPOS;REPUESTOS;VOLVO;KG;SIN PEDIDO;;;;;;;;;;
00314 CASA Olavarría;1022750;ZSTO;CONJUNTO DE PRISIONERO;;384-4562;MM01;26;RE;2;6;C03;EQUIPOS;?;?;KG;ZPAN;1000095153;ADJUDICADO;4500138379;;;;29/9/2026;9/9/2026;C01;10159799
00341 Mov. Suelos San Luis;1002901;ZSTO;FILTRO ACEITE;FLEETGUARD // DONALDSON // KOMATSU HO;LF9009 // P553000 // 6742014540;MM01;35;V1;1;2;F03;FILTRO ACEITE;FILTROS;VW 31-320 - 19360;KG;ZPAS;1000095014;DESPACHADO;;;14/9/2026;16/9/2026;25/9/2026;7/9/2026;;
00314 CASA Olavarría;1024638;ZSTO;STARTER SWITCH;;14526158;MM01;26;RE;1;2;C03;EQUIPOS;REPUESTOS;VOLVO EC 480D;KG;SIN PEDIDO;;;;;;;;;;
00314 CASA Olavarría;1024678;ZSTO;ORING BALDE;;SA9524-00146;MM01;26;RE;5;10;C03;EQUIPOS;REPUESTOS;?;KG;SIN PEDIDO;;;;;;;;;;
00341 Mov. Suelos San Luis;1002708;ZSTO;FILTRO AIRE X UN;VOLKSWAGEN // FLEETGUARD // VOLKSWAGEN // // VOLKSWAGEN //;2S0129620B // AF2599700 // FLI6120 // S3003 // CA-5626 // P618941;MM01;35;V1;2;3;F04;FILTRO AIRE;FILTROS;VW;KG;ZPAS;1000095014;DESPACHADO;;;14/9/2026;16/9/2026;25/9/2026;7/9/2026;;
00314 CASA Olavarría;1024718;ZSTO;TAPA DE COMBUSTIBLE;;14641479;MM01;26;RE;1;1;C03;EQUIPOS;REPUESTOS;VOLVO;KG;SIN PEDIDO;;;;;;;;;;
00314 CASA Olavarría;1024751;ZSTO;TAPA TANQUE COMB.;;349-7059;MM01;26;RE;1;1;C03;EQUIPOS;REPUESTOS;CAT;KG;SIN PEDIDO;;;;;;;;;;
00341 Mov. Suelos San Luis;1002899;ZSTO;FILTRO COMBUSTIBLE;FLEETGUARD // DONALDSON;FF5488 // P550774;MM01;35;V1;1;2;F06;FILTRO COMBUSTIBLE;FILTROS;VW 31-320-19360;KG;ZPAS;1000095014;DESPACHADO;;;14/9/2026;16/9/2026;25/9/2026;7/9/2026;;
00314 CASA Olavarría;1026896;ZSTO;FARO LATERAL;;23387844 / 20789440;MM01;26;RE;4;10;C03;EQUIPOS;REPUESTOS;VOLVO FM460;KG;ZPAN;1000094860;EMBALADO;4500137909;15/9/2026;15/9/2026;;18/9/2026;3/9/2026;C03;10159363
00314 CASA Olavarría;1027112;ZSTO;COMPRESOR A/C;VOLVO TRUC;84472607;MM01;26;RE;1;2;C03;EQUIPOS;REPUESTOS;VOLVO 460 FMX;KG;SIN PEDIDO;;;;;;;;;;
00314 CASA Olavarría;1027114;ZSTO;KIT DE EMBRAGUE FMX 460;;20002083 // KIT(2341664-23417523-24157502-1652986) // KIT(23491400-23441664-1652986-23417523);MM01;26;RE;1;2;C03;EQUIPOS;REPUESTOS;CAMION VOLVO FMX 460;KG;SIN PEDIDO;;;;;;;;;;
00314 CASA Olavarría;1027333;ZSTO;UÑA BALDE PENETRACION  - 66PPE;ESCANDINAV;VOE14732403;MM01;26;V1;8;15;C29;FILTROS/RESPUESTOS;DESGASTE;VOLVO EC 480D;KG;SIN PEDIDO;;;;;;;;;;
00314 CASA Olavarría;1027554;ZSSD;"escobilla bufalo c20 plus 500mm 20""";;;MM01;26;CL;1;1;C29;FILTROS/RESPUESTOS;REPUESTOS;IVECO;KG;SIN PEDIDO;;;;;;;;;;
00314 CASA Olavarría;1028721;ZSTO;TUBO AGUA COMPR STRALIS TRAKKER;;5801582266;MM01;26;RE;1;1;C03;EQUIPOS;REPUESTOS;IVECO STRALIS;KG;SIN PEDIDO;;;;;;;;;;
00314 CASA Olavarría;1029359;ZSTO;CORREA A/A;;07W145933;MM01;26;RE;1;1;C03;EQUIPOS;CORREAS;?;KG;SIN PEDIDO;;;;;;;;;;
00314 CASA Olavarría;1033158;ZSTO;BASE DE FILTRO CON BOMBIN;;VOE21023287;MM01;26;RE;1;1;C29;FILTROS/RESPUESTOS;REPUESTOS;?;KG;SIN PEDIDO;;;;;;;;;;
00314 CASA Olavarría;1033550;ZSSD;NO USAR;;;MM01;26;V1;6;12;C11;ELECTRICIDAD;REPUESTOS;ELECTRICIDAD AUTOMOTOR;KG;SIN PEDIDO;;;;;;;;;;
00314 CASA Olavarría;1034469;ZSTO;MANGUERA SUPERIOR DE RADIADOR;;5801693271;MM01;26;RE;1;2;C03;EQUIPOS;REPUESTOS;?;KG;SIN PEDIDO;;;;;;;;;;
00314 CASA Olavarría;1034539;ZSTO;OPTICA DE GIRO;;334-5409;MM01;26;RE;1;2;C03;EQUIPOS;REPUESTOS;?;KG;SIN PEDIDO;;;;;;;;;;
00314 CASA Olavarría;1034630;ZSTO;FLEXIBLE;;20992763;MM01;26;RE;1;2;C03;EQUIPOS;REPUESTOS;VOLVO FM460;KG;SIN PEDIDO;;;;;;;;;;
00314 CASA Olavarría;1034645;ZSTO;VOLANTE DE INERCIA;;21630898;MM01;26;RE;1;2;C03;EQUIPOS;REPUESTOS;VOLVO FM460;KG;SIN PEDIDO;;;;;;;;;;
00314 CASA Olavarría;1034646;ZSTO;ELECTROVALVULA EMBRAGUE;;22327072;MM01;26;RE;1;2;C03;EQUIPOS;REPUESTOS;VOLVO FM460;KG;SIN PEDIDO;;;;;;;;;;
00314 CASA Olavarría;1034682;ZSTO;COMPRESOR A/A TRAKKER 410T;;540385146;MM01;26;RE;1;2;C03;EQUIPOS;REPUESTOS;IVECO;KG;SIN PEDIDO;;;;;;;;;;
00314 CASA Olavarría;1034930;ZSTO;SENSOR DE TRAMPA DE AGUA;;382-2001;MM01;26;RE;1;1;C03;EQUIPOS;;;KG;SIN PEDIDO;;;;;;;;;;
00314 CASA Olavarría;1035250;ZSCD;GRASA COBREADA BOMBEABLE X 23 KG.;M-LUBE;ROCK 11565;MM01;26;RE;1;2;L01;ACEITES;LUBRICANTES;PERFORADORA EPIROC;KG;SIN PEDIDO;;;;;;;;;;
00314 CASA Olavarría;1035260;ZSTO;MANGUERA FRENOS;;22938292;MM01;26;RE;1;2;C03;EQUIPOS;REPUESTOS;VOLVO FM460;KG;SIN PEDIDO;;;;;;;;;;
00314 CASA Olavarría;1035263;ZSTO;COMPRESOR 775G;;472-0559 // 320-1291;MM01;26;RE;1;2;C03;EQUIPOS;REPUESTOS;CAT 775 G;KG;ZPAN;1000094714;ADJUDICADO;4500138324;;;;16/9/2026;1/9/2026;C03;10159123
00314 CASA Olavarría;1035264;ZSTO;COMPRESOR 988H;;218-0324;MM01;26;RE;1;2;C03;EQUIPOS;REPUESTOS;CAT 988 H;KG;SIN PEDIDO;;;;;;;;;;
00314 CASA Olavarría;1035362;ZSTO;JUEGO FILTRO;;VOE17410279;MM01;26;V1;1;3;C03;EQUIPOS;FILTROS;VOLVO;KG;SIN PEDIDO;;;;;;;;;;
00314 CASA Olavarría;1035453;ZSTO;MOTOR LIMPIAPARABRISAS (V480);;VOE14675537;MM01;26;RE;1;2;C03;EQUIPOS;REPUESTOS;VOLVO EC 480D;KG;SIN PEDIDO;;;;;;;;;;
00314 CASA Olavarría;1035682;ZSTO;ALZA CRISTAL IZQUIERDO;;56B-54-14351;MM01;26;RE;1;2;C03;EQUIPOS;REPUESTOS;KOMATSU HD785;KG;SIN PEDIDO;;;;;;;;;;
00314 CASA Olavarría;1035684;ZSTO;MOTOR LIMPIAPARABRISAS;;56B-54-13220;MM01;26;RE;1;2;C03;EQUIPOS;REPUESTOS;KOMATSU HD785;KG;SIN PEDIDO;;;;;;;;;;
00314 CASA Olavarría;1036372;ZSTO;VARILLA MEDICION DE ACEITE MOTOR;;616-6274;MM01;26;RE;1;1;C03;EQUIPOS;REPUESTOS;?;KG;SIN PEDIDO;;;;;;;;;;
00314 CASA Olavarría;1036503;ZSTO;ACTUADOR;;VOE 14523019;MM01;26;RE;1;2;C03;EQUIPOS;REPUESTOS;?;KG;SIN PEDIDO;;;;;;;;;;
00314 CASA Olavarría;1036576;ZSTO;CILINDRO ASIENTO;;370-8065;MM01;26;RE;1;1;C03;EQUIPOS;REPUESTOS;CAT;KG;SIN PEDIDO;;;;;;;;;;
00314 CASA Olavarría;1036706;ZSSD;"BROCA T51 89MM 3 1/2"" RETRACTIL";;90510341;MM01;26;V1;5;9;C29;FILTROS/RESPUESTOS;DESGASTE;ATLAS COPCO ROC F9-11;KG;SIN PEDIDO;;;;;;;;;;
00314 CASA Olavarría;1042215;ZSTO;CILINDRO COLUMNA DIRECCION CAT 775;;332-7047;MM01;26;RE;1;1;C03;EQUIPOS;REPUESTOS;?;KG;SIN PEDIDO;;;;;;;;;;
00314 CASA Olavarría;1046441;ZSTO;BALANCÍN (ALTA);;VOE 11428010;MM01;26;RE;1;2;C03;EQUIPOS;REPUESTOS;?;KG;SIN PEDIDO;;;;;;;;;;
00314 CASA Olavarría;1046952;ZSTO;BLANCIN;;VOE 11428146;MM01;26;RE;1;2;C03;EQUIPOS;REPUESTOS;?;KG;SIN PEDIDO;;;;;;;;;;
00314 CASA Olavarría;1049388;ZSTO;525-1929;;525-1929;MM01;26;RE;1;2;C03;EQUIPOS;REPUESTOS;CAT;KG;ZPAN;1000094862;ADJUDICADO;4500137693;;;;30/9/2026;3/9/2026;C03;10159364
00314 CASA Olavarría;1049393;ZSTO;BOMBA DE IMPLEMENTO;;485-9673;MM01;26;RE;1;1;C03;EQUIPOS;REPUESTOS;?;KG;SIN PEDIDO;;;;;;;;;;
00341 Mov. Suelos San Luis;1001895;ZSTO;ALCOHOL LIQUIDO X LITRO;;;MR01;341;V1;15;20;C17;INSUMOS A;LIMPIEZA;ALCOHOL LIQUIDO;KG;ZPAS;1000095282;EMBALADO;;;11/9/2026;;30/9/2026;10/9/2026;;
00314 CASA Olavarría;1049394;ZSTO;BOMBA DE FRENO ;;594-0989;MM01;26;RE;1;1;C03;EQUIPOS;REPUESTOS;?;KG;SIN PEDIDO;;;;;;;;;;
00314 CASA Olavarría;1049866;ZSTO;TECLA COMANDO DE LUCES;;251-3539;MM01;26;RE;1;1;C03;EQUIPOS;REPUESTOS;CAT;KG;SIN PEDIDO;;;;;;;;;;
00341 Mov. Suelos San Luis;1001876;ZSTO;CINTA EMBALAR TRANSPARENTE 48MM X 100 MT;SCOTCH;;MR01;341;V1;9;14;C17;INSUMOS A;LIBRERIA;CINTAS ADHESIVAS;KG;ZPAS;1000095282;EMBALADO;;;11/9/2026;;30/9/2026;10/9/2026;;
00314 CASA Olavarría;1049867;ZSTO;VALVULA DE ALIVIO;;316-0072;MM01;26;RE;1;1;C03;EQUIPOS;REPUESTOS;CAT;KG;SIN PEDIDO;;;;;;;;;;
00314 CASA Olavarría;1050448;ZSTO;BASE DE FILTRO;;354-8811;MM01;26;RE;1;1;C03;EQUIPOS;REPUESTOS;?;KG;SIN PEDIDO;;;;;;;;;;
00341 Mov. Suelos San Luis;1001955;ZSTO;SELLADOR DE SILICONA TRANSP;;280ML;MR01;341;V1;6;8;C18;HORMIGÓN;FERRETERIA;ADHESIVOS;KG;ZPAS;1000095282;EMBALADO;;;11/9/2026;;30/9/2026;10/9/2026;;
00314 CASA Olavarría;1056786;ZSTO;VÁLVULA DE ALIVIO;;316-0073;MM01;26;RE;1;1;C03;EQUIPOS;REPUESTOS;CAT;KG;SIN PEDIDO;;;;;;;;;;
00314 CASA Olavarría;1057944;ZSTO;RADIADOR;;51141-10430;MM01;26;RE;1;1;C03;EQUIPOS;REPUESTOS;KOMATSU;KG;SIN PEDIDO;;;;;;;;;;
00341 Mov. Suelos San Luis;1001971;ZSTO;ESMALTE SINT. AEROSOL ROJO X 440CC;;KUWAIT-SINTEPLAST;MR01;341;V1;18;23;C22;INSUMOS C;PINTURAS;PINTURA AEROSOL;KG;ZPAS;1000095282;EMBALADO;;;11/9/2026;;30/9/2026;10/9/2026;;
00314 CASA Olavarría;1058439;ZSTO;CUBIERTA 24.00 R35;MICHELIN A;MICHELIN XTRA LOAD GRIP;MM01;26;V1;6;12;C50;CUBIERTAS MINERIA;;;KG;SIN PEDIDO;;;;;;;;;;
00314 CASA Olavarría;1058532;ZSTO;ACEITE 75W80 - MOBIL X 20 LTS;;75W80 MOBIL;MM01;26;RE;1;2;L01;ACEITES;;;KG;SIN PEDIDO;;;;;;;;;;
00341 Mov. Suelos San Luis;1017003;ZSSD;BATERIA 9V;;;MR01;341;V1;2;3;C27;FERRETERIA MR01;FERRETERIA;BATERIAS;KG;ZPAN;1000095283;SIN TRATAMIENTO;;;;;30/9/2026;10/9/2026;;10159991
00341 Mov. Suelos San Luis;1001708;ZSTO;GUANTE POLIAMIDA LAMINADO PALMAPU-TALLE9;;MÚLT. 12U;MR01;341;V1;288;360;C28;SEGURIDAD/ROPA/EPP;SEGURIDAD;GUANTE;KG;ZPAS;1000095399;EMBALADO;;;14/9/2026;;1/10/2026;11/9/2026;;
00341 Mov. Suelos San Luis;1001851;ZSTO;MOUSE INALAMBRICO;;MARCA: LOGITECH/MICROSOFT;MR01;341;V1;1;2;C05;INFORMÁT.-HARDWARE;INFORMATICA;HARDWARE;KG;SIN PEDIDO;;;;;;;;;;
00341 Mov. Suelos San Luis;1016946;ZSSD;TALO LIBRETA DE MAQUINISTA 50H X DUPLICA;;;MR01;341;V1;48;60;C17;INSUMOS A;LIBRERIA;TALONARIOS;KG;ZPAN;1000095283;SIN TRATAMIENTO;;;;;30/9/2026;10/9/2026;;10159991
00341 Mov. Suelos San Luis;1001949;ZSTO;CANDADO 30MM XUN;;;MR01;341;V1;4;6;C27;FERRETERIA MR01;FERRETERIA;ACCESORIOS;KG;ZPAS;1000095399;EMBALADO;;;14/9/2026;;1/10/2026;11/9/2026;;
00341 Mov. Suelos San Luis;1001970;ZSTO;ESMALTE SINT. AEROSOL NEGRO X440CC;;KUWAIT-SINTEPLAST;MR01;341;V1;6;8;C22;INSUMOS C;PINTURAS;PINTURA AEROSOL;KG;SIN PEDIDO;;;;;;;;;;
00341 Mov. Suelos San Luis;1017975;ZSTO;LAMPARA HB4 12V 55W;;9006;MM01;35;V1;3;5;C29;FILTROS/RESPUESTOS;REPUESTOS;TOYOTA HILUX CD SR 2.8 TDI 6 MT 4X4 // HILUX;KG;ZPAS;1000095398;SIN TRATAMIENTO;;;;;1/10/2026;11/9/2026;;
00341 Mov. Suelos San Luis;1015865;ZSSD;TOALLAS PAPEL X CAJA X 2500 UNID;;;MR01;341;V1;3;5;C17;INSUMOS A;LIMPIEZA;?;KG;ZPAN;1000095556;SIN TRATAMIENTO;;;;;5/10/2026;15/9/2026;;10160399
00341 Mov. Suelos San Luis;1016910;ZSSD;CINTA METRICA X10MT CON PASACINTO;;;MR01;341;V1;2;3;C27;FERRETERIA MR01;FERRETERIA;INSUMOS;KG;ZPAN;1000095400;SIN TRATAMIENTO;;;;;1/10/2026;11/9/2026;;10160111
00341 Mov. Suelos San Luis;1016939;ZSSD;DESODORANTE LIQUIDO P PISO X5LT;;;MR01;341;V1;9;14;C17;INSUMOS A;LIMPIEZA;LIMPIEZA /SEGURIDAD;KG;ZPAN;1000095400;ADJUDICADO;4500138640;;;;1/10/2026;11/9/2026;C17;10160111
00341 Mov. Suelos San Luis;1001824;ZSTO;CUBIERTA 295 80 R22.5 TRACCION;PIRELLI NE // GOOD YEAR // BRIDGESTON // // MICHELIN A // GOOD YEAR // GOOD YEAR // FATE SAICI // PIRELLI NE;TG01/TG02 // G677MSD // M 745 // T831 // XDY+ // ARMOR MAX MSA GEN2 // ARMOR MAX MSD // FATECARGO DO-820 // G02;MM01;35;V1;7;9;C48;CUBIERTAS CAMIONES;CUBIERTAS;VW 31320 (3 JUEGOS;KG;ZPAS;1000095398;PICKEADO;;;16/9/2026;;1/10/2026;11/9/2026;;
00341 Mov. Suelos San Luis;1003087;ZSTO;FILTRO COMBUSTIBLE;TOYOTA ARG //;233900L07000 // 233900L100;MM01;35;V1;4;6;F06;FILTRO COMBUSTIBLE;FILTROS;HILUX 2017;KG;ZPAS;1000095554;SIN TRATAMIENTO;;;;;5/10/2026;15/9/2026;;
00341 Mov. Suelos San Luis;1003276;ZSTO;FILTRO TANQUE HIDRAULICO;PARKER // No aplica //;921999 // K22001 // P551551;MM01;35;V1;4;6;F07;FILTRO FLUIDO HIDR;FILTROS;VOLCADORA MILICIC // VOLVO 330;KG;SIN PEDIDO;;;;;;;;;;
00341 Mov. Suelos San Luis;1003835;ZSTO;BROCAXUN;;90510344137;MM01;35;V1;1;2;C29;FILTROS/RESPUESTOS;REPUESTOS;?;KG;SIN PEDIDO;;;;;;;;;;
00341 Mov. Suelos San Luis;1003990;ZSTO;KITSEGURAIRECOMPRATLCOPCOXU;;3222188142;MM01;35;V1;2;3;C29;FILTROS/RESPUESTOS;REPUESTOS;?;KG;SIN PEDIDO;;;;;;;;;;
00341 Mov. Suelos San Luis;1003993;ZSTO;KITSEGURAIREMOTORATLCOPCOXUN;;3222188152;MM01;35;V1;2;3;C29;FILTROS/RESPUESTOS;REPUESTOS;?;KG;SIN PEDIDO;;;;;;;;;;
00341 Mov. Suelos San Luis;1004017;ZSTO;BROCA 4B FFCONCAV;;90510343137-6102-49-20;MM01;35;V1;1;1;C29;FILTROS/RESPUESTOS;REPUESTOS;?;KG;SIN PEDIDO;;;;;;;;;;
00341 Mov. Suelos San Luis;1009535;ZSTO;FILTRO AIRE SIST COMB ATL COPCO;;3222118000;MM01;35;V1;2;3;C29;FILTROS/RESPUESTOS;FILTROS;ATLAS COPCO ROC F9-11;KG;SIN PEDIDO;;;;;;;;;;
00341 Mov. Suelos San Luis;1009541;ZSTO;FILTRO HIDRAU COMPR ATL COPCO x;ATLAS COPC;1202804002 // 6060011168;MM01;35;V1;4;6;C29;FILTROS/RESPUESTOS;FILTROS;ATLAS COPCO ROC F9-11;KG;SIN PEDIDO;;;;;;;;;;
00365 RIO TINTO;1000024;ZSTO;FILTRO DE RESPIRADERO DE DEP HIDRAULICO;;5824046 // 5824058;U365;365;V1;2;3;C29;FILTROS/RESPUESTOS;FILTROS;BOMAG BW100 AD-11;KG;ZPAN;1000093048;DESPACHADO;4500134899;8/9/2026;8/9/2026;10/9/2026;30/10/2026;4/8/2026;C29;10156483
00365 RIO TINTO;1000033;ZSTO;FILTRO TRAMPA DE AGUA;FLEETGUARD;FS1212;U365;365;V1;2;3;C29;FILTROS/RESPUESTOS;FILTROS;TRASH MASTER;KG;ZPAN;1000094316;DESPACHADO;4500137090;10/9/2026;10/9/2026;10/9/2026;25/9/2026;25/8/2026;C29;10158483
00365 RIO TINTO;1001679;ZSTO;FICHA T.STECK MACHO 220V 16A 2P T XUN;;;U365;365;V1;8;16;C11;ELECTRICIDAD;ELECTRICIDAD;FICHAS;KG;ZPAN;1000094123;ADJUDICADO;4500137794;;;;21/9/2026;21/8/2026;C35;10158207
00365 RIO TINTO;1001704;ZSTO;PROTECTORFACIALSOPORTEARNESCREMALLERA;LIBUS;901383;U365;365;V1;14;30;C28;SEGURIDAD/ROPA/EPP;SEGURIDAD;ACCESORIO SEGURIDAD;KG;ZPAN;1000095590;SIN TRATAMIENTO;;;;;16/10/2026;16/9/2026;;10160457
00365 RIO TINTO;1001717;ZSTO;PROTECTOR FACIAL BURBUJA INCOLORO;LIBUS // 3M // MSA // STEELPRO //;901386 // VISOR WP96 + SOPORTE // MSA VISOR CLEAR // STEELPRO BURBUJA CLEAR // DEPASCALE-BILVEX 002121;U365;365;V1;14;30;C28;SEGURIDAD/ROPA/EPP;SEGURIDAD;ACCESORIO SEGURIDAD;KG;ZPAN;1000095590;SIN TRATAMIENTO;;;;;16/10/2026;16/9/2026;;10160457
00365 RIO TINTO;1001726;ZSTO;SUSPENSION CREMALLERA;LIBUS // 3M // MSA // STEELPRO //;MILENIUM // SUSPENSIÓN RATCHET H-700 // FAS-TRAC III // RATCHET STEELPRO // DEPASCALE-UCU2120PC ARNES FAS TRACK III;U365;365;V1;23;49;C28;SEGURIDAD/ROPA/EPP;SEGURIDAD;ACCESORIO SEGURIDAD;KG;ZPAN;1000095590;SIN TRATAMIENTO;;;;;16/10/2026;16/9/2026;;10160457
00365 RIO TINTO;1001778;ZSTO;YERBA MATE X 500GRS X UN;;;U365;365;V1;72;155;C17;INSUMOS A;ALIMENTOS;?;KG;ZPAN;1000095590;SIN TRATAMIENTO;;;;;16/10/2026;16/9/2026;;10160457
00365 RIO TINTO;1001784;ZSTO;ACEITE  HY GARD X 209L;JOHN DEERE;HY GARD;U365;365;V1;2;3;C29;FILTROS/RESPUESTOS;LUBRICANTES;ACEITES;KG;ZPAN;1000094971;DESPACHADO;4500138127;12/9/2026;12/9/2026;15/9/2026;7/10/2026;7/9/2026;C29;10159523
00365 RIO TINTO;1001786;ZSTO;ACEITE ISO 46 HIDRAULICO  X 205L;YPF S.A. // YPF S.A.;BP46 // 135392;U365;365;V1;2;3;C29;FILTROS/RESPUESTOS;LUBRICANTES;ACEITES;KG;ZPAN;1000094971;ADJUDICADO;4500137999;;;;7/10/2026;7/9/2026;C29;10159523
00365 RIO TINTO;1001804;ZSTO;GRASA LITIO LIMIT MO-2 (NEGRA) X 180 KG;YPF S.A. // YPF S.A. //;LIMIT MO-2 // 628793 // GADUS S2 V220;U365;365;V1;2;4;C29;FILTROS/RESPUESTOS;LUBRICANTES;GRASA;KG;MOVIMIENTO 313 PENDIENTE;;;;;;;;;;
00365 RIO TINTO;1001819;ZSTO;REFRIGERANTE VOLVO VCS X20LT;VOLVO CONS // // // VOLVO CONS // VOLVO CONS;VCS // 11715729 // 22567335 // 24078856 // 54486166;U365;365;V1;14;30;C29;FILTROS/RESPUESTOS;LUBRICANTES;VOLVO EC 480D - PL 3005D;KG;MOVIMIENTO 313 PENDIENTE;;;;;;;;;;
00365 RIO TINTO;1001827;ZSTO;CUBIERTA 12.00 R20 FG85 (lineal);PIRELLI NE // MICHELIN A // GOOD YEAR;FG85 // XZY3 // G686MSS;U365;365;V1;12;25;C03;EQUIPOS;CUBIERTAS;IVECO TRAKKER;KG;MOVIMIENTO 313 PENDIENTE;;;;;;;;;;
00365 RIO TINTO;1001840;ZSTO;CUBIERTA 17.5-25 VIAL SP 16 TELAS L2;FIRESTONE // PIRELLI NE // GOOD YEAR // MICHELIN A // // TITAN ARGE;L2 // PN-L2 // SGL-L2 // XTLA // BKT/GR-288 // TITAN L2;U365;365;V1;6;13;C03;EQUIPOS;CUBIERTAS;MOTONIVELADORA CAT Y JD;KG;ZPAN;1000094909;PICKEADO;4500138156;17/9/2026;17/9/2026;;4/10/2026;4/9/2026;C03;10159454
00365 RIO TINTO;1001842;ZSTO;PROTECTOR P CAMARA 12.00;;;U365;365;V1;27;58;C03;EQUIPOS;CUBIERTAS;CUBIERTAS;KG;ZPAN;1000093421;DESPACHADO;4500135634;16/9/2026;16/9/2026;16/9/2026;18/9/2026;10/8/2026;C03;10157053
00365 RIO TINTO;1001871;ZSTO;RESMA DE HOJA A4 70GR. X UN;;;U365;365;V1;36;77;C17;INSUMOS A;LIBRERIA;PAPEL;KG;ZPAN;1000095470;SIN TRATAMIENTO;;;;;14/10/2026;14/9/2026;;10160264
00365 RIO TINTO;1001872;ZSTO;RESMA DE HOJA A3 75GR. X UN;;;U365;365;V1;2;3;C17;INSUMOS A;LIBRERIA;PAPEL;KG;MOVIMIENTO 313 PENDIENTE;;;;;;;;;;
00365 RIO TINTO;1001878;ZSTO;CINTA DE ENMASCARAR 48MM X ROLLO;SCOTCH;;U365;365;V1;3;6;C17;INSUMOS A;LIBRERIA;CINTAS ADHESIVAS;KG;ZPAN;1000095590;SIN TRATAMIENTO;;;;;16/10/2026;16/9/2026;;10160457
00365 RIO TINTO;1001879;ZSTO;CINTA DE ENMASCARAR 24 MM XROLLO;;;U365;365;V1;3;6;C17;INSUMOS A;LIBRERIA;CINTAS ADHESIVAS;KG;MOVIMIENTO 313 PENDIENTE;;;;;;;;;;
00365 RIO TINTO;1001888;ZSTO;BOLSAS RESIDUOS XUN 102X130 NEGRA;;;U365;365;V1;533;1153;C17;INSUMOS A;LIMPIEZA;LIMPIEZA /SEGURIDAD;KG;MOVIMIENTO 313 PENDIENTE;;;;;;;;;;
00365 RIO TINTO;1001896;ZSTO;PULVERIZADOR P ALCOHOL LIQUIDO 500 ML;;;U365;365;V1;27;58;C17;INSUMOS A;LIMPIEZA;DIFUSOR;KG;ZPAN;1000095128;ADJUDICADO;4500138514;;;;9/10/2026;9/9/2026;C17;10159774
00365 RIO TINTO;1001905;ZSTO;DESODORANTE AEROSOL X360CM3;;;U365;365;V1;9;19;C17;INSUMOS A;LIMPIEZA;INSUMOS;KG;ZPAN;1000094971;ADJUDICADO;4500138514;;;;7/10/2026;7/9/2026;C17;10159523
00365 RIO TINTO;1001951;ZSTO;CANDADO 50MM XUN;;;U365;365;V1;2;4;C27;FERRETERIA MR01;FERRETERIA;ACCESORIOS;KG;ZPAN;1000094854;ADJUDICADO;4500138409;;;;3/10/2026;3/9/2026;C27;10159357
00365 RIO TINTO;1001952;ZSTO;TRAPO LIMPIO (BOLSAX10KG) XUN;;MÚLT. 10 KG;U365;365;V1;14;30;C27;FERRETERIA MR01;FERRETERIA;ACCESORIOS;KG;ZPAN;1000094238;ADJUDICADO;4500138733;;;;24/9/2026;24/8/2026;C27;10158366
00365 RIO TINTO;1001963;ZSTO;CINTA AISLADORA VERDE X10MT;;;U365;365;V1;27;58;C27;FERRETERIA MR01;FERRETERIA;INSUMOS;KG;ZPAN;1000095128;ADJUDICADO;4500138697;;;;9/10/2026;9/9/2026;C27;10159774
00365 RIO TINTO;1001969;ZSTO;ESMALTE SINT. AEROSOL BLANCO X440CC;;KUWAIT-SINTEPLAST;U365;365;V1;9;19;C22;INSUMOS C;PINTURAS;PINTURA AEROSOL;KG;MOVIMIENTO 313 PENDIENTE;;;;;;;;;;
00365 RIO TINTO;1001985;ZSTO;VIDRIOP CARETASOLDADOR50X105MMINCOLORO;;;U365;365;V1;8;16;C27;FERRETERIA MR01;SOLDADURA;ACCESORIOS;KG;ZPAN;1000094774;ADJUDICADO;4500138409;;;;2/10/2026;2/9/2026;C27;10159254
00365 RIO TINTO;1002003;ZSTO;CAMISA JEAN T.44 C LOGO;;;U365;365;V1;40;87;C28;SEGURIDAD/ROPA/EPP;ROPA;INDUMENTARIA;KG;ZPAN;1000094971;ADJUDICADO;4500137945;;;;7/10/2026;7/9/2026;C28;10159523
00365 RIO TINTO;1002047;ZSTO;CAMISETA PRIMERA PIEL T.XXL;;;U365;365;V1;29;62;C28;SEGURIDAD/ROPA/EPP;SEGURIDAD;INDUMENTARIA;KG;ZPAN;1000095369;ADJUDICADO;4500138430;;;;11/10/2026;11/9/2026;C28;10160079
00365 RIO TINTO;1002058;ZSTO;CAMPERA ABRIGO T. L ROJA CON LOGO;No aplica;CON REFLECTIVO T. L;U365;365;V1;17;37;C28;SEGURIDAD/ROPA/EPP;ROPA;INDUMENTARIA;KG;ZPAN;1000093876;ADJUDICADO;4500136284;;;;18/9/2026;18/8/2026;C28;10157758
00365 RIO TINTO;1002059;ZSTO;CAMPERA ABRIGO T. XL ROJA CON LOGO;No aplica;CON REFLECTIVO T. XL;U365;365;V1;17;37;C28;SEGURIDAD/ROPA/EPP;ROPA;INDUMENTARIA;KG;ZPAN;1000095128;ADJUDICADO;4500138430;;;;9/10/2026;9/9/2026;C28;10159774
00365 RIO TINTO;1002071;ZSTO;CAMPERA DESCARNE T.XXXL;;;U365;365;V1;6;13;C28;SEGURIDAD/ROPA/EPP;SEGURIDAD;INDUMENTARIA;KG;ZPAN;1000094854;ADJUDICADO;4500137655;;;;3/10/2026;3/9/2026;C28;10159357
00365 RIO TINTO;1002186;ZSTO;CORREA VENTILADOR;VOLVO CONS;VOE20459311;U365;365;V1;2;3;C29;FILTROS/RESPUESTOS;CORREAS;VOLVO EC 480D;KG;ZPAN;1000094316;DESPACHADO;4500137134;11/9/2026;11/9/2026;15/9/2026;25/9/2026;25/8/2026;C29;10158483
00365 RIO TINTO;1002187;ZSTO;CORREA ALTERNADOR;VOLVO CONS;VOE15142467;U365;365;V1;2;3;C29;FILTROS/RESPUESTOS;CORREAS;VOLVO EC 480D;KG;ZPAN;1000093048;ADJUDICADO;4500135089;;;;30/10/2026;4/8/2026;C29;10156483
00365 RIO TINTO;1002188;ZSTO;CORREA ACCESORIO;;8PK1445;U365;365;V1;2;3;C29;FILTROS/RESPUESTOS;CORREAS;CAMION VW 17-210 VOLCADOR;KG;ZPAN;1000093421;ADJUDICADO;4500135882;;;;18/9/2026;10/8/2026;C29;10157053
00365 RIO TINTO;1002207;ZSTO;CORREA ALTERNADOR;HAULOTTE G // No aplica // CONTINENTA;4000053460 // 2614B543 // AVX 13X1188;U365;365;V1;4;8;C29;FILTROS/RESPUESTOS;CORREAS;HAULOTTE 4014 /4017;KG;ZPAN;1000089261;ADJUDICADO;4500129529;;;;18/9/2026;29/5/2026;C29;10151231
00365 RIO TINTO;1002211;ZSTO;CORREA VENTILADOR;;10PK1448-20712530 // 10PK1448-24635977;U365;365;V1;14;30;C29;FILTROS/RESPUESTOS;CORREAS;PLATAFORMA DE MANTENIMIENTO VE;KG;ZPAN;1000094774;DESPACHADO;4500137502;10/9/2026;10/9/2026;11/9/2026;2/10/2026;2/9/2026;C29;10159254
00365 RIO TINTO;1002212;ZSTO;CORREA DE ALTERNADOR;CATERPILLA // No aplica //;8PK1537 // 22275091 // 8PK1535 // 8PK-1540;U365;365;V1;14;30;C29;FILTROS/RESPUESTOS;CORREAS;PLATAFORMA DE MANTENIMIENTO VE;KG;ZPAN;1000094774;DESPACHADO;4500137590;10/9/2026;10/9/2026;11/9/2026;2/10/2026;2/9/2026;C29;10159254
00365 RIO TINTO;1002228;ZSTO;INSERTO PATIN DE CIRCULO;JOHN DEERE // //;T141732 // T418904 // T453854;U365;365;V1;22;47;C29;FILTROS/RESPUESTOS;DESGASTE;JD 770 / JD 670D;KG;ZPAN;1000094098;DESPACHADO;4500137285;10/9/2026;10/9/2026;11/9/2026;21/9/2026;21/8/2026;C29;10158165
00365 RIO TINTO;1002236;ZSTO;BULON PARA CUCHILLA XUN;CATERPILLA;5J4773;U365;365;V1;86;185;C29;FILTROS/RESPUESTOS;DESGASTE;CAT 140K // CAT 988H // CAT D6T;KG;SIN PEDIDO;;;;;;;;;;
00365 RIO TINTO;1002302;ZSTO;BRAZO ESCARIFICADOR CAT;CATERPILLA // No aplica // CATERPILLA;9F5124 // 19572189 // 1957218;U365;365;V1;16;35;C29;FILTROS/RESPUESTOS;DESGASTE;DIENTES/UÑAS/CUCHILLAS;KG;MOVIMIENTO 313 PENDIENTE;;;;;;;;;;
00365 RIO TINTO;1002363;ZSTO;DIENTE X UN;JOHN DEERE // JOHN DEERE;TK250LD // 250LD;U365;365;V1;2;4;C29;FILTROS/RESPUESTOS;DESGASTE;544K;KG;MOVIMIENTO 313 PENDIENTE;;;;;;;;;;
00365 RIO TINTO;1002444;ZSTO;CUCHILLA;CATERPILLA;7D1576;U365;365;V1;4;8;C29;FILTROS/RESPUESTOS;DESGASTE;CAT 140K;KG;ZPAN;1000094854;ADJUDICADO;4500138100;;;;3/10/2026;3/9/2026;C29;10159357
00365 RIO TINTO;1002473;ZSTO;FILTRO COMBUSTUBLE XUN;JOHN DEERE;RE522878;U365;365;V1;3;6;C29;FILTROS/RESPUESTOS;FILTROS;JD 544J, 544K;KG;ZPAN;1000094971;ADJUDICADO;4500138227;;;;7/10/2026;7/9/2026;C29;10159523
00365 RIO TINTO;1002480;ZSTO;FILTRO ACEITE;BOMAG GMBH // DONALDSON;5710640 // P553771;U365;365;V1;11;23;C29;FILTROS/RESPUESTOS;FILTROS;BOMAG 213/219;KG;ZPAN;1000094971;ADJUDICADO;4500138028;;;;7/10/2026;7/9/2026;C29;10159523
00365 RIO TINTO;1002491;ZSTO;FILTRO ACEITE MOTOR;CATERPILLA // No aplica;2698325 // 4621171;U365;365;V1;2;3;C29;FILTROS/RESPUESTOS;FILTROS;CAT 938H;KG;MOVIMIENTO 313 PENDIENTE;;;;;;;;;;
00365 RIO TINTO;1002506;ZSTO;FILTRO AIRE DARMET P SULLEIR;DARMET;V728;U365;365;V1;3;6;C29;FILTROS/RESPUESTOS;FILTROS;185Q;KG;ZPAN;1000094971;DESPACHADO;4500138090;14/9/2026;14/9/2026;15/9/2026;7/10/2026;7/9/2026;C29;10159523
00365 RIO TINTO;1002511;ZSTO;FILTRO AIRE DARMET P SULLAIR;DARMET //;V728S // P777524;U365;365;V1;3;6;C29;FILTROS/RESPUESTOS;FILTROS;185Q;KG;ZPAN;1000094971;ADJUDICADO;4500138028;;;;7/10/2026;7/9/2026;C29;10159523
00365 RIO TINTO;1002514;ZSTO;FILTRO ACEITE;JOHN DEERE // JOHN DEERE;RE541420 // RE504836;U365;365;V1;3;6;C29;FILTROS/RESPUESTOS;FILTROS;J.D. 544K/310J;KG;ZPAN;1000094971;ADJUDICADO;4500138227;;;;7/10/2026;7/9/2026;C29;10159523
00365 RIO TINTO;1002546;ZSTO;FILTRO HIDRAULICO;JOHN DEERE //;AT308274 // AT367840;U365;365;V1;4;8;C29;FILTROS/RESPUESTOS;FILTROS;FILTROS;KG;ZPAN;1000092296;RECEPCIONADO;4500134121;31/7/2026;;;10/9/2026;22/7/2026;C29;10155372
00365 RIO TINTO;1002606;ZSTO;FILTRO COMBUSTIBLE X UN;JOHN DEERE;AT365869;U365;365;V1;6;12;C29;FILTROS/RESPUESTOS;FILTROS;JD 850J;KG;ZPAN;1000094098;PICKEADO;4500137188;17/9/2026;17/9/2026;;21/9/2026;21/8/2026;C29;10158165
00365 RIO TINTO;1002610;ZSTO;FILTRO AIRE SECUNDARIO;JOHN DEERE;AT175224;U365;365;V1;6;12;C29;FILTROS/RESPUESTOS;FILTROS;JD 850J;KG;ZPAN;1000094098;PICKEADO;4500137188;17/9/2026;17/9/2026;;21/9/2026;21/8/2026;C29;10158165
00365 RIO TINTO;1002621;ZSTO;FILTRO AIRE 1 XUN;JOHN DEERE;AT300487;U365;365;V1;3;6;C29;FILTROS/RESPUESTOS;FILTROS;JD. 544K;KG;ZPAN;1000094971;ADJUDICADO;4500138227;;;;7/10/2026;7/9/2026;C29;10159523
00365 RIO TINTO;1002623;ZSTO;FILTRO AIRE 2 XUN;JOHN DEERE;AT314583;U365;365;V1;3;6;C29;FILTROS/RESPUESTOS;FILTROS;JOHN DEERE;KG;ZPAN;1000094971;ADJUDICADO;4500138227;;;;7/10/2026;7/9/2026;C29;10159523
00365 RIO TINTO;1002627;ZSTO;FILTRO;FLEETGUARD // DONALDSON // No aplica // DARMET;AF25523 // P537877 // RS3745 // VP2769;U365;365;V1;2;3;C29;FILTROS/RESPUESTOS;FILTROS;GROVE RT540E;KG;ZPAN;1000094971;ADJUDICADO;4500138028;;;;7/10/2026;7/9/2026;C29;10159523
00365 RIO TINTO;1002700;ZSTO;FILTRO DE ACEITE MOTOR;FLEETGUARD;LF670;U365;365;V1;3;6;C29;FILTROS/RESPUESTOS;FILTROS;OBSOLETO;KG;MOVIMIENTO 313 PENDIENTE;;;;;;;;;;
00365 RIO TINTO;1002703;ZSTO;FILTRO DE ACEITE MOTOR;FLEETGUARD;LF777;U365;365;V1;2;3;C29;FILTROS/RESPUESTOS;FILTROS;FILTROS;KG;ZPAN;1000094316;DESPACHADO;4500137090;10/9/2026;10/9/2026;10/9/2026;25/9/2026;25/8/2026;C29;10158483
00365 RIO TINTO;1002704;ZSTO;FILTRO AIRE XUN;CATERPILLA;6I2501;U365;365;V1;3;6;C29;FILTROS/RESPUESTOS;FILTROS;FILTROS;KG;ZPAN;1000094638;DESPACHADO;4500137606;11/9/2026;11/9/2026;15/9/2026;30/9/2026;31/8/2026;C03;10159007
00365 RIO TINTO;1002705;ZSTO;FILTRO AIRE XUN;CATERPILLA;6I2502;U365;365;V1;3;6;C29;FILTROS/RESPUESTOS;FILTROS;FILTROS;KG;MOVIMIENTO 313 PENDIENTE;;;;;;;;;;
00365 RIO TINTO;1002706;ZSTO;FILTRO COMBUSTIBLE XUN;CATERPILLA // // //;1R0762 // FF5624 // P550625 // SN 55429;U365;365;V1;2;3;C29;FILTROS/RESPUESTOS;FILTROS;CAT 980H, CAT 336 DLME,988H;KG;ZPAN;1000094638;DESPACHADO;4500137606;11/9/2026;11/9/2026;15/9/2026;30/9/2026;31/8/2026;C03;10159007
00365 RIO TINTO;1002734;ZSTO;FILTRO AIRE SECUNDARIO;CATERPILLA // DONALDSON;2456376 // P782108;U365;365;V1;6;12;C29;FILTROS/RESPUESTOS;FILTROS;CAT 140K;KG;MOVIMIENTO 313 PENDIENTE;;;;;;;;;;
00365 RIO TINTO;1002735;ZSTO;FILTRO AIRE PRIMARIO XUN;CATERPILLA // DONALDSON;2456375 // P782105;U365;365;V1;5;10;C29;FILTROS/RESPUESTOS;FILTROS;CAT;KG;ZPAN;1000095128;ADJUDICADO;4500138748;;;;9/10/2026;9/9/2026;C29;10159774
00365 RIO TINTO;1002736;ZSTO;FILTRO TANQUE HIDRAULICO XUN;CATERPILLA;1R0774;U365;365;V1;4;8;C29;FILTROS/RESPUESTOS;FILTROS;CAT 416E // 140K;KG;MOVIMIENTO 313 PENDIENTE;;;;;;;;;;
00365 RIO TINTO;1002738;ZSTO;Filtro Aceite Motor;FLEETGUARD // DONALDSON;LF3345 // P558616;U365;365;V1;6;12;C29;FILTROS/RESPUESTOS;FILTROS;ONAN 40DGCA;KG;MOVIMIENTO 313 PENDIENTE;;;;;;;;;;
00365 RIO TINTO;1002754;ZSTO;FILTRO A. U. COMPRESORA SULLAIR 185;SULLAIR AR // FLEETGUARD //;2250078031 // SE-1721 // OS 5194;U365;365;V1;2;4;C29;FILTROS/RESPUESTOS;FILTROS;FILTROS;KG;ZPAN;1000094971;ADJUDICADO;4500138439;;;;7/10/2026;7/9/2026;C29;10159523
00365 RIO TINTO;1002771;ZSTO;FILTRO DE ACEITE;CATERPILLA;1R1807;U365;365;V1;5;10;C29;FILTROS/RESPUESTOS;FILTROS;CAT;KG;MOVIMIENTO 313 PENDIENTE;;;;;;;;;;
00365 RIO TINTO;1002822;ZSTO;FILTRO COMBUSTIBLE VOLVO;VOLVO CONS // VOLVO CONS // VOLVO CONS // DONALDSON;FL8193841 // 20805349 // O5717966 // P550372;U365;365;V1;7;14;C29;FILTROS/RESPUESTOS;FILTROS;FILTROS - VOLVO PL 3005D- FMX;KG;ZPAN;1000094971;DESPACHADO;4500138013;15/9/2026;15/9/2026;16/9/2026;7/10/2026;7/9/2026;C29;10159523
00365 RIO TINTO;1002889;ZSTO;FILTRO COMBUSTIBLE;BOMAG GMBH // HIFI FILTE;5717961 // SN909110;U365;365;V1;4;8;C29;FILTROS/RESPUESTOS;FILTROS;BOMAG;KG;ZPAN;1000094971;DESPACHADO;4500138165;14/9/2026;14/9/2026;15/9/2026;7/10/2026;7/9/2026;C29;10159523
00365 RIO TINTO;1002907;ZSTO;FILTRO TRAMPA AGUA XUN;JOHN DEERE;AT365870;U365;365;V1;3;6;C29;FILTROS/RESPUESTOS;FILTROS;JD 644K, 544K;KG;ZPAN;1000094971;ADJUDICADO;4500138227;;;;7/10/2026;7/9/2026;C29;10159523
00365 RIO TINTO;1002923;ZSTO;FILTRO COMBUSTIBLE;BOMAG GMBH // DONALDSON;5716779 // P554620;U365;365;V1;4;8;C29;FILTROS/RESPUESTOS;FILTROS;BW24RH;KG;ZPAN;1000094971;ADJUDICADO;4500138028;;;;7/10/2026;7/9/2026;C29;10159523
00365 RIO TINTO;1002926;ZSTO;FILTRO AIRE SECUNDARIO;BOMAG GMBH // DONALDSON // // BALDWIN;5821148 // P780036 // CF5001 // RS3993;U365;365;V1;4;8;C29;FILTROS/RESPUESTOS;FILTROS;BOMAG BW24 RH;KG;ZPAN;1000095128;SIN TRATAMIENTO;;;;;9/10/2026;9/9/2026;;10159774
00365 RIO TINTO;1002931;ZSTO;FILTRO ACEITE;VOLVO CONS // VOLVO CONS // VOLVO CONS // FLEETGUARD // VOLVO MAQU;P21707133 // VOE478736 // 23658092 // LF667 // 17533660;U365;365;V1;36;77;C29;FILTROS/RESPUESTOS;FILTROS;VOLVO 330 // VOLVO L260H;KG;MOVIMIENTO 313 PENDIENTE;;;;;;;;;;
00365 RIO TINTO;1002934;ZSTO;FILTRO PRIMARIO COMBUSTIBLE;VOLVO CONS;VOE11110683;U365;365;V1;5;10;C29;FILTROS/RESPUESTOS;FILTROS;EC 480D - L220G - PL 3005D;KG;ZPAN;1000094971;PICKEADO;4500138016;17/9/2026;17/9/2026;;7/10/2026;7/9/2026;C29;10159523
00365 RIO TINTO;1002935;ZSTO;FILTRO AIRE COMBUSTIBLE;VOLVO CONS // DONALDSON;VOE11172907 // P528708;U365;365;V1;2;4;C29;FILTROS/RESPUESTOS;FILTROS;EC 480D - L220G - PL 3005D;KG;ZPAN;1000094854;DESPACHADO;4500137723;11/9/2026;11/9/2026;11/9/2026;3/10/2026;3/9/2026;C29;10159357
00365 RIO TINTO;1002936;ZSTO;FILTRO AIRE CABINA;VOLVO CONS // No aplica;VOE11703979 // 150522786;U365;365;V1;2;4;C29;FILTROS/RESPUESTOS;FILTROS;VOLVO EC 480D;KG;ZPAN;1000094854;DESPACHADO;4500137723;11/9/2026;11/9/2026;11/9/2026;3/10/2026;3/9/2026;C29;10159357
00365 RIO TINTO;1003032;ZSTO;FILTRO TRAMPA DE AGUA;CATERPILLA;4385386;U365;365;V1;4;8;C29;FILTROS/RESPUESTOS;FILTROS;CAT;KG;MOVIMIENTO 313 PENDIENTE;;;;;;;;;;
00365 RIO TINTO;1003033;ZSTO;FILTRO DE ACEITE MOTOR;CATERPILLA;3223155;U365;365;V1;4;8;C29;FILTROS/RESPUESTOS;FILTROS;CAT 323;KG;MOVIMIENTO 313 PENDIENTE;;;;;;;;;;
00365 RIO TINTO;1003057;ZSTO;ELEMENTO FILTRO DE AIRE PRIMARIO;JOHN DEERE;AT175223;U365;365;V1;6;12;C29;FILTROS/RESPUESTOS;FILTROS;MOTONIVELADORA JD 770 G;KG;ZPAN;1000093876;PICKEADO;4500137188;17/9/2026;17/9/2026;;18/9/2026;18/8/2026;C29;10157758
00365 RIO TINTO;1003058;ZSTO;KIT FILTRO COMBUSTIBLE COMPLETO;JOHN DEERE // JOHN DEERE;RE525523 // RE52090652323;U365;365;V1;6;12;C29;FILTROS/RESPUESTOS;FILTROS;MOTONIVELADORA JD 770 G;KG;ZPAN;1000093876;PICKEADO;4500137188;17/9/2026;17/9/2026;;18/9/2026;18/8/2026;C29;10157758
00365 RIO TINTO;1003069;ZSTO;SECANTE CSA 2018;CATERPILLA //;2032389 // 5879321;U365;365;V1;5;10;C29;FILTROS/RESPUESTOS;FILTROS;CAT 140 K;KG;MOVIMIENTO 313 PENDIENTE;;;;;;;;;;
00365 RIO TINTO;1003081;ZSTO;FILTRO DE AIRE;FLEETGUARD // No aplica // No aplica //;AF25910 // MSA25910 // P50955 // P500955;U365;365;V1;8;16;C29;FILTROS/RESPUESTOS;FILTROS;GRUPO ELECTROGENO CUMMINS C110;KG;ZPAN;1000094638;ADJUDICADO;4500137602;;;;30/9/2026;31/8/2026;C29;10159007
00365 RIO TINTO;1003093;ZSTO;FILTRO DE COMBUSTIBLE;VOLVO CONS // VOLVO CONS;P22480372 // VOE15126069;U365;365;V1;27;58;C29;FILTROS/RESPUESTOS;FILTROS;VOLVO FM460;KG;ZPAN;1000095128;DESPACHADO;4500138013;15/9/2026;15/9/2026;16/9/2026;9/10/2026;9/9/2026;C29;10159774
00365 RIO TINTO;1003094;ZSTO;FILTRO DE DRENAJE BOMBA;VOLVO CONS // No aplica //;21392404 // 7632141111 // 20580233;U365;365;V1;11;23;C29;FILTROS/RESPUESTOS;FILTROS;VOLVO 330 // VOLVO FM460;KG;ZPAN;1000094971;DESPACHADO;4500138013;15/9/2026;15/9/2026;16/9/2026;7/10/2026;7/9/2026;C29;10159523
00365 RIO TINTO;1003096;ZSTO;FILTRO DE AIRE TANQUE DE COMBUSTIBLE;VOLVO CONS // DONALDSON;21743197 // P954869;U365;365;V1;22;47;C29;FILTROS/RESPUESTOS;FILTROS;VOLVO 330 // VOLVO FM460;KG;ZPAN;1000094638;DESPACHADO;4500137627;10/9/2026;10/9/2026;11/9/2026;30/9/2026;31/8/2026;C29;10159007
00365 RIO TINTO;1003097;ZSTO;FILTRO DE AIRE PRIMARIO;VOLVO CONS;21337557;U365;365;V1;24;51;C29;FILTROS/RESPUESTOS;FILTROS;VOLVO FM460;KG;ZPAN;1000094971;DESPACHADO;4500138013;11/9/2026;11/9/2026;15/9/2026;7/10/2026;7/9/2026;C29;10159523
00365 RIO TINTO;1003121;ZSTO;FILTRO DE UREA;VOLVO CONS;82269261;U365;365;V1;9;19;C29;FILTROS/RESPUESTOS;FILTROS;VOLVO 330;KG;MOVIMIENTO 313 PENDIENTE;;;;;;;;;;
00365 RIO TINTO;1003167;ZSTO;FILTRO TRAMPA DE AGUA;CATERPILLA;4395037;U365;365;V1;2;3;C29;FILTROS/RESPUESTOS;FILTROS;CHIEFTAIN 2100 X;KG;MOVIMIENTO 313 PENDIENTE;;;;;;;;;;
00365 RIO TINTO;1003177;ZSTO;FILTRO TRAMPA DE AGUA;CATERPILLA;4238524;U365;365;V1;2;3;C29;FILTROS/RESPUESTOS;FILTROS;CAT 950;KG;ZPAN;1000094638;DESPACHADO;4500137606;11/9/2026;11/9/2026;15/9/2026;30/9/2026;31/8/2026;C03;10159007
00365 RIO TINTO;1003181;ZSTO;FILTRO DE COMBUSTIBLE;DBT S.A. // FLEETGUARD // DONALDSON // HIFI FILTE;3048841 // FF 5259 // P502166 // SN 21590;U365;365;V1;8;17;C29;FILTROS/RESPUESTOS;FILTROS;HIMOINSA LTA 8 V LED;KG;ZPAN;1000093777;ADJUDICADO;4500136773;;;;18/9/2026;14/8/2026;C03;10157619
00365 RIO TINTO;1003183;ZSTO;FILTRO DE ACEITE MOTOR;DBT S.A. // // DONALDSON // // // // FLEETGUARD;3035098 // LF3925 // P502067 // T 600 // W67/1 // W671 // LF3925;U365;365;V1;3;6;C29;FILTROS/RESPUESTOS;FILTROS;HIMOINSA LTA 8 V LED;KG;MOVIMIENTO 313 PENDIENTE;;;;;;;;;;
00365 RIO TINTO;1003215;ZSTO;FILTRO DE AIRE PRIMARIO;CATERPILLA //;3862099 // 5771435;U365;365;V1;2;3;C29;FILTROS/RESPUESTOS;FILTROS;CAT 815 K;KG;ZPAN;1000094238;DESPACHADO;4500136603;14/9/2026;14/9/2026;15/9/2026;24/9/2026;24/8/2026;C29;10158366
00365 RIO TINTO;1003216;ZSTO;FILTRO DE AIRE SECUNDARIO;CATERPILLA;3318108;U365;365;V1;2;3;C29;FILTROS/RESPUESTOS;FILTROS;CAT 815 K;KG;MOVIMIENTO 313 PENDIENTE;;;;;;;;;;
00365 RIO TINTO;1003217;ZSTO;FILTRO DE COMBUSTIBLE;CATERPILLA;3608958;U365;365;V1;2;3;C29;FILTROS/RESPUESTOS;FILTROS;CAT 815 K;KG;MOVIMIENTO 313 PENDIENTE;;;;;;;;;;
00365 RIO TINTO;1003219;ZSTO;FILTRO VENTILACION DE CARTER;CATERPILLA;2735711;U365;365;V1;2;3;C29;FILTROS/RESPUESTOS;FILTROS;CAT 815 K;KG;MOVIMIENTO 313 PENDIENTE;;;;;;;;;;
00365 RIO TINTO;1003237;ZSTO;FILTRO DE COMBUSTIBLE;CATERPILLA;5000480;U365;365;V1;6;12;C29;FILTROS/RESPUESTOS;FILTROS;CAT 140K;KG;ZPAN;1000094522;DESPACHADO;4500137606;11/9/2026;11/9/2026;15/9/2026;28/9/2026;28/8/2026;C03;10158870
00365 RIO TINTO;1003238;ZSTO;FILTRO TRAMPA DE AGUA;CATERPILLA //;4367077 // SN40863;U365;365;V1;4;8;C29;FILTROS/RESPUESTOS;FILTROS;CAT 140K;KG;MOVIMIENTO 313 PENDIENTE;;;;;;;;;;
00365 RIO TINTO;1003246;ZSTO;FILTRO DE TANQUE HIDRAULICO;REMOLQUES // HIFI FILTE;14896990 // SH 93214;U365;365;V1;6;12;C29;FILTROS/RESPUESTOS;FILTROS;VOLCADORA OMBU;KG;ZPAN;1000094098;CUMPLIDO PARCIAL;4500136530;1/9/2026;2/9/2026;8/9/2026;21/9/2026;21/8/2026;C29;10158165
00365 RIO TINTO;1003247;ZSTO;FILTRO DE VENTEO TANQUE HIDRAULICO;FILPLUS // No aplica;MSA07 // TAP0126;U365;365;V1;6;12;C29;FILTROS/RESPUESTOS;FILTROS;VOLCADORA OMBU;KG;MOVIMIENTO 313 PENDIENTE;;;;;;;;;;
00365 RIO TINTO;1003278;ZSTO;FILTRO DE ACEITE MOTOR;TEREX // BALDWIN // //;RPTX07049700120 // B7177 // NRPSANB222100000303 // LF3970;U365;365;V1;2;3;C29;FILTROS/RESPUESTOS;FILTROS;TEREX RT 35;KG;ZPAN;1000093048;ADJUDICADO;4500134901;;;;30/10/2026;4/8/2026;C29;10156483
00365 RIO TINTO;1003373;ZSTO;FILTROAIREACONDCABINAEXTERIORINTERIOR;VOLVO CONS;21758906;U365;365;V1;9;19;C29;FILTROS/RESPUESTOS;FILTROS;VOLVO FM460;KG;MOVIMIENTO 313 PENDIENTE;;;;;;;;;;
00365 RIO TINTO;1003718;ZSTO;BULON DE CUCHILLAS LATERALES M.;CATERPILLA;1J6762;U365;365;V1;68;147;C29;FILTROS/RESPUESTOS;REPUESTOS;CAT 140K;KG;ZPAN;1000095369;ADJUDICADO;4500138748;;;;11/10/2026;11/9/2026;C29;10160079
00365 RIO TINTO;1003904;ZSTO;SUPLEMENTO GUIA;CATERPILLA // CATERPILLA //;5T8366 / 446-1524 // 4461524 // 4461524;U365;365;V1;8;16;C29;FILTROS/RESPUESTOS;REPUESTOS;CAT 140H;KG;MOVIMIENTO 313 PENDIENTE;;;;;;;;;;
00365 RIO TINTO;1003953;ZSTO;BATERIA 12V 75AMP;MOURA;M30LD;U365;365;V1;9;19;C03;EQUIPOS;REPUESTOS;hilux 2017 en adelante;KG;MOVIMIENTO 313 PENDIENTE;;;;;;;;;;
00365 RIO TINTO;1003957;ZSTO;BATERIA 12V 110 AMP  318X162X220;MOURA;ME100HA;U365;365;V1;11;23;C29;FILTROS/RESPUESTOS;REPUESTOS;BOMAG;KG;MOVIMIENTO 313 PENDIENTE;;;;;;;;;;
00365 RIO TINTO;1004405;ZSTO;RESPIRADERO HIDRAULICO;;1915439;U365;365;V1;2;3;C29;FILTROS/RESPUESTOS;FILTROS;FILTRO HIDRAULICO;KG;ZPAN;1000094774;DESPACHADO;4500137606;11/9/2026;11/9/2026;15/9/2026;2/10/2026;2/9/2026;C03;10159254
00365 RIO TINTO;1004687;ZSTO;TUERCA DE RUEDA VOLVO;VOLVO CONS;21303956;U365;365;V1;17;37;C29;FILTROS/RESPUESTOS;REPUESTOS;VOLVO 460 FMX;KG;ZPAN;1000090982;DESPACHADO;4500131647;2/7/2026;2/7/2026;8/7/2026;29/7/2026;29/6/2026;C29;10153500
00365 RIO TINTO;1009472;ZSTO;GUANTE VAQUETA MEDIO PASEO-FORRADO X PAR;;TALLE 10;U365;365;V1;249;538;C28;SEGURIDAD/ROPA/EPP;SEGURIDAD;INDUMENTARIA;KG;ZPAN;1000094438;ADJUDICADO;4500137335;;;;27/9/2026;27/8/2026;C28;10158727
00365 RIO TINTO;1009477;ZSTO;"PANTALON TERMICO ""ROJO"" T XL";;;U365;365;V1;24;51;C28;SEGURIDAD/ROPA/EPP;ROPA;INDUMENTARIA -15;KG;ZPAN;1000093777;ADJUDICADO;4500136284;;;;22/9/2026;14/8/2026;C28;10157619
00365 RIO TINTO;1009478;ZSTO;"PANTALON TERMICO ""ROJO"" T XXL";;;U365;365;V1;24;51;C28;SEGURIDAD/ROPA/EPP;ROPA;INDUMENTARIA -15;KG;ZPAN;1000095369;ADJUDICADO;4500138430;;;;11/10/2026;11/9/2026;C28;10160079
00365 RIO TINTO;1015809;ZSSD;LIMPIA VIDRIOS X 5 LTS;;;U365;365;V1;10;21;C17;INSUMOS A;LIMPIEZA;INSUMOS;KG;ZPAN;1000095470;SIN TRATAMIENTO;;;;;14/10/2026;14/9/2026;;10160264
00365 RIO TINTO;1016076;ZSTO;SEGMENTO E/ PORTAUÑAS BALDE-50/60BPE120;VOLVO CONS // VOLVO CONS;VOE14619306 // 50/60BPE120;U365;365;V1;9;19;C29;FILTROS/RESPUESTOS;DESGASTE;VOLVO EC 480D;KG;ZPAN;1000091116;DESPACHADO;4500132229;14/9/2026;14/9/2026;15/9/2026;18/9/2026;1/7/2026;C29;10153643
00365 RIO TINTO;1016163;ZSTO;FILTRO TRAMPA DE AGUA;VOLVO MAQU;17515206;U365;365;V1;3;6;C29;FILTROS/RESPUESTOS;FILTROS;VOLVO EC 480D;KG;ZPAN;1000094854;DESPACHADO;4500137723;11/9/2026;11/9/2026;11/9/2026;3/10/2026;3/9/2026;C29;10159357
00365 RIO TINTO;1016164;ZSTO;FILTRO DE BOMBA SERVO-SISTEMA;VOLVO MAQU;14750655;U365;365;V1;3;6;C29;FILTROS/RESPUESTOS;FILTROS;VOLVO EC 480D;KG;ZPAN;1000094854;DESPACHADO;4500137723;11/9/2026;11/9/2026;11/9/2026;3/10/2026;3/9/2026;C29;10159357
00365 RIO TINTO;1016195;ZSTO;CUBIERTA DELANTERO 13 R 22.5 I;PIRELLI NE //;FG:01 // S811;U365;365;V1;4;8;C03;EQUIPOS;CUBIERTAS;CAMION;KG;MOVIMIENTO 313 PENDIENTE;;;;;;;;;;
00365 RIO TINTO;1016495;ZSSD;CASCO CARCAZA VERDE OSCURO;;;U365;365;V1;18;39;C28;SEGURIDAD/ROPA/EPP;SEGURIDAD;ACCESORIO SEGURIDAD;KG;ZPAN;1000095369;SIN TRATAMIENTO;;;;;11/10/2026;11/9/2026;;10160079
00365 RIO TINTO;1016646;ZSSD;CMASTRA FILTRO DE AIRE SECUNDARIO;CNH INDUST;DONALDSON P777875/CNH 98128076AS;U365;365;V1;6;12;AGV;COMPRAS AGV;REPUESTOS;FILTROS;KG;ZPAN;1000094098;ADJUDICADO;4500136728;;;;21/9/2026;21/8/2026;AGV;10158165
00365 RIO TINTO;1016647;ZSSD;CMASTRA TRAMPA DE AGUA;MAHLE FILT; FPT 5801586769;U365;365;V1;6;12;AGV;COMPRAS AGV;REPUESTOS;FILTROS;KG;ZPAN;1000094098;SIN TRATAMIENTO;;;;;21/9/2026;21/8/2026;;10158165
00365 RIO TINTO;1016648;ZSSD;CMASTRA TRAMPA DE AGUA (CUADRADO);DONALDSON;P550904;U365;365;V1;6;12;AGV;COMPRAS AGV;REPUESTOS;FILTROS;KG;ZPAN;1000094098;ADJUDICADO;4500136728;;;;21/9/2026;21/8/2026;AGV;10158165
00365 RIO TINTO;1016649;ZSSD;CMASTRA FILTRO DE COMBUSTIBLE;DONALDSON;FPT 5801586769/MAHLE KC171/P763995;U365;365;V1;6;12;AGV;COMPRAS AGV;REPUESTOS;FILTROS;KG;ZPAN;1000094098;SIN TRATAMIENTO;;;;;21/9/2026;21/8/2026;;10158165
00365 RIO TINTO;1016650;ZSSD;CMASTRA FILTRO ACEITE DE MOTOR;DONALDSON;IVECO 2992544/MAHLE OC474/DONAL P551037;U365;365;V1;6;12;AGV;COMPRAS AGV;REPUESTOS;FILTROS;KG;ZPAN;1000094971;SIN TRATAMIENTO;;;;;7/10/2026;7/9/2026;;10159523
00365 RIO TINTO;1016655;ZSSD;CMASTRA CORREA ALTERNADOR;REPUESTOS;12PK1815;U365;365;V1;4;8;AGV;COMPRAS AGV;REPUESTOS;CORREAS;KG;ZPAN;1000080831;ADJUDICADO;4500119588;;;;2/2/2026;12/1/2026;AGV;10140109
00365 RIO TINTO;1016705;ZSTO;Filtro de Combustible;SANY HEAVY //;RPSAN160604020018 // P550529;U365;365;V1;12;25;C29;FILTROS/RESPUESTOS;FILTROS;CAMION FUERA DE RUTA SANY SKT 90S;KG;ZPAN;1000094638;ADJUDICADO;4500137602;;;;30/9/2026;31/8/2026;C29;10159007
00365 RIO TINTO;1016706;ZSTO;Filtro Secador de Aire - Frenos;SANY HEAVY //;RPSAN152599000112A001 // P951413;U365;365;V1;3;6;C29;FILTROS/RESPUESTOS;FILTROS;CAMION FUERA DE RUTA SANY SKT 90S;KG;ZPAN;1000088132;CUMPLIDO PARCIAL;4500127624;25/6/2026;25/6/2026;26/6/2026;11/6/2026;11/5/2026;C29;10149772
00365 RIO TINTO;1016708;ZSTO;Filtro A/A Cabina Interior;SANY HEAVY;RPSAN141502000077;U365;365;V1;6;12;C29;FILTROS/RESPUESTOS;FILTROS;CAMION FUERA DE RUTA SANY SKT 90S;KG;ZPAN;1000082288;CUMPLIDO PARCIAL;4500119710;12/8/2026;21/2/2026;12/8/2026;17/2/2026;3/2/2026;C29;10142059
00365 RIO TINTO;1016711;ZSTO;Filtro Trampa de Agua;SANY HEAVY //;RPSAN160603020024A // P550778;U365;365;V1;13;27;C29;FILTROS/RESPUESTOS;FILTROS;CAMION FUERA DE RUTA SANY SKT 90S;KG;ZPAN;1000094638;ADJUDICADO;4500137602;;;;30/9/2026;31/8/2026;C29;10159007
00365 RIO TINTO;1016712;ZSTO;Filtro Combustible c/ Sensor;SANY HEAVY //;RPSAN160604020017 // P 550778;U365;365;V1;23;49;C29;FILTROS/RESPUESTOS;FILTROS;CAMION FUERA DE RUTA SANY SKT 90S;KG;ZPAN;1000094587;SIN TRATAMIENTO;;;;;30/9/2026;30/8/2026;;10158933
00365 RIO TINTO;1016715;ZSTO;Filtro Hidraulico Direccion;SANY HEAVY //;RPSAN60345316 // SH75010;U365;365;V1;3;6;C29;FILTROS/RESPUESTOS;FILTROS;CAMION FUERA DE RUTA SANY SKT 90S;KG;ZPAN;1000091523;CUMPLIDO PARCIAL;4500132402;16/7/2026;16/7/2026;21/7/2026;8/8/2026;8/7/2026;C29;10154210
00365 RIO TINTO;1016716;ZSTO;CORREA POLI V SKT90;SANY HEAVY //;RPSAN160399000008A // 12PK1308;U365;365;V1;7;14;C03;EQUIPOS;CORREAS;CAMION FUERA DE RUTA SANY SKT 90S;KG;ZPAN;1000094638;ADJUDICADO;4500137373;;;;30/9/2026;31/8/2026;C03;10159007
00365 RIO TINTO;1016717;ZSTO;CORREA A/A SKT90;SANY HEAVY //;RPSAN60141428 // 6PK1400;U365;365;V1;7;14;C29;FILTROS/RESPUESTOS;CORREAS;CAMION FUERA DE RUTA SANY SKT 90S;KG;SIN PEDIDO;;;;;;;;;;
00365 RIO TINTO;1016950;ZSSD;ARRANCAMOTOR AEROSOL WURTH START-RAPID;;;U365;365;V1;27;58;C27;FERRETERIA MR01;FERRETERIA;INSUMOS;KG;ZPAN;1000094971;ADJUDICADO;4500138453;;;;7/10/2026;7/9/2026;C27;10159523
00365 RIO TINTO;1016957;ZSSD;SEPARADOR A4 PLASTICO C LENGUETAS;;MÚLT. 12U;U365;365;V1;8;16;C17;INSUMOS A;LIBRERIA;PAPEL;KG;MOVIMIENTO 313 PENDIENTE;;;;;;;;;;
00365 RIO TINTO;1016965;ZSSD;PORTABLOCK ACRILICO C CLIP SUPERIOR;;;U365;365;V1;36;77;C17;INSUMOS A;LIBRERIA;ACCESORIOS;KG;MOVIMIENTO 313 PENDIENTE;;;;;;;;;;
00365 RIO TINTO;1016982;ZSSD;FOLIO A4 ST X100;;;U365;365;V1;6;12;C17;INSUMOS A;LIBRERIA;PAPEL;KG;MOVIMIENTO 313 PENDIENTE;;;;;;;;;;
00365 RIO TINTO;1016995;ZSSD;BROCHES FLEX CON FILO N50 X1000;;;U365;365;V1;8;17;C17;INSUMOS A;LIBRERIA;LIBRERIA;KG;MOVIMIENTO 313 PENDIENTE;;;;;;;;;;
00365 RIO TINTO;1017016;ZSSD;MARCADOR PERMANENTE NEGRO;;MÚLT. 10U;U365;365;V1;5;10;C17;INSUMOS A;LIBRERIA;ESCRITURA;KG;MOVIMIENTO 313 PENDIENTE;;;;;;;;;;
00365 RIO TINTO;1017049;ZSSD;TRAPO DE PISO REFORZADO;;;U365;365;V1;9;19;C17;INSUMOS A;LIMPIEZA;LIMPIEZA /SEGURIDAD;KG;ZPAN;1000094971;ADJUDICADO;4500138514;;;;7/10/2026;7/9/2026;C17;10159523
00365 RIO TINTO;1017141;ZSSD;ADHESIVO INSTANTAN TIPO LOCTITE 401X20GR;;;U365;365;V1;2;4;C27;FERRETERIA MR01;EQUIPOS;ADHESIVOS;KG;ZPAN;1000095590;SIN TRATAMIENTO;;;;;16/10/2026;16/9/2026;;10160457
00365 RIO TINTO;1017891;ZSTO;Filtro Cabina Interior;CATERPILLA //;SG014520304 // 5000957;U365;365;V1;2;4;C29;FILTROS/RESPUESTOS;FILTROS;FILTRO AIRE;KG;ZPAN;1000094638;DESPACHADO;4500137606;11/9/2026;11/9/2026;15/9/2026;30/9/2026;31/8/2026;C03;10159007
00365 RIO TINTO;1017948;ZSTO;Conjunto Respiradero;CATERPILLA;1833873;U365;365;V1;3;6;C29;FILTROS/RESPUESTOS;REPUESTOS;140K;KG;MOVIMIENTO 313 PENDIENTE;;;;;;;;;;
00365 RIO TINTO;1017962;ZSTO;Respiradero Tanque Combustible;JOHN DEERE;H216169;U365;365;V1;3;6;C29;FILTROS/RESPUESTOS;FILTROS;JD670D;KG;ZPAN;1000094971;ADJUDICADO;4500138227;;;;7/10/2026;7/9/2026;C29;10159523
00365 RIO TINTO;1017974;ZSTO;LIMPIACONTACTOS AEROSOL X240ML;;440CC 350G DELTA // WURTH 300ML;U365;365;V1;16;35;C27;FERRETERIA MR01;INSUMOS;INFORMATICA;KG;ZPAN;1000095590;SIN TRATAMIENTO;;;;;16/10/2026;16/9/2026;;10160457
00365 RIO TINTO;1018427;ZSTO;Correa A/A;CATERPILLA;1749030;U365;365;V1;2;3;C29;FILTROS/RESPUESTOS;CORREAS;CAT D6T;KG;ZPAN;1000092609;DESPACHADO;4500134261;14/9/2026;14/9/2026;15/9/2026;18/9/2026;27/7/2026;C29;10155821
00365 RIO TINTO;1018495;ZSSD;FILTRO DE AIRE;DONALDSON;P776158;U365;365;V1;3;6;AGV;COMPRAS AGV;FILTROS;?;KG;ZPAN;1000094971;SIN TRATAMIENTO;;;;;7/10/2026;7/9/2026;;10159523
00365 RIO TINTO;1018496;ZSSD;FILTRO DE ACEITE;FLEETGUARD;LF3349;U365;365;V1;6;12;AGV;COMPRAS AGV;REPUESTOS;FILTROS;KG;ZPAN;1000094971;SIN TRATAMIENTO;;;;;7/10/2026;7/9/2026;;10159523
00365 RIO TINTO;1018510;ZSTO;Filtro Hidraulico;COMPACTADO;5825002;U365;365;V1;2;3;C29;FILTROS/RESPUESTOS;FILTROS;BOMAG;KG;ZPAN;1000093048;DESPACHADO;4500134899;8/9/2026;8/9/2026;10/9/2026;30/10/2026;4/8/2026;C29;10156483
00365 RIO TINTO;1018578;ZSSD;CUCHILLAS KOMATSU (5 AGUJEROS);IGARRETA M;12Y-72-11220;U365;365;V1;2;3;C29;FILTROS/RESPUESTOS;REPUESTOS;KOMATSU;KG;ZPAN;1000093048;ADJUDICADO;4500135060;;;;30/10/2026;4/8/2026;C29;10156483
00365 RIO TINTO;1018590;ZSSD;FILTRO ACEITE MOTOR;FLEETGUARD;FS1015;U365;365;V1;3;6;C29;FILTROS/RESPUESTOS;REPUESTOS;FILTROS;KG;MOVIMIENTO 313 PENDIENTE;;;;;;;;;;
00365 RIO TINTO;1018847;ZSSD;FILTRO DE COMBUSTIBLE;FLEETGUARD;FF5688;U365;365;V1;8;16;AGV;COMPRAS AGV;REPUESTOS;FILTROS;KG;ZPAN;1000093966;SIN TRATAMIENTO;;;;;19/9/2026;19/8/2026;;10157939
00365 RIO TINTO;1018850;ZSSD;FILTRO INTERNO (A/A);KOBELCO CO;LQ50V01007P1;U365;365;V1;4;8;AGV;COMPRAS AGV;REPUESTOS;FILTROS;KG;ZPAN;1000094316;SIN TRATAMIENTO;;;;;25/9/2026;25/8/2026;;10158483
00365 RIO TINTO;1018855;ZSSD;FILTRO COLADOR TANQUE DE COMBUSTIBLE;KOBELCO CO;YN50V00029P1;U365;365;V1;5;10;AGV;COMPRAS AGV;REPUESTOS;FILTROS;KG;ZPAN;1000074118;ADJUDICADO;4500111062;;;;4/10/2025;16/9/2025;AGV;10131113
00365 RIO TINTO;1018863;ZSSD;CORREA VENTILADOR;KOBELCO CO;VHSZ91049259;U365;365;V1;9;19;AGV;COMPRAS AGV;REPUESTOS;CORREAS;KG;ZPAN;1000089024;CUMPLIDO PARCIAL;4500133081;6/8/2026;;;15/9/2026;26/5/2026;AGV;10150954
00365 RIO TINTO;1018864;ZSSD;CORREA ALTERNADOR;KOBELCO CO;VHSZ91049258;U365;365;V1;6;12;AGV;COMPRAS AGV;REPUESTOS;AUTOMOTOR;KG;ZPAN;1000073104;ADJUDICADO;4500111070;;;;19/9/2025;1/9/2025;AGV;10129814
00365 RIO TINTO;1018897;ZSSD;FILTRO DE COMBUSTIBLE;FLEETGUARD;FF5688;U365;365;V1;4;8;AGV;COMPRAS AGV;REPUESTOS;FILTROS;KG;ZPAN;1000092143;ADJUDICADO;4500135205;;;;20/8/2026;20/7/2026;AGV;10155124
00365 RIO TINTO;1018900;ZSSD;FILTRO EXTERNO (A/A);KOBELCO CO;LQ50V01009P1;U365;365;V1;6;12;AGV;COMPRAS AGV;REPUESTOS;FILTROS;KG;ZPAN;1000094316;SIN TRATAMIENTO;;;;;25/9/2026;25/8/2026;;10158483
00365 RIO TINTO;1018901;ZSSD;FILTRO HIDRAULICO (STRAINER);KOBELCO CO;LC50V00006S001;U365;365;V1;3;6;AGV;COMPRAS AGV;REPUESTOS;FILTROS;KG;ZPAN;1000093652;SIN TRATAMIENTO;;;;;13/9/2026;13/8/2026;;10157429
00365 RIO TINTO;1018903;ZSSD;FILTRO COLADOR TANQUE DE COMBUSTIBLE;KOBELCO CO;YN50V00029P1;U365;365;V1;3;6;AGV;COMPRAS AGV;REPUESTOS;FILTROS;KG;ZPAN;1000074118;CUMPLIDO PARCIAL;4500111062;21/5/2026;;;4/10/2025;16/9/2025;AGV;10131113
00365 RIO TINTO;1018904;ZSSD;FILTRO DE ACEITE DE MOTOR;SANY HEAVY;B222100000494;U365;365;V1;3;6;AGV;COMPRAS AGV;REPUESTOS;FILTRO;KG;ZPAN;1000094971;SIN TRATAMIENTO;;;;;7/10/2026;7/9/2026;;10159523
00365 RIO TINTO;1018909;ZSSD;FILTRO DE CABINA (A/A);SANY HEAVY;60250669;U365;365;V1;2;3;AGV;COMPRAS AGV;REPUESTOS;FILTRO;KG;ZPAN;1000093048;ADJUDICADO;4500135943;;;;4/9/2026;4/8/2026;AGV;10156483
00365 RIO TINTO;1018911;ZSSD;FILTRO COLADOR COMBUSTIBLE;SANY HEAVY;60117826;U365;365;V1;2;4;AGV;COMPRAS AGV;REPUESTOS;FILTROS;KG;SIN PEDIDO;;;;;;;;;;
00365 RIO TINTO;1018914;ZSSD;FILTRO DEL RESPIRADERO;SANY HEAVY;60186788;U365;365;V1;2;3;AGV;COMPRAS AGV;REPUESTOS;FILTRO;KG;ZPAN;1000093048;ADJUDICADO;4500135943;;;;4/9/2026;4/8/2026;AGV;10156483
00365 RIO TINTO;1018917;ZSSD;FILTRO HIDRAULICO RETORNO;SANY HEAVY;60210416;U365;365;V1;2;3;AGV;COMPRAS AGV;REPUESTOS;FILTRO;KG;ZPAN;1000093048;ADJUDICADO;4500135943;;;;4/9/2026;4/8/2026;AGV;10156483
00365 RIO TINTO;1018918;ZSSD;FILTRO LINEA PILOTO DE BOMBA;SANY HEAVY;A222100000119;U365;365;V1;2;3;C29;FILTROS/RESPUESTOS;REPUESTOS;FILTRO;KG;ZPAN;1000093048;ADJUDICADO;4500134901;;;;30/10/2026;4/8/2026;C29;10156483
00365 RIO TINTO;1018924;ZSSD;FILTRO DE ACEITE DE MOTOR;DONALDSON;P551037;U365;365;V1;2;4;C03;EQUIPOS;?;?;KG;ZPAN;1000093777;ADJUDICADO;4500137169;;;;18/9/2026;14/8/2026;C03;10157619
00365 RIO TINTO;1022005;ZSSD;ACEITE MINERIA 80W90;TUTELKAN S;80W90;U365;365;V1;2;3;AGV;COMPRAS AGV;INSUMOS;ACEITES;KG;MOVIMIENTO 313 PENDIENTE;;;;;;;;;;
00365 RIO TINTO;1022039;ZSTO;FILTRO CABINA RECIRCULACION;COMPACTADO // COMPACTADO;05990092 // 05990092;U365;365;V1;2;3;C29;FILTROS/RESPUESTOS;FILTROS;BOMAG 213;KG;SIN PEDIDO;;;;;;;;;;
00365 RIO TINTO;1022808;ZSTO;CORREA ALTERNADOR;;185-5872;U365;365;V1;4;8;C03;EQUIPOS;CORREAS;CORREAS;KG;ZPAN;1000094098;DESPACHADO;4500137606;15/9/2026;11/9/2026;16/9/2026;21/9/2026;21/8/2026;C03;10158165
00365 RIO TINTO;1023166;ZSTO;INSERTO PATIN DE CIRCULO;;T453855 SUB FOR T418899;U365;365;V1;27;58;C03;EQUIPOS;;;KG;ZPAN;1000094098;DESPACHADO;4500137285;10/9/2026;10/9/2026;11/9/2026;21/9/2026;21/8/2026;C29;10158165
00365 RIO TINTO;1025993;ZSSD;FILTRO DE AIRE PRIMARIO;KOBELCO CO;YN11P00029S003;U365;365;V1;5;10;AGV;COMPRAS AGV;REPUESTOS;FILTROS;KG;ZPAN;1000094971;SIN TRATAMIENTO;;;;;7/10/2026;7/9/2026;;10159523
00365 RIO TINTO;1025998;ZSSD;FILTRO HIDRAULICO;KOBELCO CO;YN52V01025R100;U365;365;V1;2;3;AGV;COMPRAS AGV;REPUESTOS;FILTRO;KG;SIN PEDIDO;;;;;;;;;;
00365 RIO TINTO;1026287;ZSCD;FILTRO TRAMPA DE AGUA;SANY INTER;4110001939068;U365;365;V1;1;2;AGV;COMPRAS AGV;;;KG;ZPAN;1000094971;SIN TRATAMIENTO;;;;;7/10/2026;7/9/2026;;10159523
00365 RIO TINTO;1026762;ZSSD;FILTRO DE AIRE PRIMARIO;FLEETGUARD;AF25454;U365;365;V1;2;3;AGV;COMPRAS AGV;FILTROS;JD3350;KG;ZPAN;1000094971;SIN TRATAMIENTO;;;;;7/10/2026;7/9/2026;;10159523
00365 RIO TINTO;1027639;ZSSD;UÑA;KOMATSU HO;202-70-12130;U365;365;V1;6;12;C29;FILTROS/RESPUESTOS;DESGASTE;KOMATSU;KG;MOVIMIENTO 313 PENDIENTE;;;;;;;;;;
00365 RIO TINTO;1027761;ZSTO;FILTRO DE AIRE PRIMARIO;CNH;CNH47931042;U365;365;V1;2;3;C29;FILTROS/RESPUESTOS;FILTROS;?;KG;ZPAN;1000093048;ADJUDICADO;4500138211;;;;4/9/2026;4/8/2026;AGV;10156483
00365 RIO TINTO;1027762;ZSTO;FILTRO DE AIRE SECUNDARIO;CNH;CNH47931043;U365;365;V1;2;4;C29;FILTROS/RESPUESTOS;FILTROS;?;KG;ZPAN;1000091116;ADJUDICADO;4500138211;;;;1/8/2026;1/7/2026;AGV;10153643
00365 RIO TINTO;1027764;ZSTO;CORREA A/A;SKF;4PK1025;U365;365;V1;2;3;C29;FILTROS/RESPUESTOS;CORREAS;?;KG;ZPAN;1000093421;ADJUDICADO;4500135882;;;;18/9/2026;10/8/2026;C29;10157053
00365 RIO TINTO;1027766;ZSTO;FILTRO COMB.;CNH;CNH5802104260;U365;365;V1;2;3;C29;FILTROS/RESPUESTOS;FILTROS;?;KG;ZPAN;1000093048;ADJUDICADO;4500138211;;;;4/9/2026;4/8/2026;AGV;10156483
00365 RIO TINTO;1027768;ZSTO;FILTRO COLADOR TANQUE HIDRAULICO;CNH;CNH47906175;U365;365;V1;2;3;C29;FILTROS/RESPUESTOS;FILTROS;?;KG;ZPAN;1000093048;ADJUDICADO;4500138211;;;;4/9/2026;4/8/2026;AGV;10156483
00365 RIO TINTO;1027769;ZSTO;FILTRO HIDRAULICO;CNH;CNH V204010/60156;U365;365;V1;2;3;C29;FILTROS/RESPUESTOS;FILTROS;?;KG;ZPAN;1000093048;ADJUDICADO;4500138211;;;;4/9/2026;4/8/2026;AGV;10156483
00365 RIO TINTO;1027886;ZSSD;FILTRO DE COMBUSTIBLE;KOBELCO CO;KX437D;U365;365;V1;3;6;AGV;COMPRAS AGV;REPUESTOS;FILTROS;KG;ZPAN;1000093966;SIN TRATAMIENTO;;;;;19/9/2026;19/8/2026;;10157939
00365 RIO TINTO;1028162;ZSSD;CORREA COMPRESOR A/A;DISTRIBUID;217638 - (6PK1115);U365;365;V1;2;3;C29;FILTROS/RESPUESTOS;CORREAS;AIRE ACONDICIONADO;KG;MOVIMIENTO 313 PENDIENTE;;;;;;;;;;
00365 RIO TINTO;1028201;ZSSD;CORREA ALTERNADOR;;04122-22279 (22X1950) - SHANTUI;U365;365;V1;2;3;C29;FILTROS/RESPUESTOS;CORREAS;?;KG;ZPAN;1000093048;ADJUDICADO;4500135585;;;;30/10/2026;4/8/2026;C29;10156483
00365 RIO TINTO;1028209;ZSSD;CANTONERA IZQUIERDA SHANTUI;HENSLEY;175-71-22272 - SHANTUI;U365;365;V1;2;3;AGV;COMPRAS AGV;REPUESTOS;?;KG;ZPAN;1000093048;SIN TRATAMIENTO;;;;;4/9/2026;4/8/2026;;10156483
00365 RIO TINTO;1028210;ZSSD;CANTONERA DERECHA;;175-71-22282 - SHANTUI;U365;365;V1;2;3;AGV;COMPRAS AGV;DESGASTE;?;KG;ZPAN;1000093048;SIN TRATAMIENTO;;;;;4/9/2026;4/8/2026;;10156483
00365 RIO TINTO;1028213;ZSSD;FILTRO COLADOR COMBUSTIBLE;KOMATSU HO;07056-18416 - SHANTUI;U365;365;V1;2;3;C03;EQUIPOS;REPUESTOS;FILTRO;KG;ZPAN;1000092143;ADJUDICADO;4500133336;;;;18/9/2026;20/7/2026;C03;10155124
00365 RIO TINTO;1028214;ZSSD;FILTRO DE RETORNO HIDRAULICO;;175-49-11222 - SHANTUI;U365;365;V1;2;3;C29;FILTROS/RESPUESTOS;REPUESTOS;FILTRO;KG;ZPAN;1000093048;DESPACHADO;4500134790;10/9/2026;10/9/2026;10/9/2026;30/10/2026;4/8/2026;C03;10156483
00365 RIO TINTO;1028318;ZSSD;ACEITE ATF MERCON LV;;FT R/RA/5A MOTORCRAFT;U365;365;V1;2;3;C03;EQUIPOS;LUBRICANTES;ACEITES;KG;ZPAN;1000094971;ADJUDICADO;4500138508;;;;7/10/2026;7/9/2026;C03;10159523
00365 RIO TINTO;1029485;ZSSD;FILTRO AIRE PRIMARIO;FLEETGUARD;AF25551;U365;365;V1;6;12;AGV;COMPRAS AGV;REPUESTOS;FILTRO;KG;ZPAN;1000093777;ADJUDICADO;4500136728;;;;14/9/2026;14/8/2026;AGV;10157619
00365 RIO TINTO;1029489;ZSSD;CORREA VENTILADOR;;STORIKE - A-36;U365;365;V1;2;3;AGV;COMPRAS AGV;REPUESTOS;CORREAS;KG;MOVIMIENTO 313 PENDIENTE;;;;;;;;;;
00365 RIO TINTO;1029692;ZSTO;FILTRO DE ACEITE DE LA TRANSMISION;;6194313M1;U365;365;V1;2;3;AGV;COMPRAS AGV;REPUESTOS;FILTRO;KG;ZPAN;1000089812;SIN TRATAMIENTO;;;;;8/7/2026;8/6/2026;;10151904
00365 RIO TINTO;1033367;ZSSD;KIT FILTRO PRIMARIO Y SECUNDARIO;WEICHAI HE;612600115646;U365;365;V1;2;3;AGV;COMPRAS AGV;;;KG;ZPAN;1000094181;SIN TRATAMIENTO;;;;;20/9/2026;23/8/2026;;10158295
00365 RIO TINTO;1033369;ZSSD;FILTRO DE COMBUSTIBLE;WEICHAI HE;1000422382;U365;365;V1;4;8;AGV;COMPRAS AGV;FILTROS;?;KG;ZPAN;1000095128;SIN TRATAMIENTO;;;;;9/10/2026;9/9/2026;;10159774
00365 RIO TINTO;1033370;ZSSD;FILTRO TRAMPA DE AGUA;WEICHAI HE;1000964807;U365;365;V1;4;8;AGV;COMPRAS AGV;FILTROS;?;KG;ZPAN;1000095128;SIN TRATAMIENTO;;;;;9/10/2026;9/9/2026;;10159774
00365 RIO TINTO;1033377;ZSSD;CORREA DE ALTERNADOR;WEICHAI HE;8PK890;U365;365;V1;2;3;AGV;COMPRAS AGV;CORREAS;?;KG;ZPAN;1000091116;SIN TRATAMIENTO;;;;;1/8/2026;1/7/2026;;10153643
00365 RIO TINTO;1033378;ZSSD;CORREA DE BOMBA DE AGUA;WEICHAI HE;10PK1313;U365;365;V1;2;3;AGV;COMPRAS AGV;CORREAS;?;KG;ZPAN;1000093048;SIN TRATAMIENTO;;;;;4/9/2026;4/8/2026;;10156483
00365 RIO TINTO;1033415;ZSTO;FILTRO HIDRAULICO;;EA1761 /  P171543 // EA1761 /  P171543;U365;365;V1;2;3;C29;FILTROS/RESPUESTOS;FILTROS;HIDROGRUA PALFINGER PKB32080;KG;ZPAN;1000093048;DESPACHADO;4500134949;11/9/2026;11/9/2026;11/9/2026;30/10/2026;4/8/2026;C29;10156483
00365 RIO TINTO;1034220;ZSTO;JUNTA LATERAL MOTOR 6 CILINDROS;;3284623;U365;365;V1;2;3;C03;EQUIPOS;REPUESTOS;CUMMINS 4;KG;MOVIMIENTO 313 PENDIENTE;;;;;;;;;;
00365 RIO TINTO;1034628;ZSTO;JUNTA DE BALANCINES;;3027433 // 119718-11310;U365;365;V1;2;3;C03;EQUIPOS;REPUESTOS;HIMOINSA LTA 8 V LED;KG;ZPAN;1000093048;ADJUDICADO;4500136112;;;;30/10/2026;4/8/2026;AGV;10156483
00365 RIO TINTO;1034629;ZSTO;JUNTA TAPA PRINCIPAL;DBT S.A. //;3036097 // 119717-11331;U365;365;V1;2;3;C03;EQUIPOS;REPUESTOS;HIMOINSA LTA 8 V LED;KG;ZPAN;1000093048;ADJUDICADO;4500136112;;;;30/10/2026;4/8/2026;AGV;10156483
00365 RIO TINTO;1042668;ZSTO;FILTRO DE ACEITE MOTOR;;DZ118283;U365;365;V1;4;8;C29;FILTROS/RESPUESTOS;FILTROS;AUTOMOTOR;KG;ZPAN;1000094098;DESPACHADO;4500137666;14/9/2026;14/9/2026;15/9/2026;21/9/2026;21/8/2026;C29;10158165
00365 RIO TINTO;1042779;ZSTO;CORREA ALTERNADOR;SERVICAM R;8PK1546;U365;365;V1;2;4;AGV;COMPRAS AGV;CORREAS;?;KG;ZPAN;1000073641;ADJUDICADO;4500110665;;;;23/9/2025;9/9/2025;AGV;10130533
00365 RIO TINTO;1042782;ZSTO;FILTRO DE CABINA;SANY INTER;60305487;U365;365;V1;2;3;AGV;COMPRAS AGV;REPUESTOS;FILTRO;KG;ZPAN;1000093048;ADJUDICADO;4500135943;;;;4/9/2026;4/8/2026;AGV;10156483
00365 RIO TINTO;1042786;ZSTO;FILTRO HIDRAULICO DE ALTA PRESION;HIFI FILTE;60247816 / HIFI SH85069;U365;365;V1;2;4;AGV;COMPRAS AGV;REPUESTOS;FILTRO;KG;ZPAN;1000078730;ADJUDICADO;4500116346;;;;22/12/2025;1/12/2025;AGV;10137152
00365 RIO TINTO;1042787;ZSTO;FILTRO TRANSMISION;SANY INTER;SANY 130299000006A;U365;365;V1;2;3;AGV;COMPRAS AGV;REPUESTOS;FILTRO;KG;ZPAN;1000093048;ADJUDICADO;4500135943;;;;4/9/2026;4/8/2026;AGV;10156483
00365 RIO TINTO;1042870;ZSTO;CORREA;;8X-5922;U365;365;V1;2;4;C03;EQUIPOS;REPUESTOS;CORREAS;KG;MOVIMIENTO 313 PENDIENTE;;;;;;;;;;
00365 RIO TINTO;1046969;ZSTO;SELLO ANULAR;;4P-5524;U365;365;V1;2;4;C03;EQUIPOS;REPUESTOS;CAT;KG;ZPAN;1000094638;DESPACHADO;4500137606;11/9/2026;11/9/2026;15/9/2026;30/9/2026;31/8/2026;C03;10159007
00365 RIO TINTO;1048886;ZSTO;FILTRO AIRE PRIMARIO ADMISION;SANY HEAVY;400-038-9991;U365;365;V1;7;14;C29;FILTROS/RESPUESTOS;REPUESTOS;FILTRO;KG;ZPAN;1000091116;SIN TRATAMIENTO;;;;;1/8/2026;1/7/2026;;10153643
00365 RIO TINTO;1055204;ZSTO;MAMEL. 2°CAL. DESC. LAMIN.BLANCO 60GRXXL;GRUPO AIVI // // KLEENGUARD //;TP800 // MICROMAX NS/XXL // NUBO 401/XXL // A40/XXL;U365;365;V1;223;481;C28;SEGURIDAD/ROPA/EPP;SEGURIDAD;INDUMENTARIA;KG;MOVIMIENTO 313 PENDIENTE;;;;;;;;;;
00365 RIO TINTO;1055929;ZSTO;CUBIERTA 14.00 R25 TRACCION;;MAXAM TRACCION 14.00 R25;U365;365;V1;4;8;C03;EQUIPOS;CUBIERTAS;CUBIERTAS;KG;MOVIMIENTO 313 PENDIENTE;;;;;;;;;;
00365 RIO TINTO;1055932;ZSTO;CAMARA 14.00 R25;;14.00 R25;U365;365;V1;4;8;C03;EQUIPOS;CUBIERTAS;CUBIERTAS;KG;MOVIMIENTO 313 PENDIENTE;;;;;;;;;;
00365 RIO TINTO;1056086;ZSTO;BOLIGRAFO TRAZO GRUESO AZUL;;;U365;365;V1;53;114;C17;INSUMOS A;LIBRERIA;ESCRITURA;KG;ZPAN;1000095470;SIN TRATAMIENTO;;;;;14/10/2026;14/9/2026;;10160264
00365 RIO TINTO;1056100;ZSTO;BIBLIORATO PVC LOMO ANCHO A4;;;U365;365;V1;6;12;C17;INSUMOS A;LIBRERIA;ESCRITURA;KG;MOVIMIENTO 313 PENDIENTE;;;;;;;;;;
00365 RIO TINTO;1056101;ZSTO;CEPILLO VIOLIN P/LAVAR COCHES;;;U365;365;V1;27;58;C17;INSUMOS A;LIMPIEZA;INSUMOS;KG;MOVIMIENTO 313 PENDIENTE;;;;;;;;;;
00365 RIO TINTO;1056106;ZSTO;BLOCK ESPIRAL CUADRIC A5 X70HS;;;U365;365;V1;18;39;C17;INSUMOS A;LIBRERIA;ESCRITURA;KG;ZPAN;1000095128;SIN TRATAMIENTO;;;;;9/10/2026;9/9/2026;;10159774
00365 RIO TINTO;1057004;ZSTO;FILTRO DE CABINA INTERIOR (A/A);WEICHAI HE;SHANTUI 113K-58D-00001;U365;365;V1;2;4;AGV;COMPRAS AGV;FILTROS;?;KG;ZPAN;1000095128;SIN TRATAMIENTO;;;;;9/10/2026;9/9/2026;;10159774
00365 RIO TINTO;1057005;ZSTO;FILTRO DE CABINA EXTERIOR (A/A);WEICHAI HE;SHANTUI 114U-58-1200;U365;365;V1;2;4;AGV;COMPRAS AGV;FILTROS;?;KG;ZPAN;1000095128;SIN TRATAMIENTO;;;;;9/10/2026;9/9/2026;;10159774
00365 RIO TINTO;1057008;ZSTO;FILTRO HIDRAULICO DE RETORNO;WEICHAI HE;2223-60-02200;U365;365;V1;2;3;AGV;COMPRAS AGV;FILTROS;?;KG;ZPAN;1000093048;SIN TRATAMIENTO;;;;;4/9/2026;4/8/2026;;10156483
00365 RIO TINTO;1057013;ZSTO;FILTRO HIDRAULICO DE SUCCION;WEICHAI HE;SHANTUI 115U-60-02000;U365;365;V1;2;3;AGV;COMPRAS AGV;FILTROS;?;KG;ZPAN;1000093048;SIN TRATAMIENTO;;;;;4/9/2026;4/8/2026;;10156483
00365 RIO TINTO;1057052;ZSTO;CORREA DE ALTERNADOR, BOMBA DE AGUA Y CI;;SANY 60311214 / 8981529060;U365;365;V1;2;3;AGV;COMPRAS AGV;CORREAS;?;KG;ZPAN;1000093048;ADJUDICADO;4500135943;;;;4/9/2026;4/8/2026;AGV;10156483
00365 RIO TINTO;1057053;ZSTO;CORREA DE COMPRESOR A/A;;SANY A230106000403 O AV13X1215;U365;365;V1;2;3;AGV;COMPRAS AGV;CORREAS;?;KG;ZPAN;1000093048;ADJUDICADO;4500135943;;;;4/9/2026;4/8/2026;AGV;10156483
00365 RIO TINTO;1057054;ZSTO;FILTRO HIDRAULICO;;SANY GLQ009369720 O 60201950;U365;365;V1;2;3;AGV;COMPRAS AGV;FILTROS;?;KG;ZPAN;1000093048;SIN TRATAMIENTO;;;;;4/9/2026;4/8/2026;;10156483
00365 RIO TINTO;1057055;ZSTO;FILTRO HIDRAULICO DE SUCCION;;SANY 60210024 O 60274030 O HIFI SH60034;U365;365;V1;2;3;AGV;COMPRAS AGV;FILTROS;?;KG;ZPAN;1000093048;ADJUDICADO;4500135943;;;;4/9/2026;4/8/2026;AGV;10156483
00365 RIO TINTO;1057056;ZSTO;FILTRO HIDRAULICO DE ALTA PRESION;;SANY A222100000119 O HIFI SH60376;U365;365;V1;2;3;AGV;COMPRAS AGV;FILTROS;?;KG;ZPAN;1000093048;ADJUDICADO;4500135943;;;;4/9/2026;4/8/2026;AGV;10156483
00365 RIO TINTO;1057057;ZSTO;FILTRO HIDRAULICO EN PLATAFORMA;;SANY 60239649;U365;365;V1;2;3;AGV;COMPRAS AGV;FILTROS;?;KG;ZPAN;1000093048;ADJUDICADO;4500135943;;;;4/9/2026;4/8/2026;AGV;10156483
00365 RIO TINTO;1057142;ZSTO;PASADOR;;09244-02496;U365;365;V1;6;12;AGV;COMPRAS AGV;DESGASTE;?;KG;ZPAN;1000093876;ADJUDICADO;4500138705;;;;18/9/2026;18/8/2026;AGV;10157758
00365 RIO TINTO;1057360;ZSCD;"MOTOBOMBA DIESEL 4""";;MARCA: HUSQVARNA / MODELO: W100D;U365;365;V1;4;8;C10;COMPRAS EQ.MENORES;HERRAMIENTAS A EXPLOSION;?;KG;MOVIMIENTO 313 PENDIENTE;;;;;;;;;;
00365 RIO TINTO;1057501;ZSTO;PORTAUÑAS LATERAL DERECHO CAT;;6I6555;U365;365;V1;2;3;C03;EQUIPOS;DESGASTE;CAT;KG;MOVIMIENTO 313 PENDIENTE;;;;;;;;;;
00365 RIO TINTO;1057502;ZSTO;PORTAUÑAS LATERAL IZQUIERDO CAT;;6I6556;U365;365;V1;2;3;C03;EQUIPOS;DESGASTE;CAT;KG;MOVIMIENTO 313 PENDIENTE;;;;;;;;;;
00365 RIO TINTO;1057505;ZSTO;FILTRO VALVULA ABASTECIMIENTO COMBUSTI;;CAT 451-6724;U365;365;V1;2;3;AGV;COMPRAS AGV;FILTROS;CAT;KG;ZPAN;1000093048;ADJUDICADO;4500138446;;;;4/9/2026;4/8/2026;AGV;10156483
00365 RIO TINTO;1057556;ZSTO;FILTRO TRAMPA DE AGUA;;SANY 60307173 / A1401460 / HIFI SN25205;U365;365;V1;2;3;AGV;COMPRAS AGV;FILTROS;?;KG;ZPAN;1000093048;SIN TRATAMIENTO;;;;;4/9/2026;4/8/2026;;10156483
00365 RIO TINTO;1057558;ZSTO;FILTRO TRAMPA DE AGUA;;SANY GLQ007357390 / P552040 / FS1207;U365;365;V1;2;3;AGV;COMPRAS AGV;FILTROS;?;KG;ZPAN;1000094971;SIN TRATAMIENTO;;;;;7/10/2026;7/9/2026;;10159523
00365 RIO TINTO;1057566;ZSTO;FILTRO INTERNO CABINA;;SANY 141502000382B / P500287 / SC80025;U365;365;V1;2;3;AGV;COMPRAS AGV;FILTROS;?;KG;ZPAN;1000093048;ADJUDICADO;4500135943;;;;4/9/2026;4/8/2026;AGV;10156483
00365 RIO TINTO;1057580;ZSTO;FILTRO DE BOMBA HIDRAULICA;REPUESTOS;SANY 60097451 / P566652 / HF6864 /;U365;365;V1;2;3;AGV;COMPRAS AGV;FILTROS;?;KG;ZPAN;1000093048;ADJUDICADO;4500135943;;;;4/9/2026;4/8/2026;AGV;10156483
00365 RIO TINTO;1057581;ZSTO;FILTRO HIDRAULICO;REPUESTOS;SANY B222100000451 / HF30279 / HF30100;U365;365;V1;2;3;AGV;COMPRAS AGV;FILTROS;?;KG;ZPAN;1000093048;ADJUDICADO;4500135943;;;;4/9/2026;4/8/2026;AGV;10156483
00365 RIO TINTO;1057583;ZSTO;FILTRO DE ACEITE DE MOTOR;REPUESTOS;CNH5802001312 / 47535939 / W10050;U365;365;V1;2;3;AGV;COMPRAS AGV;FILTROS;?;KG;ZPAN;1000093048;ADJUDICADO;4500138211;;;;4/9/2026;4/8/2026;AGV;10156483
00365 RIO TINTO;1057584;ZSTO;FILTRO TRAMPA DE AGUA;REPUESTOS;CNH87803443 / FS19972 / SN70242;U365;365;V1;2;3;AGV;COMPRAS AGV;FILTROS;?;KG;ZPAN;1000093048;ADJUDICADO;4500138211;;;;4/9/2026;4/8/2026;AGV;10156483
00365 RIO TINTO;1057596;ZSTO;CORREA DE COMPRESOR A/A;SANY INTER;CNH84591722 (4PK1165);U365;365;V1;2;3;AGV;COMPRAS AGV;CORREAS;?;KG;ZPAN;1000091058;CUMPLIDO PARCIAL;4500133842;28/7/2026;;;14/7/2026;30/6/2026;AGV;10153588
00365 RIO TINTO;1057598;ZSTO;CORREA DEL VENTILADOR;SANY INTER;CNH47610667 (8PK1445);U365;365;V1;2;3;AGV;COMPRAS AGV;CORREAS;?;KG;ZPAN;1000093048;ADJUDICADO;4500138211;;;;4/9/2026;4/8/2026;AGV;10156483
00372 UTE 372 GEO POSCO II;1001682;ZSTO;MAMEL. 1°CAL. DESC. LAMIN.BLANCO 60GR.XL;;FABRICANTE:DUPONT | MODELO:TYVEK 500;U003;372;RE;80;150;C28;SEGURIDAD/ROPA/EPP;SEGURIDAD;INDUMENTARIA;KG;SIN PEDIDO;;;;;;;;;;
00372 UTE 372 GEO POSCO II;1001694;ZSTO;PASAMONTANAS PARA -10 GRADOS;;;U003;372;RE;9;25;C28;SEGURIDAD/ROPA/EPP;SEGURIDAD;INDUMENTARIA;KG;ZPAN;1000095432;SIN TRATAMIENTO;;;;;27/9/2026;13/9/2026;;10160171
00372 UTE 372 GEO POSCO II;1001697;ZSTO;GUANTE VAQUETA MEDIO PASEO T.10;;MÚLT. 12U;U003;372;RE;100;180;C28;SEGURIDAD/ROPA/EPP;SEGURIDAD;GUANTE;KG;SIN PEDIDO;;;;;;;;;;
00372 UTE 372 GEO POSCO II;1001699;ZSTO;CASCO CARCAZA BLANCO;LIBUS // 3M // MSA // STEELPRO //;MILENIUM // H-700 BLANCO // V-GARD BLANCO // STEELPRO SAFETY BLANCO // DEPASCALE-UCU1111PC;U003;372;RE;3;4;C28;SEGURIDAD/ROPA/EPP;SEGURIDAD;ACCESORIO SEGURIDAD;KG;ZPAN;1000095432;SIN TRATAMIENTO;;;;;27/9/2026;13/9/2026;;10160171
00372 UTE 372 GEO POSCO II;1001700;ZSTO;CASCO CARCAZA AMARILLO;LIBUS // 3M // MSA // STEELPRO //;MILENIUM // H-700 AMARILLO // V-GARD AMARILLO // STEELPRO SAFETY AMARILLO // DEPASCALE-UCU1112PC;U003;372;RE;5;8;C28;SEGURIDAD/ROPA/EPP;SEGURIDAD;ACCESORIO SEGURIDAD;KG;SIN PEDIDO;;;;;;;;;;
00372 UTE 372 GEO POSCO II;1001707;ZSTO;CHALECOGRAFANARANJACONREFLETIVOT.XLC2;;MÚLT. 12U;U003;372;RE;15;33;C28;SEGURIDAD/ROPA/EPP;SEGURIDAD;INDUMENTARIA;KG;ZPAN;1000095432;SIN TRATAMIENTO;;;;;27/9/2026;13/9/2026;;10160171
00372 UTE 372 GEO POSCO II;1001708;ZSTO;GUANTE POLIAMIDA LAMINADO PALMAPU-TALLE9;;MÚLT. 12U;U003;372;V1;120;240;C28;SEGURIDAD/ROPA/EPP;SEGURIDAD;GUANTE;KG;ZPAN;1000095598;SIN TRATAMIENTO;;;;;16/10/2026;16/9/2026;;10160467
00372 UTE 372 GEO POSCO II;1001754;ZSTO;BOTIN MARRON/NEGRO FLOR P.ACERO N 38;CONWORK // BORIS // VORAN // CALZADOS A // // //;53BAF // 3305 T38 // CRONOS N T38 // ESCORPIO PRUS 1050 T38 // RINGO MOD BOLT TALLE 38 // RINGO-MOD PUNCH TALLE 38 // SKIWAY MOD. 3243 T38;U003;372;RE;1;2;C28;SEGURIDAD/ROPA/EPP;SEGURIDAD;CALZADO;KG;ZPAN;1000095416;SIN TRATAMIENTO;;;;;26/9/2026;12/9/2026;;10160142
00372 UTE 372 GEO POSCO II;1001756;ZSTO;BOTIN MARRON/NEGRO FLOR P.ACERO N 40;CONWORK // BORIS // VORAN // CALZADOS A // // //;53BAF // 3305 T40 // CRONOS N T40 // ESCORPIO PRUS 1050 T40 // RINGO MOD BOLT TALLE 40 // RINGO-MOD PUNCH TALLE 40 // SKIWAY MOD. 3243 T40;U003;372;RE;4;6;C28;SEGURIDAD/ROPA/EPP;SEGURIDAD;CALZADO;KG;ZPAN;1000095416;SIN TRATAMIENTO;;;;;26/9/2026;12/9/2026;;10160142
00372 UTE 372 GEO POSCO II;1001757;ZSTO;BOTIN MARRON/NEGRO FLOR P.ACERO N 41;CONWORK // BORIS // VORAN // CALZADOS A // // //;53BAF // 3305 T41 // CRONOS N T41 // ESCORPIO PRUS 1050 T41 // RINGO MOD BOLT TALLE 41 // RINGO-MOD PUNCH TALLE 41 // SKIWAY MOD. 3243 T41;U003;372;RE;4;6;C28;SEGURIDAD/ROPA/EPP;SEGURIDAD;CALZADO;KG;ZPAN;1000095416;SIN TRATAMIENTO;;;;;26/9/2026;12/9/2026;;10160142
00372 UTE 372 GEO POSCO II;1001759;ZSTO;BOTIN MARRON/NEGRO FLOR P.ACERO N 43;CONWORK // BORIS // VORAN // CALZADOS A // // //;53BAF // 3305 T43 // CRONOS N T43 // ESCORPIO PRUS 1050 T43 // RINGO MOD BOLT TALLE 43 // RINGO-MOD PUNCH TALLE 43 // SKIWAY MOD. 3243 T43;U003;372;RE;3;4;C28;SEGURIDAD/ROPA/EPP;SEGURIDAD;CALZADO;KG;ZPAN;1000095416;SIN TRATAMIENTO;;;;;26/9/2026;12/9/2026;;10160142
00372 UTE 372 GEO POSCO II;1001772;ZSTO;BANDERIN ROJO Y BLANCO 500MM X 700MM XUN;;;U003;372;RE;2;4;C28;SEGURIDAD/ROPA/EPP;SEGURIDAD;SEÑALIZACION;KG;SIN PEDIDO;;;;;;;;;;
00372 UTE 372 GEO POSCO II;1001869;ZSTO;MARCADORINDUSTRIAL-AMARILLOXUN;UNIPAINT;MÚLT. 10U;U003;372;RE;25;38;C17;INSUMOS A;LIBRERIA;ESCRITURA;KG;SIN PEDIDO;;;;;;;;;;
00372 UTE 372 GEO POSCO II;1001876;ZSTO;CINTA EMBALAR TRANSPARENTE 48MM X 100 MT;SCOTCH;;U003;372;RE;9;17;C17;INSUMOS A;LIBRERIA;CINTAS ADHESIVAS;KG;SIN PEDIDO;;;;;;;;;;
00372 UTE 372 GEO POSCO II;1001885;ZSTO;BOLSAS RESIDUOS XUN 102X130 VERDE;;;U003;372;V1;120;250;C17;INSUMOS A;LIMPIEZA;LIMPIEZA /SEGURIDAD;KG;ZPAN;1000095598;SIN TRATAMIENTO;;;;;16/10/2026;16/9/2026;;10160467
00372 UTE 372 GEO POSCO II;1001888;ZSTO;BOLSAS RESIDUOS XUN 102X130 NEGRA;;;U003;372;V1;120;250;C17;INSUMOS A;LIMPIEZA;LIMPIEZA /SEGURIDAD;KG;ZPAN;1000095473;ADJUDICADO;4500138780;;;;14/10/2026;14/9/2026;C17;10160268
00372 UTE 372 GEO POSCO II;1001893;ZSTO;BOLSARESIDUPLASTICA60X90NEGRAXROLLOX10UN;;;U003;372;V1;4;10;C17;INSUMOS A;LIMPIEZA;BOLSAS;KG;ZPAN;1000095130;ADJUDICADO;4500138780;;;;9/10/2026;9/9/2026;C17;10159776
00372 UTE 372 GEO POSCO II;1001895;ZSTO;ALCOHOL LIQUIDO X LITRO;;;U003;372;V1;9;17;C17;INSUMOS A;LIMPIEZA;ALCOHOL LIQUIDO;KG;ZPAN;1000095130;ADJUDICADO;4500138780;;;;9/10/2026;9/9/2026;C17;10159776
00372 UTE 372 GEO POSCO II;1001896;ZSTO;PULVERIZADOR P ALCOHOL LIQUIDO 500 ML;;;U003;372;RE;9;17;C17;INSUMOS A;LIMPIEZA;DIFUSOR;KG;ZPAN;1000095432;ADJUDICADO;4500138780;;;;27/9/2026;13/9/2026;C17;10160171
00372 UTE 372 GEO POSCO II;1001933;ZSTO;DISCO 114x1,6x222 REFORZADO x UN;TYROLIT;114X16X222;U003;372;RE;26;50;C27;FERRETERIA MR01;FERRETERIA;ABRASIVOS/DISCOS;KG;SIN PEDIDO;;;;;;;;;;
00372 UTE 372 GEO POSCO II;1001943;ZSTO;ADHESIVO CIANO 20 G XUN;CIANO;;U003;372;V1;4;6;C27;FERRETERIA MR01;FERRETERIA;ADHESIVOS;KG;ZPAN;1000095473;SIN TRATAMIENTO;;;;;14/10/2026;14/9/2026;;10160268
00372 UTE 372 GEO POSCO II;1001949;ZSTO;CANDADO 30MM XUN;;;U003;372;RE;2;4;C27;FERRETERIA MR01;FERRETERIA;ACCESORIOS;KG;SIN PEDIDO;;;;;;;;;;
00372 UTE 372 GEO POSCO II;1001950;ZSTO;CANDADO 38-40MM XUN;;;U003;372;RE;2;4;C27;FERRETERIA MR01;FERRETERIA;ACCESORIOS;KG;SIN PEDIDO;;;;;;;;;;
00372 UTE 372 GEO POSCO II;1001952;ZSTO;TRAPO LIMPIO (BOLSAX10KG) XUN;;MÚLT. 10 KG;U003;372;RE;6;10;C27;FERRETERIA MR01;FERRETERIA;ACCESORIOS;KG;ZPAN;1000093817;SIN TRATAMIENTO;;;;;10/9/2026;16/8/2026;;10157658
00372 UTE 372 GEO POSCO II;1001963;ZSTO;CINTA AISLADORA VERDE X10MT;;;U003;372;RE;6;10;C27;FERRETERIA MR01;FERRETERIA;INSUMOS;KG;SIN PEDIDO;;;;;;;;;;
00372 UTE 372 GEO POSCO II;1001964;ZSTO;CINTA AISLADORA BLANCA;;;U003;372;RE;6;10;C27;FERRETERIA MR01;FERRETERIA;INSUMOS;KG;SIN PEDIDO;;;;;;;;;;
00372 UTE 372 GEO POSCO II;1001968;ZSTO;ESMALTE SINT. AEROSOL AMARILLO X440CC;;KUWAIT-SINTEPLAST;U003;372;RE;10;30;C22;INSUMOS C;PINTURAS;PINTURA AEROSOL;KG;ZPAN;1000095432;SIN TRATAMIENTO;;;;;27/9/2026;13/9/2026;;10160171
00372 UTE 372 GEO POSCO II;1001971;ZSTO;ESMALTE SINT. AEROSOL ROJO X 440CC;;KUWAIT-SINTEPLAST;U003;372;V1;40;60;C22;INSUMOS C;PINTURAS;PINTURA AEROSOL;KG;ZPAN;1000094557;DESPACHADO;4500137694;14/9/2026;14/9/2026;15/9/2026;29/9/2026;29/8/2026;C22;10158898
00372 UTE 372 GEO POSCO II;1002016;ZSTO;PANTALON JEAN T.48;;;U003;372;RE;8;12;C28;SEGURIDAD/ROPA/EPP;ROPA;INDUMENTARIA;KG;ZPAN;1000095417;SIN TRATAMIENTO;;;;;26/9/2026;12/9/2026;;10160143
00372 UTE 372 GEO POSCO II;1002050;ZSTO;CAMPERA 2 PIEL T. M;;;U003;372;RE;6;8;C28;SEGURIDAD/ROPA/EPP;SEGURIDAD;INDUMENTARIA;KG;ZPAN;1000095418;SIN TRATAMIENTO;;;;;26/9/2026;12/9/2026;;10160145
00372 UTE 372 GEO POSCO II;1002051;ZSTO;CAMPERA 2 PIEL T. L;;;U003;372;RE;8;13;C28;SEGURIDAD/ROPA/EPP;SEGURIDAD;INDUMENTARIA;KG;ZPAN;1000095418;SIN TRATAMIENTO;;;;;26/9/2026;12/9/2026;;10160145
00372 UTE 372 GEO POSCO II;1002054;ZSTO;CAMPERA 2 PIEL T. XXXL;;;U003;372;RE;4;7;C28;SEGURIDAD/ROPA/EPP;SEGURIDAD;INDUMENTARIA;KG;SIN PEDIDO;;;;;;;;;;
00372 UTE 372 GEO POSCO II;1002055;ZSTO;MEDIAS TERMICAS T. UNICO PARA -10 GRADOS;;;U003;372;RE;12;20;C28;SEGURIDAD/ROPA/EPP;ROPA;INDUMENTARIA;KG;ZPAN;1000095417;SIN TRATAMIENTO;;;;;26/9/2026;12/9/2026;;10160143
00372 UTE 372 GEO POSCO II;1002063;ZSTO;CAMPERA DESCARNE T.XL;;;U003;372;RE;1;1;C28;SEGURIDAD/ROPA/EPP;SEGURIDAD;INDUMENTARIA;KG;SIN PEDIDO;;;;;;;;;;
00372 UTE 372 GEO POSCO II;1002071;ZSTO;CAMPERA DESCARNE T.XXXL;;;U003;372;RE;1;1;C28;SEGURIDAD/ROPA/EPP;SEGURIDAD;INDUMENTARIA;KG;SIN PEDIDO;;;;;;;;;;
00372 UTE 372 GEO POSCO II;1002190;ZSTO;CORREA AIRE ACONDICIONADO;BOMAG GMBH;6312244;U003;372;RE;2;2;C29;FILTROS/RESPUESTOS;CORREAS;BOMAG 213 HD4;KG;SIN PEDIDO;;;;;;;;;;
00372 UTE 372 GEO POSCO II;1002202;ZSTO;CORREA PRINCIPAL;CATERPILLA;3508742;U003;372;RE;2;2;C29;FILTROS/RESPUESTOS;CORREAS;CORREAS;KG;SIN PEDIDO;;;;;;;;;;
00372 UTE 372 GEO POSCO II;1002934;ZSTO;FILTRO PRIMARIO COMBUSTIBLE;VOLVO CONS;VOE11110683;U003;372;V1;2;3;F06;FILTRO COMBUSTIBLE;FILTROS;EC 480D - L220G - PL 3005D;KG;ZPAN;1000094557;EMBALADO;4500137146;11/9/2026;11/9/2026;;29/9/2026;29/8/2026;F06;10158898
00372 UTE 372 GEO POSCO II;1003953;ZSTO;BATERIA 12V 75AMP;MOURA;M30LD;U003;372;RE;1;3;C03;EQUIPOS;REPUESTOS;hilux 2017 en adelante;KG;SIN PEDIDO;;;;;;;;;;
00372 UTE 372 GEO POSCO II;1003954;ZSTO;BATERIA 12V 180AMP;;25 PLACAS POR ELEMENTO;U003;372;RE;1;3;C29;FILTROS/RESPUESTOS;REPUESTOS;MAQUINARIA PESADA;KG;SIN PEDIDO;;;;;;;;;;
00372 UTE 372 GEO POSCO II;1009471;ZSTO;ANTEOJO TRANSPARENTE H/C;LIBUS // 3M // MSA // STEELPRO //;ARGON HC // SECUREFIT SF401AF // MSA MOVE CLEAR // STEELPRO ODYSSEY CLEAR // DEPASCALE-UCU021E;U003;372;V1;40;80;C28;SEGURIDAD/ROPA/EPP;SEGURIDAD;ACCESORIO SEGURIDAD;KG;ZPAN;1000095376;ADJUDICADO;4500138464;;;;11/10/2026;11/9/2026;C28;10160089
00372 UTE 372 GEO POSCO II;1009475;ZSTO;"PANTALON TERMICO ""ROJO"" T M";;;U003;372;RE;4;6;C28;SEGURIDAD/ROPA/EPP;ROPA;INDUMENTARIA -15;KG;SIN PEDIDO;;;;;;;;;;
00372 UTE 372 GEO POSCO II;1034629;ZSTO;JUNTA TAPA PRINCIPAL;DBT S.A. //;3036097 // 119717-11331;U003;372;RE;3;4;C29;FILTROS/RESPUESTOS;REPUESTOS;HIMOINSA LTA 8 V LED;KG;ZPAN;1000083454;EMBALADO;4500121620;15/9/2026;15/9/2026;;14/8/2026;23/2/2026;C29;10143591
00372 UTE 372 GEO POSCO II;1009476;ZSTO;"PANTALON TERMICO ""ROJO"" T L";;;U003;372;RE;8;10;C28;SEGURIDAD/ROPA/EPP;ROPA;INDUMENTARIA -15;KG;SIN PEDIDO;;;;;;;;;;
00372 UTE 372 GEO POSCO II;1009477;ZSTO;"PANTALON TERMICO ""ROJO"" T XL";;;U003;372;RE;6;8;C28;SEGURIDAD/ROPA/EPP;ROPA;INDUMENTARIA -15;KG;SIN PEDIDO;;;;;;;;;;
00372 UTE 372 GEO POSCO II;1009478;ZSTO;"PANTALON TERMICO ""ROJO"" T XXL";;;U003;372;RE;5;8;C28;SEGURIDAD/ROPA/EPP;ROPA;INDUMENTARIA -15;KG;SIN PEDIDO;;;;;;;;;;
00372 UTE 372 GEO POSCO II;1015811;ZSSD;LIMPIAMANOS EN GEL P/MECÁNICO X UN;;;U003;372;RE;2;3;C17;INSUMOS A;LIMPIEZA;?;KG;SIN PEDIDO;;;;;;;;;;
00372 UTE 372 GEO POSCO II;1015844;ZSSD;USAR 1026805;;;U003;372;RE;9;17;C27;FERRETERIA MR01;FERRETERIA;INSUMOS;KG;SIN PEDIDO;;;;;;;;;;
00372 UTE 372 GEO POSCO II;1015977;ZSCD;RODILLERA SOLDADOR;;;U003;372;RE;18;35;C28;SEGURIDAD/ROPA/EPP;SEGURIDAD;EPP;KG;SIN PEDIDO;;;;;;;;;;
00372 UTE 372 GEO POSCO II;1016479;ZSCD;PROTECTOR SOLAR CREMA 60FPS X120ML;;VILLENEUVE - BABY & KIDS;U003;372;RE;70;110;C28;SEGURIDAD/ROPA/EPP;SEGURIDAD;INSUMO;KG;SIN PEDIDO;;;;;;;;;;
00372 UTE 372 GEO POSCO II;1016480;ZSCD;PROTECTOR SOLAR LABIAL 50FPS X4,8G;;NIVEA - SUN PROTECT;U003;372;RE;70;110;C28;SEGURIDAD/ROPA/EPP;SEGURIDAD;INSUMO;KG;ZPAN;1000095438;SIN TRATAMIENTO;;;;;28/9/2026;14/9/2026;;10160176
00372 UTE 372 GEO POSCO II;1016919;ZSSD;LUBRICANTE MULTIUSO WD-40 440CC;;;U003;372;V1;9;17;C27;FERRETERIA MR01;FERRETERIA;ADHESIVOS/SELLADORES/LUBRICANT;KG;ZPAN;1000095598;SIN TRATAMIENTO;;;;;16/10/2026;16/9/2026;;10160467
00372 UTE 372 GEO POSCO II;1016922;ZSSD;CHOCLA 30MT;;;U003;372;RE;4;6;C27;FERRETERIA MR01;FERRETERIA;FERRETERIA;KG;SIN PEDIDO;;;;;;;;;;
00372 UTE 372 GEO POSCO II;1016933;ZSSD;MAZA MINERO 1KG;;;U003;372;RE;1;1;C27;FERRETERIA MR01;FERRETERIA;HERRAMIENTA MANUAL;KG;SIN PEDIDO;;;;;;;;;;
00372 UTE 372 GEO POSCO II;1016934;ZSSD;MAZA MINERO 2KG;;;U003;372;RE;1;1;C27;FERRETERIA MR01;FERRETERIA;HERRAMIENTA MANUAL;KG;SIN PEDIDO;;;;;;;;;;
00372 UTE 372 GEO POSCO II;1016936;ZSSD;TENAZA ARMADOR 1 2 CORTE;;;U003;372;RE;1;1;C27;FERRETERIA MR01;FERRETERIA;HERRAMIENTAS;KG;SIN PEDIDO;;;;;;;;;;
00372 UTE 372 GEO POSCO II;1016938;ZSSD;SILICONA LIQUIDA BRILLO SILICONADO X5LT;;;U003;372;RE;2;3;C17;INSUMOS A;LIMPIEZA;LIMPIEZA /SEGURIDAD;KG;ZPAN;1000095438;SIN TRATAMIENTO;;;;;28/9/2026;14/9/2026;;10160176
00372 UTE 372 GEO POSCO II;1017049;ZSSD;TRAPO DE PISO REFORZADO;;;U003;372;RE;4;7;C17;INSUMOS A;LIMPIEZA;LIMPIEZA /SEGURIDAD;KG;SIN PEDIDO;;;;;;;;;;
00372 UTE 372 GEO POSCO II;1017063;ZSSD;ESCOBILLON TIPO BARRANDERO;;;U003;372;RE;2;4;C17;INSUMOS A;LIMPIEZA;?;KG;SIN PEDIDO;;;;;;;;;;
00372 UTE 372 GEO POSCO II;1017064;ZSSD;SECADOR DE PISO 50CM;;;U003;372;RE;2;4;C17;INSUMOS A;LIMPIEZA;LIMPIEZA /SEGURIDAD;KG;SIN PEDIDO;;;;;;;;;;
00372 UTE 372 GEO POSCO II;1017792;ZSTO;CORREA DE ALTERNADOR;JOHN DEERE // JOHN DEERE;T321428 // T496608;U003;372;RE;1;2;C29;FILTROS/RESPUESTOS;CORREAS;CORREAS;KG;SIN PEDIDO;;;;;;;;;;
00372 UTE 372 GEO POSCO II;1022803;ZSTO;CORREA VENTILADOR - JD 310;;T428848 / T227609;U003;372;RE;1;2;C03;EQUIPOS;CORREAS;JD 310 L;KG;SIN PEDIDO;;;;;;;;;;
00372 UTE 372 GEO POSCO II;1026177;ZSTO;PULLEY SUB-ASSY (16603-0C013);TOYOTA ARG;16603-0C013;U003;372;RE;1;2;C03;EQUIPOS;REPUESTOS;TOYOTA HILUX;KG;SIN PEDIDO;;;;;;;;;;
00372 UTE 372 GEO POSCO II;1026186;ZSSD;MANGA ANTICORTE GRADO 5 C/CERTIFICADO;;;U003;372;RE;18;30;C28;SEGURIDAD/ROPA/EPP;SEGURIDAD;EPP;KG;SIN PEDIDO;;;;;;;;;;
00372 UTE 372 GEO POSCO II;1027150;ZSSD;CEPILLO BRONCE CON MANGO 3X19;;;U003;372;RE;6;10;C27;FERRETERIA MR01;FERRETERIA;INSUMOS;KG;SIN PEDIDO;;;;;;;;;;
00372 UTE 372 GEO POSCO II;1029264;ZSTO;CORREA;;4995243;U003;372;RE;1;2;C03;EQUIPOS;CORREAS;?;KG;SIN PEDIDO;;;;;;;;;;
00372 UTE 372 GEO POSCO II;1033986;ZSCD;DISCO LIJA GRANO 60 DE 4 1/2 - DOBLE A;;"C&#24;176GRADO36";U003;372;RE;41;83;C27;FERRETERIA MR01;FERRETERIA;INSUMOS;KG;SIN PEDIDO;;;;;;;;;;
00372 UTE 372 GEO POSCO II;1042016;ZSCD;CAMPERA ABRIGO ROJA T.S;;;U003;372;RE;4;6;C28;SEGURIDAD/ROPA/EPP;ROPA;INDUMENTARIA;KG;ZPAN;1000095416;SIN TRATAMIENTO;;;;;26/9/2026;12/9/2026;;10160142
00372 UTE 372 GEO POSCO II;1042017;ZSCD;CAMPERA ABRIGO ROJA T.M;;;U003;372;RE;4;6;C28;SEGURIDAD/ROPA/EPP;ROPA;INDUMENTARIA;KG;ZPAN;1000095416;SIN TRATAMIENTO;;;;;26/9/2026;12/9/2026;;10160142
00372 UTE 372 GEO POSCO II;1042018;ZSCD;CAMPERA ABRIGO ROJA T.L;;;U003;372;RE;8;12;C28;SEGURIDAD/ROPA/EPP;ROPA;INDUMENTARIA;KG;SIN PEDIDO;;;;;;;;;;
00372 UTE 372 GEO POSCO II;1042019;ZSCD;CAMPERA ABRIGO ROJA T.XL;;;U003;372;RE;8;10;C28;SEGURIDAD/ROPA/EPP;ROPA;INDUMENTARIA;KG;SIN PEDIDO;;;;;;;;;;
00372 UTE 372 GEO POSCO II;1042020;ZSCD;CAMPERA ABRIGO ROJA T.XXL;;;U003;372;RE;4;8;C28;SEGURIDAD/ROPA/EPP;ROPA;INDUMENTARIA;KG;SIN PEDIDO;;;;;;;;;;
00372 UTE 372 GEO POSCO II;1042122;ZSCD;CAMISA JEAN T.38;;;U003;372;RE;25;38;C28;SEGURIDAD/ROPA/EPP;INDUMENTARIA;INDUMENTARIA;KG;ZPAN;1000095417;SIN TRATAMIENTO;;;;;26/9/2026;12/9/2026;;10160143
00372 UTE 372 GEO POSCO II;1046211;ZSCD;CARTUCHO GAS BUTANO 227GR.;;;U003;372;RE;12;25;C27;FERRETERIA MR01;FERRETERIA;INSUMOS;KG;SIN PEDIDO;;;;;;;;;;
00374 TERMINAL PUNTA COLORADA;1000009;ZSTO;FILTRO A A CABINA INTERIOR;NEW HOLLAN;84577445;MR01;374;V1;2;2;F10;FILTRO HVAC;FILTROS;FARMALL A-120;KG;SIN PEDIDO;;;;;;;;;;
00374 TERMINAL PUNTA COLORADA;1000030;ZSTO;FILTRO HIDRAULICO;PALFINGER //;EA1412 // MSA02 KIT;MR01;374;V1;2;2;F07;FILTRO FLUIDO HIDR;FILTROS;PKB15500;KG;SIN PEDIDO;;;;;;;;;;
00374 TERMINAL PUNTA COLORADA;1000042;ZSTO;BOTIQUIN 1ROS. AUXILIOS N 6;;;MR01;374;V1;5;10;C28;SEGURIDAD/ROPA/EPP;SEGURIDAD;BOTIQUIN;KG;SIN PEDIDO;;;;;;;;;;
00374 TERMINAL PUNTA COLORADA;1001674;ZSTO;CLAVOS P.PARIS 1 XKG;;MÚLT. 30 KG;MR01;374;RE;60;60;C08;ACERO;ACEROS;CLAVOS;KG;SIN PEDIDO;;;;;;;;;;
00374 TERMINAL PUNTA COLORADA;1001675;ZSTO;CLAVOS P.PARIS 2 XKG;;MÚLT. 30 KG;MR01;374;RE;128;128;C08;ACERO;ACEROS;CLAVOS;KG;SIN PEDIDO;;;;;;;;;;
00374 TERMINAL PUNTA COLORADA;1001676;ZSTO;CLAVOS P.PARIS 2 1 2 XKG;;MÚLT. 30 KG;MR01;374;RE;220;220;C08;ACERO;ACEROS;CLAVOS;KG;SIN PEDIDO;;;;;;;;;;
00374 TERMINAL PUNTA COLORADA;1001679;ZSTO;FICHA T.STECK MACHO 220V 16A 2P T XUN;;;MR01;374;V1;6;12;C11;ELECTRICIDAD;ELECTRICIDAD;FICHAS;KG;ZPAN;1000094135;ADJUDICADO;4500138055;;;;5/10/2026;21/8/2026;374;10158241
00374 TERMINAL PUNTA COLORADA;1001682;ZSTO;MAMEL. 1°CAL. DESC. LAMIN.BLANCO 60GR.XL;;FABRICANTE:DUPONT | MODELO:TYVEK 500;MR01;374;RE;450;450;C28;SEGURIDAD/ROPA/EPP;SEGURIDAD;INDUMENTARIA;KG;SIN PEDIDO;;;;;;;;;;
00374 TERMINAL PUNTA COLORADA;1001683;ZSTO;RESPIRADOR PARA POLVOSTIPON95CAJAX20UN;;;MR01;374;RE;14;14;C28;SEGURIDAD/ROPA/EPP;SEGURIDAD;ACCESORIO SEGURIDAD;KG;SIN PEDIDO;;;;;;;;;;
00374 TERMINAL PUNTA COLORADA;1001684;ZSTO;DELANTALDESCARNE0.60X1.20CONREFUERZO;;;MR01;374;RE;15;15;C28;SEGURIDAD/ROPA/EPP;SEGURIDAD;INDUMENTARIA;KG;SIN PEDIDO;;;;;;;;;;
00374 TERMINAL PUNTA COLORADA;1001686;ZSTO;ANTEOJO GRIS;LIBUS // 3M // MSA // STEELPRO;ECOLINEHC (MÚLT. 10U) // SECUREFIT SF202AF GRIS // MSA PERSPECTA SMOKE // STEELPRO SPY SMOKE;MR01;374;RE;1120;1120;C28;SEGURIDAD/ROPA/EPP;SEGURIDAD;ACCESORIO SEGURIDAD;KG;SIN PEDIDO;;;;;;;;;;
00374 TERMINAL PUNTA COLORADA;1001688;ZSTO;TAPON AUDITIVO FOAM CON CORDON;LIBUS;FOAM;MR01;374;RE;150;150;C28;SEGURIDAD/ROPA/EPP;SEGURIDAD;ACCESORIO SEGURIDAD;KG;SIN PEDIDO;;;;;;;;;;
00374 TERMINAL PUNTA COLORADA;1001695;ZSTO;MANGA DESCARNE;;;MR01;374;RE;19;19;C28;SEGURIDAD/ROPA/EPP;SEGURIDAD;INDUMENTARIA;KG;SIN PEDIDO;;;;;;;;;;
00374 TERMINAL PUNTA COLORADA;1001696;ZSTO;POLAINA DESCARNE;;;MR01;374;RE;17;17;C28;SEGURIDAD/ROPA/EPP;SEGURIDAD;INDUMENTARIA;KG;SIN PEDIDO;;;;;;;;;;
00374 TERMINAL PUNTA COLORADA;1001697;ZSTO;GUANTE VAQUETA MEDIO PASEO T.10;;MÚLT. 12U;MR01;374;RE;1800;1800;C28;SEGURIDAD/ROPA/EPP;SEGURIDAD;GUANTE;KG;SIN PEDIDO;;;;;;;;;;
00374 TERMINAL PUNTA COLORADA;1001699;ZSTO;CASCO CARCAZA BLANCO;LIBUS // 3M // MSA // STEELPRO //;MILENIUM // H-700 BLANCO // V-GARD BLANCO // STEELPRO SAFETY BLANCO // DEPASCALE-UCU1111PC;MR01;374;RE;35;35;C28;SEGURIDAD/ROPA/EPP;SEGURIDAD;ACCESORIO SEGURIDAD;KG;SIN PEDIDO;;;;;;;;;;
00374 TERMINAL PUNTA COLORADA;1001700;ZSTO;CASCO CARCAZA AMARILLO;LIBUS // 3M // MSA // STEELPRO //;MILENIUM // H-700 AMARILLO // V-GARD AMARILLO // STEELPRO SAFETY AMARILLO // DEPASCALE-UCU1112PC;MR01;374;RE;90;90;C28;SEGURIDAD/ROPA/EPP;SEGURIDAD;ACCESORIO SEGURIDAD;KG;SIN PEDIDO;;;;;;;;;;
00374 TERMINAL PUNTA COLORADA;1001701;ZSTO;GUANTE NITRILO AZUL PUÑO ELASTIZADO;;;MR01;374;RE;20;20;C28;SEGURIDAD/ROPA/EPP;SEGURIDAD;GUANTE;KG;SIN PEDIDO;;;;;;;;;;
00374 TERMINAL PUNTA COLORADA;1001702;ZSTO;GUANTE SOLDADOR COSTURA KEVLAR;;;MR01;374;RE;21;21;C28;SEGURIDAD/ROPA/EPP;SEGURIDAD;GUANTE;KG;SIN PEDIDO;;;;;;;;;;
00374 TERMINAL PUNTA COLORADA;1001705;ZSTO;GUANTE PVC ROJO 40CM;GUPLASTEX;;MR01;374;V1;3;6;C28;SEGURIDAD/ROPA/EPP;SEGURIDAD;GUANTE;KG;SIN PEDIDO;;;;;;;;;;
00374 TERMINAL PUNTA COLORADA;1001706;ZSTO;GUANTE LATEX USO MEDICINAL CAJA X 100 UN;;;MR01;374;RE;4;4;C28;SEGURIDAD/ROPA/EPP;SEGURIDAD;GUANTE;KG;SIN PEDIDO;;;;;;;;;;
00374 TERMINAL PUNTA COLORADA;1001707;ZSTO;CHALECOGRAFANARANJACONREFLETIVOT.XLC2;;MÚLT. 12U;MR01;374;RE;120;120;C28;SEGURIDAD/ROPA/EPP;SEGURIDAD;INDUMENTARIA;KG;SIN PEDIDO;;;;;;;;;;
00374 TERMINAL PUNTA COLORADA;1001708;ZSTO;GUANTE POLIAMIDA LAMINADO PALMAPU-TALLE9;;MÚLT. 12U;MR01;374;RE;2000;2000;C28;SEGURIDAD/ROPA/EPP;SEGURIDAD;GUANTE;KG;SIN PEDIDO;;;;;;;;;;
00374 TERMINAL PUNTA COLORADA;1001710;ZSTO;CINTA DEMARCAR PELIGRO ECOLOGICA;;;MR01;374;RE;40;40;C28;SEGURIDAD/ROPA/EPP;SEGURIDAD;SEÑALIZACION;KG;SIN PEDIDO;;;;;;;;;;
00374 TERMINAL PUNTA COLORADA;1001717;ZSTO;PROTECTOR FACIAL BURBUJA INCOLORO;LIBUS // 3M // MSA // STEELPRO //;901386 // VISOR WP96 + SOPORTE // MSA VISOR CLEAR // STEELPRO BURBUJA CLEAR // DEPASCALE-BILVEX 002121;MR01;374;RE;120;120;C28;SEGURIDAD/ROPA/EPP;SEGURIDAD;ACCESORIO SEGURIDAD;KG;SIN PEDIDO;;;;;;;;;;
00374 TERMINAL PUNTA COLORADA;1001718;ZSTO;RODILLERA SOLDADOR;;;MR01;374;RE;85;85;C28;SEGURIDAD/ROPA/EPP;SEGURIDAD;ACCESORIO SEGURIDAD;KG;SIN PEDIDO;;;;;;;;;;
00374 TERMINAL PUNTA COLORADA;1001726;ZSTO;SUSPENSION CREMALLERA;LIBUS // 3M // MSA // STEELPRO //;MILENIUM // SUSPENSIÓN RATCHET H-700 // FAS-TRAC III // RATCHET STEELPRO // DEPASCALE-UCU2120PC ARNES FAS TRACK III;MR01;374;RE;200;200;C28;SEGURIDAD/ROPA/EPP;SEGURIDAD;ACCESORIO SEGURIDAD;KG;SIN PEDIDO;;;;;;;;;;
00374 TERMINAL PUNTA COLORADA;1001727;ZSTO;PROTECTOR AUDITIVO COPA P/CASCO;LIBUS // 3M // MSA // STEELPRO //;L300 // PELTOR X4P3E // LEFT/RIGHT CAP MOUNTED // CM-502 CASCO // DEPASCALE-NRR23 VERISHIELD VS110DH;MR01;374;RE;100;100;C28;SEGURIDAD/ROPA/EPP;SEGURIDAD;ACCESORIO SEGURIDAD;KG;SIN PEDIDO;;;;;;;;;;
00374 TERMINAL PUNTA COLORADA;1001728;ZSTO;ADAPTADOR PROTECTOR FACIAL AUDITIVO;LIBUS // 3M // MSA // STEELPRO;902493 // ADAPTADOR VISOR PELTOR // ADAPTADOR VISOR PELTOR // UNIVERSAL STEELPRO;MR01;374;RE;70;70;C28;SEGURIDAD/ROPA/EPP;SEGURIDAD;ACCESORIO SEGURIDAD;KG;SIN PEDIDO;;;;;;;;;;
00374 TERMINAL PUNTA COLORADA;1001737;ZSTO;CRIQUETTENSORCONFAJA9METROSX10CMSGPLANO;;;MR01;374;RE;8;8;C27;FERRETERIA MR01;SEGURIDAD;LOGISTICA;KG;SIN PEDIDO;;;;;;;;;;
00374 TERMINAL PUNTA COLORADA;1001742;ZSTO;BOTA GOMA P.ACERO N 38;;;MR01;374;V1;2;4;C28;SEGURIDAD/ROPA/EPP;SEGURIDAD;CALZADO;KG;SIN PEDIDO;;;;;;;;;;
00374 TERMINAL PUNTA COLORADA;1001743;ZSTO;BOTA GOMA P.ACERO N 39;;;MR01;374;V1;4;8;C28;SEGURIDAD/ROPA/EPP;SEGURIDAD;CALZADO;KG;SIN PEDIDO;;;;;;;;;;
00374 TERMINAL PUNTA COLORADA;1001744;ZSTO;BOTA GOMA P.ACERO N 40;;;MR01;374;RE;9;9;C28;SEGURIDAD/ROPA/EPP;SEGURIDAD;CALZADO;KG;SIN PEDIDO;;;;;;;;;;
00374 TERMINAL PUNTA COLORADA;1001745;ZSTO;BOTA GOMA P.ACERO N 41;;;MR01;374;RE;20;20;C28;SEGURIDAD/ROPA/EPP;SEGURIDAD;CALZADO;KG;SIN PEDIDO;;;;;;;;;;
00374 TERMINAL PUNTA COLORADA;1001746;ZSTO;BOTA GOMA P.ACERO N 42;;;MR01;374;RE;20;20;C28;SEGURIDAD/ROPA/EPP;SEGURIDAD;CALZADO;KG;SIN PEDIDO;;;;;;;;;;
00374 TERMINAL PUNTA COLORADA;1001747;ZSTO;BOTA GOMA P.ACERO N 43;;;MR01;374;RE;18;18;C28;SEGURIDAD/ROPA/EPP;SEGURIDAD;CALZADO;KG;SIN PEDIDO;;;;;;;;;;
00374 TERMINAL PUNTA COLORADA;1001772;ZSTO;BANDERIN ROJO Y BLANCO 500MM X 700MM XUN;;;MR01;374;V1;2;4;C28;SEGURIDAD/ROPA/EPP;SEGURIDAD;SEÑALIZACION;KG;SIN PEDIDO;;;;;;;;;;
00374 TERMINAL PUNTA COLORADA;1001773;ZSTO;CHALECOMICROPERFAMARILLOCONREFLECTIVO;;;MR01;374;V1;25;50;C28;SEGURIDAD/ROPA/EPP;SEGURIDAD;INDUMENTARIA;KG;SIN PEDIDO;;;;;;;;;;
00374 TERMINAL PUNTA COLORADA;1001774;ZSTO;ESLINGA SINTETICA 4MTS 4TN CERTIFICADA;;;MR01;374;RE;7;7;C27;FERRETERIA MR01;SEGURIDAD;LOGISTICA;KG;ZPAN;1000095412;SIN TRATAMIENTO;;;;;2/10/2026;12/9/2026;;10160132
00374 TERMINAL PUNTA COLORADA;1001776;ZSTO;ESLINGA SINTETICA 3MTS 3TN CERTIFICADA;;;MR01;374;V1;2;6;C27;FERRETERIA MR01;SEGURIDAD;LOGISTICA;KG;SIN PEDIDO;;;;;;;;;;
00374 TERMINAL PUNTA COLORADA;1001778;ZSTO;YERBA MATE X 500GRS X UN;;;MR01;374;RE;1000;1000;C17;INSUMOS A;ALIMENTOS;?;KG;ZPAN;1000095108;ADJUDICADO;4500138634;;;;15/9/2026;8/9/2026;C28;10159722
00374 TERMINAL PUNTA COLORADA;1001784;ZSTO;ACEITE  HY GARD X 209L;JOHN DEERE;HY GARD;MR01;374;V1;2;4;L01;ACEITES;LUBRICANTES;ACEITES;KG;SIN PEDIDO;;;;;;;;;;
00374 TERMINAL PUNTA COLORADA;1001824;ZSTO;CUBIERTA 295 80 R22.5 TRACCION;PIRELLI NE // GOOD YEAR // BRIDGESTON // // MICHELIN A // GOOD YEAR // GOOD YEAR // FATE SAICI // PIRELLI NE;TG01/TG02 // G677MSD // M 745 // T831 // XDY+ // ARMOR MAX MSA GEN2 // ARMOR MAX MSD // FATECARGO DO-820 // G02;MR01;374;V1;4;7;C48;CUBIERTAS CAMIONES;CUBIERTAS;VW 31320 (3 JUEGOS;KG;SIN PEDIDO;;;;;;;;;;
00374 TERMINAL PUNTA COLORADA;1001827;ZSTO;CUBIERTA 12.00 R20 FG85 (lineal);PIRELLI NE // MICHELIN A // GOOD YEAR;FG85 // XZY3 // G686MSS;MR01;374;V1;4;7;C48;CUBIERTAS CAMIONES;CUBIERTAS;IVECO TRAKKER;KG;SIN PEDIDO;;;;;;;;;;
00374 TERMINAL PUNTA COLORADA;1001834;ZSTO;CUBIERTA 265 65 17 DUELER A T 693;BRIDGESTON // PIRELLI NE // BRIDGESTON // PIRELLI NE // GOOD YEAR;DUELER A T 693 // SCORPION ATR // AT REVO 2 // S MTR // WRANGLER WORKHORSE;MR01;374;V1;8;16;C47;CUBIERTAS AUTOMOTR;CUBIERTAS;hilux hasta 2016;KG;SIN PEDIDO;;;;;;;;;;
00374 TERMINAL PUNTA COLORADA;1001841;ZSTO;CAMARA 12.00 R20;;MARCA DONGAH // MARCA PIRELLI;MR01;374;V1;9;18;C52;CAMARAS;CUBIERTAS;CUBIERTAS;KG;SIN PEDIDO;;;;;;;;;;
00374 TERMINAL PUNTA COLORADA;1001843;ZSTO;CUBIERTA 10-16.5;PIRELLI NE // BOBCAT // TITAN ARGE // GOOD YEAR //;PN16 // HEAVY DUTY // IT 323 10RP TL // IT 323 // TITAN HD2000 10T;MR01;374;V1;2;2;C49;CUBIERTAS INDUSTRI;CUBIERTAS;BOBCAT;KG;SIN PEDIDO;;;;;;;;;;
00374 TERMINAL PUNTA COLORADA;1001861;ZSTO;TALONARIOREMITO R CUADRUPLICADOX25H.;;;MR01;374;RE;5;5;C17;INSUMOS A;LIBRERIA;TALONARIOS;KG;SIN PEDIDO;;;;;;;;;;
00374 TERMINAL PUNTA COLORADA;1001865;ZSTO;MARCADORINDUSTRIAL-VERDEXUN;UNIPAINT;MÚLT. 10U;MR01;374;RE;60;60;C17;INSUMOS A;LIBRERIA;ESCRITURA;KG;SIN PEDIDO;;;;;;;;;;
00374 TERMINAL PUNTA COLORADA;1001866;ZSTO;MARCADOR INDUSTRIAL-NEGROXUN;UNIPAINT;MÚLT. 10U;MR01;374;RE;300;300;C17;INSUMOS A;LIBRERIA;ESCRITURA;KG;SIN PEDIDO;;;;;;;;;;
00374 TERMINAL PUNTA COLORADA;1001867;ZSTO;MARCADOR INDUSTRIAL-BLANCOXUN;UNIPAINT;MÚLT. 10U;MR01;374;RE;240;240;C17;INSUMOS A;LIBRERIA;ESCRITURA;KG;SIN PEDIDO;;;;;;;;;;
00374 TERMINAL PUNTA COLORADA;1001868;ZSTO;FILMSTRECHMANUALXBOBINAx2,70KG;;MEDIDAS 0,50X200METROSX2;MR01;374;RE;10;10;C17;INSUMOS A;LIBRERIA;CINTAS ADHESIVAS;KG;SIN PEDIDO;;;;;;;;;;
00374 TERMINAL PUNTA COLORADA;1001869;ZSTO;MARCADORINDUSTRIAL-AMARILLOXUN;UNIPAINT;MÚLT. 10U;MR01;374;RE;220;220;C17;INSUMOS A;LIBRERIA;ESCRITURA;KG;SIN PEDIDO;;;;;;;;;;
00374 TERMINAL PUNTA COLORADA;1001871;ZSTO;RESMA DE HOJA A4 70GR. X UN;;;MR01;374;RE;76;76;C17;INSUMOS A;LIBRERIA;PAPEL;KG;SIN PEDIDO;;;;;;;;;;
00374 TERMINAL PUNTA COLORADA;1001872;ZSTO;RESMA DE HOJA A3 75GR. X UN;;;MR01;374;RE;10;10;C17;INSUMOS A;LIBRERIA;PAPEL;KG;SIN PEDIDO;;;;;;;;;;
00374 TERMINAL PUNTA COLORADA;1001876;ZSTO;CINTA EMBALAR TRANSPARENTE 48MM X 100 MT;SCOTCH;;MR01;374;RE;80;80;C17;INSUMOS A;LIBRERIA;CINTAS ADHESIVAS;KG;SIN PEDIDO;;;;;;;;;;
00374 TERMINAL PUNTA COLORADA;1001877;ZSTO;CINTA EMBALAR MARRON 48MM X 100 MT;;;MR01;374;RE;35;35;C17;INSUMOS A;LIBRERIA;CINTAS ADHESIVAS;KG;SIN PEDIDO;;;;;;;;;;
00374 TERMINAL PUNTA COLORADA;1001878;ZSTO;CINTA DE ENMASCARAR 48MM X ROLLO;SCOTCH;;MR01;374;RE;140;140;C17;INSUMOS A;LIBRERIA;CINTAS ADHESIVAS;KG;SIN PEDIDO;;;;;;;;;;
00374 TERMINAL PUNTA COLORADA;1001879;ZSTO;CINTA DE ENMASCARAR 24 MM XROLLO;;;MR01;374;RE;20;20;C17;INSUMOS A;LIBRERIA;CINTAS ADHESIVAS;KG;SIN PEDIDO;;;;;;;;;;
00374 TERMINAL PUNTA COLORADA;1001880;ZSTO;MARCADOR INDUSTRIAL - AZUL UNIPAINT X UN;UNIPAINT;MÚLT. 10U;MR01;374;RE;200;200;C17;INSUMOS A;LIBRERIA;ESCRITURA;KG;SIN PEDIDO;;;;;;;;;;
00374 TERMINAL PUNTA COLORADA;1001881;ZSTO;MARCADOR INDUSTRIAL - ROJO UNIPAINT X UN;UNIPAINT;MÚLT. 10U;MR01;374;RE;240;240;C17;INSUMOS A;LIBRERIA;ESCRITURA;KG;SIN PEDIDO;;;;;;;;;;
00374 TERMINAL PUNTA COLORADA;1001885;ZSTO;BOLSAS RESIDUOS XUN 102X130 VERDE;;;MR01;374;RE;750;750;C17;INSUMOS A;LIMPIEZA;LIMPIEZA /SEGURIDAD;KG;SIN PEDIDO;;;;;;;;;;
00374 TERMINAL PUNTA COLORADA;1001887;ZSTO;BOLSAS RESIDUOS XUN 102X130 AMARILLA;;;MR01;374;RE;1120;1120;C17;INSUMOS A;LIMPIEZA;LIMPIEZA /SEGURIDAD;KG;SIN PEDIDO;;;;;;;;;;
00374 TERMINAL PUNTA COLORADA;1001888;ZSTO;BOLSAS RESIDUOS XUN 102X130 NEGRA;;;MR01;374;RE;460;460;C17;INSUMOS A;LIMPIEZA;LIMPIEZA /SEGURIDAD;KG;ZPAN;1000095057;ADJUDICADO;4500137185;;;;28/9/2026;8/9/2026;374;10159633
00374 TERMINAL PUNTA COLORADA;1001891;ZSTO;PANOABSORVENTE PARAHIDROCARBUROXPAQ100;;;MR01;374;RE;9;9;C17;INSUMOS A;LIMPIEZA;MANTENIMIENTO TALLER;KG;SIN PEDIDO;;;;;;;;;;
00374 TERMINAL PUNTA COLORADA;1001892;ZSTO;BOLSAS RESIDUOS XUN 102X130ROJA100MICXUN;;;MR01;374;RE;500;500;C17;INSUMOS A;LIMPIEZA;LIMPIEZA /SEGURIDAD;KG;SIN PEDIDO;;;;;;;;;;
00374 TERMINAL PUNTA COLORADA;1001893;ZSTO;BOLSARESIDUPLASTICA60X90NEGRAXROLLOX10UN;;;MR01;374;RE;90;90;C17;INSUMOS A;LIMPIEZA;BOLSAS;KG;SIN PEDIDO;;;;;;;;;;
00374 TERMINAL PUNTA COLORADA;1001894;ZSTO;ALCOHOL EN GEL X LITRO;;;MR01;374;RE;20;20;C17;INSUMOS A;LIMPIEZA;ALCOHOL EN GEL;KG;SIN PEDIDO;;;;;;;;;;
00374 TERMINAL PUNTA COLORADA;1001895;ZSTO;ALCOHOL LIQUIDO X LITRO;;;MR01;374;RE;30;30;C17;INSUMOS A;LIMPIEZA;ALCOHOL LIQUIDO;KG;ZPAN;1000094420;DESPACHADO;4500137320;3/9/2026;3/9/2026;16/9/2026;16/9/2026;27/8/2026;C17;10158671
00374 TERMINAL PUNTA COLORADA;1001896;ZSTO;PULVERIZADOR P ALCOHOL LIQUIDO 500 ML;;;MR01;374;RE;13;13;C17;INSUMOS A;LIMPIEZA;DIFUSOR;KG;SIN PEDIDO;;;;;;;;;;
00374 TERMINAL PUNTA COLORADA;1001905;ZSTO;DESODORANTE AEROSOL X360CM3;;;MR01;374;V1;60;120;C17;INSUMOS A;LIMPIEZA;INSUMOS;KG;SIN PEDIDO;;;;;;;;;;
00374 TERMINAL PUNTA COLORADA;1001909;ZSTO;LUSTRAMUEBLES X360ML;;;MR01;374;V1;48;96;C17;INSUMOS A;LIMPIEZA;INSUMOS;KG;SIN PEDIDO;;;;;;;;;;
00374 TERMINAL PUNTA COLORADA;1001911;ZSTO;CABO MADERA P/ESCOBILLON;;;MR01;374;V1;10;15;C17;INSUMOS A;LIMPIEZA;INSUMOS;KG;SIN PEDIDO;;;;;;;;;;
00374 TERMINAL PUNTA COLORADA;1001915;ZSTO;REJILLA DE COCINA;;;MR01;374;V1;60;80;C17;INSUMOS A;LIMPIEZA;INSUMOS;KG;SIN PEDIDO;;;;;;;;;;
00374 TERMINAL PUNTA COLORADA;1001916;ZSTO;FRANELA;;;MR01;374;V1;60;80;C17;INSUMOS A;LIMPIEZA;INSUMOS;KG;SIN PEDIDO;;;;;;;;;;
00374 TERMINAL PUNTA COLORADA;1001918;ZSTO;ESCOBA PLASTICO S/CABO;;;MR01;374;V1;10;15;C17;INSUMOS A;LIMPIEZA;INSUMOS;KG;SIN PEDIDO;;;;;;;;;;
00374 TERMINAL PUNTA COLORADA;1001923;ZSTO;AGROPOL 100 MIC 4X50MTS;;;MR01;374;RE;20;20;C27;FERRETERIA MR01;FERRETERIA;INSUMOS;KG;SIN PEDIDO;;;;;;;;;;
00374 TERMINAL PUNTA COLORADA;1001927;ZSTO;DISCO CORTE 178X1.6X22 SECUR EXTRA  x UN;TYROLIT;178X16X222;MR01;374;RE;500;500;C27;FERRETERIA MR01;FERRETERIA;ABRASIVOS/DISCOS;KG;SIN PEDIDO;;;;;;;;;;
00374 TERMINAL PUNTA COLORADA;1001929;ZSTO;DISCO 178X4,8X22,23TYROLIT OASECUR XUN;TYROLIT;178X48X222;MR01;374;V1;15;30;C27;FERRETERIA MR01;FERRETERIA;ABRASIVOS/DISCOS;KG;SIN PEDIDO;;;;;;;;;;
00374 TERMINAL PUNTA COLORADA;1001933;ZSTO;DISCO 114x1,6x222 REFORZADO x UN;TYROLIT;114X16X222;MR01;374;RE;600;600;C27;FERRETERIA MR01;FERRETERIA;ABRASIVOS/DISCOS;KG;SIN PEDIDO;;;;;;;;;;
00374 TERMINAL PUNTA COLORADA;1001934;ZSTO;DISCO C D O A 114X4.8X22.2 SECUR x UN;TYROLIT;114X48X222;MR01;374;RE;60;60;C27;FERRETERIA MR01;FERRETERIA;ABRASIVOS/DISCOS;KG;SIN PEDIDO;;;;;;;;;;
00374 TERMINAL PUNTA COLORADA;1001949;ZSTO;CANDADO 30MM XUN;;;MR01;374;RE;16;16;C27;FERRETERIA MR01;FERRETERIA;ACCESORIOS;KG;SIN PEDIDO;;;;;;;;;;
00374 TERMINAL PUNTA COLORADA;1001950;ZSTO;CANDADO 38-40MM XUN;;;MR01;374;RE;20;20;C27;FERRETERIA MR01;FERRETERIA;ACCESORIOS;KG;SIN PEDIDO;;;;;;;;;;
00374 TERMINAL PUNTA COLORADA;1001951;ZSTO;CANDADO 50MM XUN;;;MR01;374;RE;20;20;C27;FERRETERIA MR01;FERRETERIA;ACCESORIOS;KG;SIN PEDIDO;;;;;;;;;;
00374 TERMINAL PUNTA COLORADA;1001952;ZSTO;TRAPO LIMPIO (BOLSAX10KG) XUN;;MÚLT. 10 KG;MR01;374;RE;15;15;C27;FERRETERIA MR01;FERRETERIA;ACCESORIOS;KG;SIN PEDIDO;;;;;;;;;;
00374 TERMINAL PUNTA COLORADA;1001958;ZSTO;CINTA TEFLON 1/2 X 20MT;;;MR01;374;RE;6;6;C27;FERRETERIA MR01;FERRETERIA;INSUMOS;KG;SIN PEDIDO;;;;;;;;;;
00374 TERMINAL PUNTA COLORADA;1001959;ZSTO;CINTA TEFLON 3/4 X 20MT;;;MR01;374;RE;15;15;C27;FERRETERIA MR01;FERRETERIA;INSUMOS;KG;SIN PEDIDO;;;;;;;;;;
00374 TERMINAL PUNTA COLORADA;1001960;ZSTO;CINTA AISLADORA AMARILLO X10MT;;;MR01;374;RE;50;50;C27;FERRETERIA MR01;FERRETERIA;INSUMOS;KG;SIN PEDIDO;;;;;;;;;;
00374 TERMINAL PUNTA COLORADA;1001961;ZSTO;CINTA AISLADORA NEGRA X10MT;;;MR01;374;RE;51;51;C27;FERRETERIA MR01;FERRETERIA;INSUMOS;KG;SIN PEDIDO;;;;;;;;;;
00374 TERMINAL PUNTA COLORADA;1001962;ZSTO;CINTA AISLADORA ROJA X10MT;;;MR01;374;RE;20;20;C27;FERRETERIA MR01;FERRETERIA;INSUMOS;KG;SIN PEDIDO;;;;;;;;;;
00374 TERMINAL PUNTA COLORADA;1001963;ZSTO;CINTA AISLADORA VERDE X10MT;;;MR01;374;RE;50;50;C27;FERRETERIA MR01;FERRETERIA;INSUMOS;KG;SIN PEDIDO;;;;;;;;;;
00374 TERMINAL PUNTA COLORADA;1001964;ZSTO;CINTA AISLADORA BLANCA;;;MR01;374;RE;25;25;C27;FERRETERIA MR01;FERRETERIA;INSUMOS;KG;SIN PEDIDO;;;;;;;;;;
00374 TERMINAL PUNTA COLORADA;1001969;ZSTO;ESMALTE SINT. AEROSOL BLANCO X440CC;;KUWAIT-SINTEPLAST;MR01;374;RE;65;65;C22;INSUMOS C;PINTURAS;PINTURA AEROSOL;KG;SIN PEDIDO;;;;;;;;;;
00374 TERMINAL PUNTA COLORADA;1001970;ZSTO;ESMALTE SINT. AEROSOL NEGRO X440CC;;KUWAIT-SINTEPLAST;MR01;374;RE;45;45;C22;INSUMOS C;PINTURAS;PINTURA AEROSOL;KG;SIN PEDIDO;;;;;;;;;;
00374 TERMINAL PUNTA COLORADA;1001971;ZSTO;ESMALTE SINT. AEROSOL ROJO X 440CC;;KUWAIT-SINTEPLAST;MR01;374;RE;24;24;C22;INSUMOS C;PINTURAS;PINTURA AEROSOL;KG;SIN PEDIDO;;;;;;;;;;
00374 TERMINAL PUNTA COLORADA;1001972;ZSTO;ESMALTE SINT. AEROSOL VERDE X440CC;;KUWAIT-SINTEPLAST;MR01;374;RE;24;24;C22;INSUMOS C;PINTURAS;PINTURA AEROSOL;KG;SIN PEDIDO;;;;;;;;;;
00374 TERMINAL PUNTA COLORADA;1001973;ZSTO;ESMALTE SINT. AEROSOL AZUL X440CC;;KUWAIT-SINTEPLAST;MR01;374;RE;30;30;C22;INSUMOS C;PINTURAS;PINTURA AEROSOL;KG;SIN PEDIDO;;;;;;;;;;
00374 TERMINAL PUNTA COLORADA;1001982;ZSTO;VIDRIOP CARETASOLDADOR50X105MMTINTE10;;;MR01;374;RE;10;10;C27;FERRETERIA MR01;SOLDADURA;ACCESORIOS;KG;SIN PEDIDO;;;;;;;;;;
00374 TERMINAL PUNTA COLORADA;1001984;ZSTO;CARETA PARA SOLDADOR X UN;;;MR01;374;RE;5;5;C27;FERRETERIA MR01;SOLDADURA;ACCESORIOS;KG;SIN PEDIDO;;;;;;;;;;
00374 TERMINAL PUNTA COLORADA;1001985;ZSTO;VIDRIOP CARETASOLDADOR50X105MMINCOLORO;;;MR01;374;RE;15;15;C27;FERRETERIA MR01;SOLDADURA;ACCESORIOS;KG;SIN PEDIDO;;;;;;;;;;
00374 TERMINAL PUNTA COLORADA;1001988;ZSTO;ELECTRODO AWS6013 X 3,25MM X KG;CONARCO;AWS6013;MR01;374;RE;60;60;C27;FERRETERIA MR01;SOLDADURA;ELECTRODOS;KG;SIN PEDIDO;;;;;;;;;;
00374 TERMINAL PUNTA COLORADA;1001993;ZSTO;ELECTRODO AWS7018 X 3,25 MM X KG;CONARCO;AWS7018;MR01;374;RE;32;32;C27;FERRETERIA MR01;SOLDADURA;ELECTRODOS;KG;SIN PEDIDO;;;;;;;;;;
00374 TERMINAL PUNTA COLORADA;1001997;ZSTO;ELECTRODO 6013 X 2 MM X KG;CONARCO;AWSE6013;MR01;374;RE;65;65;C27;FERRETERIA MR01;SOLDADURA;ELECTRODOS;KG;SIN PEDIDO;;;;;;;;;;
00374 TERMINAL PUNTA COLORADA;1002000;ZSTO;CAMISA JEAN T.38 C LOGO;;;MR01;374;RE;25;25;C28;SEGURIDAD/ROPA/EPP;ROPA;INDUMENTARIA;KG;SIN PEDIDO;;;;;;;;;;
00374 TERMINAL PUNTA COLORADA;1002001;ZSTO;CAMISA JEAN T.40 C LOGO;;;MR01;374;RE;30;30;C28;SEGURIDAD/ROPA/EPP;ROPA;INDUMENTARIA;KG;SIN PEDIDO;;;;;;;;;;
00374 TERMINAL PUNTA COLORADA;1002002;ZSTO;CAMISA JEAN T.42 C LOGO;;;MR01;374;RE;44;44;C28;SEGURIDAD/ROPA/EPP;ROPA;INDUMENTARIA;KG;SIN PEDIDO;;;;;;;;;;
00374 TERMINAL PUNTA COLORADA;1002003;ZSTO;CAMISA JEAN T.44 C LOGO;;;MR01;374;RE;36;36;C28;SEGURIDAD/ROPA/EPP;ROPA;INDUMENTARIA;KG;SIN PEDIDO;;;;;;;;;;
00374 TERMINAL PUNTA COLORADA;1002004;ZSTO;CAMISA JEAN T.46 C LOGO;;;MR01;374;RE;46;46;C28;SEGURIDAD/ROPA/EPP;ROPA;INDUMENTARIA;KG;SIN PEDIDO;;;;;;;;;;
00374 TERMINAL PUNTA COLORADA;1002005;ZSTO;CAMISA JEAN T.48 C LOGO;;;MR01;374;RE;30;30;C28;SEGURIDAD/ROPA/EPP;ROPA;INDUMENTARIA;KG;SIN PEDIDO;;;;;;;;;;
00374 TERMINAL PUNTA COLORADA;1002006;ZSTO;CAMISA JEAN T.50 C LOGO;;;MR01;374;RE;15;15;C28;SEGURIDAD/ROPA/EPP;ROPA;INDUMENTARIA;KG;SIN PEDIDO;;;;;;;;;;
00374 TERMINAL PUNTA COLORADA;1002007;ZSTO;CAMISA JEAN T.52 C LOGO;;;MR01;374;RE;14;14;C28;SEGURIDAD/ROPA/EPP;ROPA;INDUMENTARIA;KG;SIN PEDIDO;;;;;;;;;;
00374 TERMINAL PUNTA COLORADA;1002008;ZSTO;CAMISA JEAN T.54 C LOGO;;;MR01;374;RE;8;8;C28;SEGURIDAD/ROPA/EPP;ROPA;INDUMENTARIA;KG;SIN PEDIDO;;;;;;;;;;
00374 TERMINAL PUNTA COLORADA;1002010;ZSTO;CAMISA JEAN T.58 C LOGO;;;MR01;374;V1;2;3;C28;SEGURIDAD/ROPA/EPP;ROPA;INDUMENTARIA;KG;SIN PEDIDO;;;;;;;;;;
00374 TERMINAL PUNTA COLORADA;1002011;ZSTO;PANTALON JEAN T.38;;;MR01;374;RE;10;10;C28;SEGURIDAD/ROPA/EPP;ROPA;INDUMENTARIA;KG;SIN PEDIDO;;;;;;;;;;
00374 TERMINAL PUNTA COLORADA;1002012;ZSTO;PANTALON JEAN T.40;;;MR01;374;RE;30;30;C28;SEGURIDAD/ROPA/EPP;ROPA;INDUMENTARIA;KG;SIN PEDIDO;;;;;;;;;;
00374 TERMINAL PUNTA COLORADA;1002013;ZSTO;PANTALON JEAN T.42;;;MR01;374;RE;30;30;C28;SEGURIDAD/ROPA/EPP;ROPA;INDUMENTARIA;KG;SIN PEDIDO;;;;;;;;;;
00374 TERMINAL PUNTA COLORADA;1002014;ZSTO;PANTALON JEAN T.44;;;MR01;374;RE;40;40;C28;SEGURIDAD/ROPA/EPP;ROPA;INDUMENTARIA;KG;SIN PEDIDO;;;;;;;;;;
00374 TERMINAL PUNTA COLORADA;1002015;ZSTO;PANTALON JEAN T.46;;;MR01;374;RE;30;30;C28;SEGURIDAD/ROPA/EPP;ROPA;INDUMENTARIA;KG;SIN PEDIDO;;;;;;;;;;
00374 TERMINAL PUNTA COLORADA;1002016;ZSTO;PANTALON JEAN T.48;;;MR01;374;RE;32;32;C28;SEGURIDAD/ROPA/EPP;ROPA;INDUMENTARIA;KG;SIN PEDIDO;;;;;;;;;;
00374 TERMINAL PUNTA COLORADA;1002017;ZSTO;PANTALON JEAN T.50;;;MR01;374;RE;22;22;C28;SEGURIDAD/ROPA/EPP;ROPA;INDUMENTARIA;KG;SIN PEDIDO;;;;;;;;;;
00374 TERMINAL PUNTA COLORADA;1002018;ZSTO;PANTALON JEAN T.52;;;MR01;374;RE;21;21;C28;SEGURIDAD/ROPA/EPP;ROPA;INDUMENTARIA;KG;SIN PEDIDO;;;;;;;;;;
00374 TERMINAL PUNTA COLORADA;1002019;ZSTO;PANTALON JEAN T.54;;;MR01;374;RE;15;15;C28;SEGURIDAD/ROPA/EPP;ROPA;INDUMENTARIA;KG;SIN PEDIDO;;;;;;;;;;
00374 TERMINAL PUNTA COLORADA;1002020;ZSTO;PANTALON JEAN T.56;;;MR01;374;RE;10;10;C28;SEGURIDAD/ROPA/EPP;ROPA;INDUMENTARIA;KG;SIN PEDIDO;;;;;;;;;;
00374 TERMINAL PUNTA COLORADA;1002021;ZSTO;PANTALON JEAN T.58;;;MR01;374;RE;8;8;C28;SEGURIDAD/ROPA/EPP;ROPA;INDUMENTARIA;KG;SIN PEDIDO;;;;;;;;;;
00374 TERMINAL PUNTA COLORADA;1002045;ZSTO;CAMISETA PRIMERA PIEL T.L;;;MR01;374;RE;41;41;C28;SEGURIDAD/ROPA/EPP;SEGURIDAD;INDUMENTARIA;KG;SIN PEDIDO;;;;;;;;;;
00374 TERMINAL PUNTA COLORADA;1002046;ZSTO;CAMISETA PRIMERA PIEL T.XL;;;MR01;374;RE;42;42;C28;SEGURIDAD/ROPA/EPP;SEGURIDAD;INDUMENTARIA;KG;SIN PEDIDO;;;;;;;;;;
00374 TERMINAL PUNTA COLORADA;1002047;ZSTO;CAMISETA PRIMERA PIEL T.XXL;;;MR01;374;RE;34;34;C28;SEGURIDAD/ROPA/EPP;SEGURIDAD;INDUMENTARIA;KG;SIN PEDIDO;;;;;;;;;;
00374 TERMINAL PUNTA COLORADA;1002049;ZSTO;CAMPERA 2 PIEL T. S;;;MR01;374;RE;22;22;C28;SEGURIDAD/ROPA/EPP;SEGURIDAD;INDUMENTARIA;KG;SIN PEDIDO;;;;;;;;;;
00374 TERMINAL PUNTA COLORADA;1002050;ZSTO;CAMPERA 2 PIEL T. M;;;MR01;374;RE;27;27;C28;SEGURIDAD/ROPA/EPP;SEGURIDAD;INDUMENTARIA;KG;SIN PEDIDO;;;;;;;;;;
00374 TERMINAL PUNTA COLORADA;1002052;ZSTO;CAMPERA 2 PIEL T. XL;;;MR01;374;RE;37;37;C28;SEGURIDAD/ROPA/EPP;SEGURIDAD;INDUMENTARIA;KG;SIN PEDIDO;;;;;;;;;;
00374 TERMINAL PUNTA COLORADA;1002053;ZSTO;CAMPERA 2 PIEL T. XXL;;;MR01;374;RE;50;50;C28;SEGURIDAD/ROPA/EPP;SEGURIDAD;INDUMENTARIA;KG;SIN PEDIDO;;;;;;;;;;
00374 TERMINAL PUNTA COLORADA;1002056;ZSTO;CAMPERA ABRIGO T. S ROJA CON LOGO;No aplica;CON REFLECTIVO T. S;MR01;374;RE;26;26;C28;SEGURIDAD/ROPA/EPP;ROPA;INDUMENTARIA;KG;SIN PEDIDO;;;;;;;;;;
00374 TERMINAL PUNTA COLORADA;1002057;ZSTO;CAMPERA ABRIGO T. M ROJA CON LOGO;No aplica;CON REFLECTIVO T. M;MR01;374;RE;31;31;C28;SEGURIDAD/ROPA/EPP;ROPA;INDUMENTARIA;KG;SIN PEDIDO;;;;;;;;;;
00374 TERMINAL PUNTA COLORADA;1002058;ZSTO;CAMPERA ABRIGO T. L ROJA CON LOGO;No aplica;CON REFLECTIVO T. L;MR01;374;RE;50;50;C28;SEGURIDAD/ROPA/EPP;ROPA;INDUMENTARIA;KG;SIN PEDIDO;;;;;;;;;;
00374 TERMINAL PUNTA COLORADA;1002059;ZSTO;CAMPERA ABRIGO T. XL ROJA CON LOGO;No aplica;CON REFLECTIVO T. XL;MR01;374;RE;45;45;C28;SEGURIDAD/ROPA/EPP;ROPA;INDUMENTARIA;KG;SIN PEDIDO;;;;;;;;;;
00374 TERMINAL PUNTA COLORADA;1002060;ZSTO;CAMPERA ABRIGO T. XXL ROJA CON LOGO;No aplica;CON REFLECTIVO T. XXL;MR01;374;RE;35;35;C28;SEGURIDAD/ROPA/EPP;ROPA;INDUMENTARIA;KG;SIN PEDIDO;;;;;;;;;;
00374 TERMINAL PUNTA COLORADA;1002061;ZSTO;CAMPERA ABRIGO T. XXXL ROJA CON LOGO;No aplica;CON REFLECTIVO T. XXXL;MR01;374;RE;25;25;C28;SEGURIDAD/ROPA/EPP;ROPA;INDUMENTARIA;KG;SIN PEDIDO;;;;;;;;;;
00374 TERMINAL PUNTA COLORADA;1002066;ZSTO;PANTALON PRIMERA PIEL T.L;;;MR01;374;RE;45;45;C28;SEGURIDAD/ROPA/EPP;SEGURIDAD;INDUMENTARIA;KG;SIN PEDIDO;;;;;;;;;;
00374 TERMINAL PUNTA COLORADA;1002067;ZSTO;PANTALON PRIMERA PIEL T.XL;;;MR01;374;RE;46;46;C28;SEGURIDAD/ROPA/EPP;SEGURIDAD;INDUMENTARIA;KG;SIN PEDIDO;;;;;;;;;;
00374 TERMINAL PUNTA COLORADA;1002068;ZSTO;PANTALON PRIMERA PIEL T.XXL;;;MR01;374;RE;30;30;C28;SEGURIDAD/ROPA/EPP;SEGURIDAD;INDUMENTARIA;KG;SIN PEDIDO;;;;;;;;;;
00374 TERMINAL PUNTA COLORADA;1002070;ZSTO;CAMPERA DESCARNE T.XXL;;;MR01;374;RE;6;6;C28;SEGURIDAD/ROPA/EPP;SEGURIDAD;INDUMENTARIA;KG;SIN PEDIDO;;;;;;;;;;
00374 TERMINAL PUNTA COLORADA;1002071;ZSTO;CAMPERA DESCARNE T.XXXL;;;MR01;374;RE;12;12;C28;SEGURIDAD/ROPA/EPP;SEGURIDAD;INDUMENTARIA;KG;SIN PEDIDO;;;;;;;;;;
00374 TERMINAL PUNTA COLORADA;1002092;ZSTO;CAPA DE LLUVIA T.XXXL;;;MR01;374;V1;3;6;C28;SEGURIDAD/ROPA/EPP;ROPA;INDUMENTARIA;KG;SIN PEDIDO;;;;;;;;;;
00374 TERMINAL PUNTA COLORADA;1002115;ZSTO;CORREA MOTOR;CATERPILLA;2432143;MR01;374;V1;2;2;C29;FILTROS/RESPUESTOS;CORREAS;CAT 938 H;KG;SIN PEDIDO;;;;;;;;;;
00374 TERMINAL PUNTA COLORADA;1002123;ZSTO;CORREA;JOHN DEERE // JOHN DEERE;T197521 // T428724;MR01;374;V1;2;2;C29;FILTROS/RESPUESTOS;CORREAS;JD 544J;KG;SIN PEDIDO;;;;;;;;;;
00374 TERMINAL PUNTA COLORADA;1002164;ZSTO;CORREA MOTOR VW 31-320 CONSTELATION XUN;CONTINENTA;8PK1980;MR01;374;V1;2;2;C29;FILTROS/RESPUESTOS;CORREAS;VW 31-320 CONSTELATION;KG;SIN PEDIDO;;;;;;;;;;
00374 TERMINAL PUNTA COLORADA;1002174;ZSTO;CORREA A A X UN;KOMATSU HO;412021761;MR01;374;V1;2;2;C29;FILTROS/RESPUESTOS;CORREAS;PC350LC8;KG;SIN PEDIDO;;;;;;;;;;
00374 TERMINAL PUNTA COLORADA;1002195;ZSTO;CORREA DE ALTERNADOR;BOBCAT;7100104;MR01;374;V1;2;2;C29;FILTROS/RESPUESTOS;CORREAS;BOBCAT S530;KG;SIN PEDIDO;;;;;;;;;;
00374 TERMINAL PUNTA COLORADA;1002202;ZSTO;CORREA PRINCIPAL;CATERPILLA;3508742;MR01;374;V1;2;2;C29;FILTROS/RESPUESTOS;CORREAS;CORREAS;KG;SIN PEDIDO;;;;;;;;;;
00374 TERMINAL PUNTA COLORADA;1002204;ZSTO;CORREA ALTERNADOR;;3032915 // AV 13X890;MR01;374;V1;2;2;C03;EQUIPOS;CORREAS;HIMOINSA LTA 8 V LED;KG;SIN PEDIDO;;;;;;;;;;
00374 TERMINAL PUNTA COLORADA;1002205;ZSTO;CORREA DE ALTERNADOR;CNH //;1F504013617 // CNH-IVECO-504038672 // 5802350473;MR01;374;V1;2;2;C29;FILTROS/RESPUESTOS;CORREAS;DIECHI SAMSON 75.10;KG;SIN PEDIDO;;;;;;;;;;
00374 TERMINAL PUNTA COLORADA;1002270;ZSTO;PATIN CENTRAL DE VERTEDERA;CATERPILLA // CATERPILLA;1781685 // 4461527;MR01;374;V1;2;2;G01;CUCHILLAS;DESGASTE;CAT 140H;KG;SIN PEDIDO;;;;;;;;;;
00374 TERMINAL PUNTA COLORADA;1002331;ZSTO;TRABA P TF1U3302L;JOHN DEERE;T9J2308;MR01;374;V1;5;9;G05;AJUSTE;DESGASTE;JD 644K, 544K;KG;SIN PEDIDO;;;;;;;;;;
00374 TERMINAL PUNTA COLORADA;1002363;ZSTO;DIENTE X UN;JOHN DEERE // JOHN DEERE;TK250LD // 250LD;MR01;374;V1;22;45;G04;UÑAS;DESGASTE;544K;KG;SIN PEDIDO;;;;;;;;;;
00374 TERMINAL PUNTA COLORADA;1002365;ZSTO;CUCHILLA PARA BALDE 68;BOBCAT;PRPBO6716015;MR01;374;V1;1;1;G01;CUCHILLAS;DESGASTE;BOBCAT S530 /Á S185;KG;SIN PEDIDO;;;;;;;;;;
00374 TERMINAL PUNTA COLORADA;1002390;ZSTO;PORTA UNAS CENTRALES;;KH115020;MR01;374;V1;3;3;G04;UÑAS;DESGASTE;PC130-8 OM;KG;SIN PEDIDO;;;;;;;;;;
00374 TERMINAL PUNTA COLORADA;1002423;ZSTO;PORTA UNAS DERECHOS E IZQUIERDOS;JOHN DEERE;TK250E100B;MR01;374;V1;2;3;G04;UÑAS;DESGASTE;JD 624 K;KG;SIN PEDIDO;;;;;;;;;;
00374 TERMINAL PUNTA COLORADA;1002485;ZSTO;FILTRO CABINA RECIRCULADO;JOHN DEERE;AT184590;MR01;374;V1;2;5;F05;FILTRO AIRE CABINA;FILTROS;FILTROS;KG;SIN PEDIDO;;;;;;;;;;
00374 TERMINAL PUNTA COLORADA;1002516;ZSTO;FILTRO ACEITE XUN;JOHN DEERE // DONALDSON // JOHN DEERE;RE59754 // P551352 // DZ118286;MR01;374;V1;2;2;F03;FILTRO ACEITE;FILTROS;JD 6615;KG;SIN PEDIDO;;;;;;;;;;
00374 TERMINAL PUNTA COLORADA;1002524;ZSTO;FILTRO ACEITE MOTOR;MANN // BALDWIN // FLEETGUARD //;W962 // B236 // LF4054 // 0986B01027;MR01;374;V1;2;2;F03;FILTRO ACEITE;FILTROS;FILTROS;KG;SIN PEDIDO;;;;;;;;;;
00374 TERMINAL PUNTA COLORADA;1002527;ZSTO;FILTRO AIRE CABINA;CATERPILLA // CATERPILLA;2457823 // 5460006;MR01;374;V1;2;2;F05;FILTRO AIRE CABINA;FILTROS;CAT 324DL;KG;SIN PEDIDO;;;;;;;;;;
00374 TERMINAL PUNTA COLORADA;1002529;ZSTO;FILTRO HIDRAULICO DE RETORNO XUN;JOHN DEERE // JOHN DEERE;AT335977 // AT545968;MR01;374;V1;2;3;F07;FILTRO FLUIDO HIDR;FILTROS;JD 544K;KG;SIN PEDIDO;;;;;;;;;;
00374 TERMINAL PUNTA COLORADA;1002542;ZSTO;FILTRO ACEITE TRANSMISION JD;JOHN DEERE // JOHN DEERE;AT466863 // AT179323;MR01;374;V1;2;3;C03;EQUIPOS;FILTROS;JD;KG;SIN PEDIDO;;;;;;;;;;
00374 TERMINAL PUNTA COLORADA;1002543;ZSTO;FILTRO AIRE X UN;JOHN DEERE;AT191102;MR01;374;V1;10;20;F04;FILTRO AIRE;FILTROS;CABINA J.D. 544K;KG;SIN PEDIDO;;;;;;;;;;
00374 TERMINAL PUNTA COLORADA;1002552;ZSTO;COMBUSTIBLE J.D. XUN;JOHN DEERE // JOHN DEERE;DQ24057 // AT81478;MR01;374;V1;2;2;F06;FILTRO COMBUSTIBLE;FILTROS;JD 6615;KG;SIN PEDIDO;;;;;;;;;;
00374 TERMINAL PUNTA COLORADA;1002557;ZSTO;FILTRO COMBUSTIBLE XUN;JOHN DEERE;RE62418;MR01;374;V1;3;5;F06;FILTRO COMBUSTIBLE;FILTROS;JD 6615;KG;SIN PEDIDO;;;;;;;;;;
00374 TERMINAL PUNTA COLORADA;1002568;ZSTO;FILTRO HIDRAULICO J.D. XUN;JOHN DEERE //;AL156625 // AL221066;MR01;374;V1;2;2;F07;FILTRO FLUIDO HIDR;FILTROS;JD 6615;KG;SIN PEDIDO;;;;;;;;;;
00374 TERMINAL PUNTA COLORADA;1002569;ZSTO;FILTRO RESPIRADERO TANQUE HIDRAULICO XUN;JOHN DEERE;AM39653;MR01;374;V1;2;3;F04;FILTRO AIRE;FILTROS;JD 544K;KG;SIN PEDIDO;;;;;;;;;;
00374 TERMINAL PUNTA COLORADA;1002580;ZSTO;FILTRO X UN;FLEETGUARD // DONALDSON // DONALDSON //;WF2071 // P552071 // P552070 // WF2070;MR01;374;V1;2;2;F14;GENERICOS FILTROS;FILTROS;FILTROS;KG;SIN PEDIDO;;;;;;;;;;
00374 TERMINAL PUNTA COLORADA;1002584;ZSTO;FILTRO DE DIFERENCIAL;SCANIA ARG // SCANIA ARG // SCANIA ARG;1301696 // 17680402 // 2002705;MR01;374;RE;1;1;F03;FILTRO ACEITE;VERIFICAR;FILTROS;KG;SIN PEDIDO;;;;;;;;;;
00374 TERMINAL PUNTA COLORADA;1002612;ZSTO;FILTRO AIRE JOHN DEERE;JOHN DEERE // No aplica // JOHN DEERE;AL177184 // 119095 // AL225552;MR01;374;V1;2;2;F04;FILTRO AIRE;FILTROS;JD 6615;KG;SIN PEDIDO;;;;;;;;;;
00374 TERMINAL PUNTA COLORADA;1002613;ZSTO;FILTRO AIRE;JOHN DEERE;AL150288;MR01;374;V1;2;2;F04;FILTRO AIRE;FILTROS;JD 6615;KG;SIN PEDIDO;;;;;;;;;;
00374 TERMINAL PUNTA COLORADA;1002629;ZSTO;FILTRO ACEITE GROVE 540E;MANITOWOK // No aplica // FLEETGUARD // DONALDSON;9414101679 // 3937736 // LF3970 // P550428;MR01;374;V1;1;2;F03;FILTRO ACEITE;FILTROS;GROVE RT540E;KG;SIN PEDIDO;;;;;;;;;;
00374 TERMINAL PUNTA COLORADA;1002642;ZSTO;FILTRO AIRE;MOTORCRAFT // //;RFA6B // C17308 // P619859;MR01;374;V1;2;2;F04;FILTRO AIRE;FILTROS;FILTROS;KG;SIN PEDIDO;;;;;;;;;;
00374 TERMINAL PUNTA COLORADA;1002650;ZSTO;FILTRO CORROSION KOMATSU XUN;KOMATSU HO;6004111191;MR01;374;V1;2;2;F02;FILTRO ANTICORROSI;FILTROS;PC350LC8;KG;SIN PEDIDO;;;;;;;;;;
00374 TERMINAL PUNTA COLORADA;1002658;ZSTO;FILTRO HIDRAULICO KMS 155AX6 XUN;KOMATSU HO // KOMATSU HO;2076071182 // 2076071181;MR01;374;V1;2;2;F07;FILTRO FLUIDO HIDR;FILTROS;KMS 155AX6 PC 350LC8;KG;SIN PEDIDO;;;;;;;;;;
00374 TERMINAL PUNTA COLORADA;1002660;ZSTO;FILTRO HIDRAULICO;JOHN DEERE // JOHN DEERE // JOHN DEERE;AL160316 // AL160771 // AL203061;MR01;374;V1;2;2;F07;FILTRO FLUIDO HIDR;FILTROS;JD 6615;KG;SIN PEDIDO;;;;;;;;;;
00374 TERMINAL PUNTA COLORADA;1002719;ZSTO;RESPIR. TQ. HIDRAULICO XUN;KOMATSU HO;20Y6021470;MR01;374;V1;2;2;F07;FILTRO FLUIDO HIDR;FILTROS;PC350LC8;KG;SIN PEDIDO;;;;;;;;;;
00374 TERMINAL PUNTA COLORADA;1002734;ZSTO;FILTRO AIRE SECUNDARIO;CATERPILLA // DONALDSON;2456376 // P782108;MR01;374;V1;2;2;F04;FILTRO AIRE;FILTROS;CAT 140K;KG;SIN PEDIDO;;;;;;;;;;
00374 TERMINAL PUNTA COLORADA;1002735;ZSTO;FILTRO AIRE PRIMARIO XUN;CATERPILLA // DONALDSON;2456375 // P782105;MR01;374;V1;2;2;F04;FILTRO AIRE;FILTROS;CAT;KG;SIN PEDIDO;;;;;;;;;;
00374 TERMINAL PUNTA COLORADA;1002736;ZSTO;FILTRO TANQUE HIDRAULICO XUN;CATERPILLA;1R0774;MR01;374;V1;2;2;F07;FILTRO FLUIDO HIDR;FILTROS;CAT 416E // 140K;KG;SIN PEDIDO;;;;;;;;;;
00374 TERMINAL PUNTA COLORADA;1002740;ZSTO;FILTRO HIDRAULICO;CATERPILLA;937521;MR01;374;V1;2;2;F07;FILTRO FLUIDO HIDR;FILTROS;CAT 330;KG;SIN PEDIDO;;;;;;;;;;
00374 TERMINAL PUNTA COLORADA;1002745;ZSTO;FILTRO AIRE CABINA;CATERPILLA // CATERPILLA // CATERPILLA;2931183 // 3050329 // 4I1278;MR01;374;V1;2;2;F05;FILTRO AIRE CABINA;FILTROS;CAT 336 DLME;KG;SIN PEDIDO;;;;;;;;;;
00374 TERMINAL PUNTA COLORADA;1002746;ZSTO;UNIDAD SELLO FILTRO HIDRAULICO;CATERPILLA;5I8670;MR01;374;V1;2;2;C29;FILTROS/RESPUESTOS;FILTROS;CAT 330;KG;SIN PEDIDO;;;;;;;;;;
00374 TERMINAL PUNTA COLORADA;1002771;ZSTO;FILTRO DE ACEITE;CATERPILLA;1R1807;MR01;374;V1;2;4;F03;FILTRO ACEITE;FILTROS;CAT;KG;SIN PEDIDO;;;;;;;;;;
00374 TERMINAL PUNTA COLORADA;1002776;ZSTO;FILTRO AIRE PRIMARIO XUN;DARMET;V750;MR01;374;V1;3;5;F04;FILTRO AIRE;FILTROS;ONAN / MULLER;KG;SIN PEDIDO;;;;;;;;;;
00374 TERMINAL PUNTA COLORADA;1002781;ZSTO;FILTRO AIRE;JOHN DEERE;AL172780;MR01;374;V1;2;2;F04;FILTRO AIRE;FILTROS;JD 6615;KG;SIN PEDIDO;;;;;;;;;;
00374 TERMINAL PUNTA COLORADA;1002811;ZSTO;FILTRO TRAMPA DE AGUA;PARKER RAC;2R0127177;MR01;374;V1;2;2;F13;FILTRO TRAMPA DE A;FILTROS;FILTROS;KG;SIN PEDIDO;;;;;;;;;;
00374 TERMINAL PUNTA COLORADA;1002830;ZSTO;FILTRO AIRE 1;CATERPILLA;1318902;MR01;374;V1;2;3;F04;FILTRO AIRE;FILTROS;FILTROS;KG;SIN PEDIDO;;;;;;;;;;
00374 TERMINAL PUNTA COLORADA;1002878;ZSTO;FILTRO RESPIRADERO TRANSMISION XUN;KOMATSU HO //;0703000252 // FS 127;MR01;374;V1;2;2;F04;FILTRO AIRE;FILTROS;KMS 155AX6;KG;SIN PEDIDO;;;;;;;;;;
00374 TERMINAL PUNTA COLORADA;1002907;ZSTO;FILTRO TRAMPA AGUA XUN;JOHN DEERE;AT365870;MR01;374;V1;7;14;F13;FILTRO TRAMPA DE A;FILTROS;JD 644K, 544K;KG;SIN PEDIDO;;;;;;;;;;
00374 TERMINAL PUNTA COLORADA;1002997;ZSTO;FILTRO CABINA INTERIOR;HAULOTTE G // DIECI // HIFI FILTE;2820301610 // 2I094123 // SC 70087;MR01;374;V1;2;3;F05;FILTRO AIRE CABINA;FILTROS;HAULOTTE HTL 4014/4017/4010;KG;SIN PEDIDO;;;;;;;;;;
00374 TERMINAL PUNTA COLORADA;1003006;ZSTO;FILTRO DE AIRE PRIMARIO;HAULOTTE G //;4000007200 // ELEVAMUNDO - 13311588;MR01;374;V1;2;3;F04;FILTRO AIRE;FILTROS;COMPACT 12X;KG;SIN PEDIDO;;;;;;;;;;
00374 TERMINAL PUNTA COLORADA;1003019;ZSTO;FILTRO RESPIRADERO TANQUE HIDRAULICO;KOMATSU HO;2076051311;MR01;374;V1;2;2;F07;FILTRO FLUIDO HIDR;FILTROS;KOMATSU PC 350;KG;SIN PEDIDO;;;;;;;;;;
00374 TERMINAL PUNTA COLORADA;1003021;ZSTO;FILTRO AIRE SEGURIDAD;JOHN DEERE;AT332909;MR01;374;V1;5;10;F04;FILTRO AIRE;FILTROS;JD 310K;KG;SIN PEDIDO;;;;;;;;;;
00374 TERMINAL PUNTA COLORADA;1003031;ZSTO;FILTRO DE COMBUSTIBLE;CATERPILLA;1R1804;MR01;374;V1;2;2;F06;FILTRO COMBUSTIBLE;FILTROS;CAT;KG;SIN PEDIDO;;;;;;;;;;
00374 TERMINAL PUNTA COLORADA;1003032;ZSTO;FILTRO TRAMPA DE AGUA;CATERPILLA;4385386;MR01;374;V1;2;2;F13;FILTRO TRAMPA DE A;FILTROS;CAT;KG;SIN PEDIDO;;;;;;;;;;
00374 TERMINAL PUNTA COLORADA;1003033;ZSTO;FILTRO DE ACEITE MOTOR;CATERPILLA;3223155;MR01;374;V1;2;4;F03;FILTRO ACEITE;FILTROS;CAT 323;KG;SIN PEDIDO;;;;;;;;;;
00374 TERMINAL PUNTA COLORADA;1003039;ZSTO;FILTRO SECADOR DE AIRE;SCANIA ARG // SCANIA ARG // SCANIA ARG // SCANIA ARG;2307617 // 2081360 // 2484686 // 2562323;MR01;374;V1;2;2;F11;FILTRO SECADOR DE;FILTROS;CAMION TRACTOR SCANIA G410;KG;SIN PEDIDO;;;;;;;;;;
00374 TERMINAL PUNTA COLORADA;1003043;ZSTO;FILTRO DE AIRE SECUNDARIO CAT;CATERPILLA // CATERPILLA;1318903 // 1106331;MR01;374;V1;2;3;F04;FILTRO AIRE;FILTROS;CAT 312 D2L;KG;SIN PEDIDO;;;;;;;;;;
00374 TERMINAL PUNTA COLORADA;1003044;ZSTO;FILTRO HIDRAULICO DE RETORNO;CATERPILLA;3987171;MR01;374;V1;2;2;F07;FILTRO FLUIDO HIDR;FILTROS;CAT 312 D2L;KG;SIN PEDIDO;;;;;;;;;;
00374 TERMINAL PUNTA COLORADA;1003093;ZSTO;FILTRO DE COMBUSTIBLE;VOLVO CONS // VOLVO CONS;P22480372 // VOE15126069;MR01;374;V1;12;27;F06;FILTRO COMBUSTIBLE;FILTROS;VOLVO FM460;KG;SIN PEDIDO;;;;;;;;;;
00374 TERMINAL PUNTA COLORADA;1003095;ZSTO;FILTRO TRAMPA DE AGUA COMBUSTIBLE;PARKER RAC //;21925732 // 23662435;MR01;374;V1;12;27;F13;FILTRO TRAMPA DE A;FILTROS;VOLVO FM460;KG;SIN PEDIDO;;;;;;;;;;
00374 TERMINAL PUNTA COLORADA;1003097;ZSTO;FILTRO DE AIRE PRIMARIO;VOLVO CONS;21337557;MR01;374;V1;12;27;F04;FILTRO AIRE;FILTROS;VOLVO FM460;KG;SIN PEDIDO;;;;;;;;;;
00374 TERMINAL PUNTA COLORADA;1003108;ZSTO;FILTRO DE AIRE PRIMARIO;CASE // FLEETGUARD;87344135 // AF25174;MR01;374;V1;2;4;F04;FILTRO AIRE;FILTROS;FARMALL A-120;KG;SIN PEDIDO;;;;;;;;;;
00374 TERMINAL PUNTA COLORADA;1003109;ZSTO;FILTRO DE AIRE SECUNDARIO;MANN;87344136 // CF360;MR01;374;V1;2;4;F04;FILTRO AIRE;FILTROS;FARMALL A-120;KG;SIN PEDIDO;;;;;;;;;;
00374 TERMINAL PUNTA COLORADA;1003110;ZSTO;FILTRO DE COMBUSTIBLE;DONALDSON;47377748 // P556287;MR01;374;V1;2;4;F06;FILTRO COMBUSTIBLE;FILTROS;FARMALL A-120;KG;SIN PEDIDO;;;;;;;;;;
00374 TERMINAL PUNTA COLORADA;1003112;ZSTO;FILTRO HIDRAULICO;CNH // DONALDSON;47628831 // P164375;MR01;374;V1;2;2;F07;FILTRO FLUIDO HIDR;FILTROS;FARMALL A-120;KG;SIN PEDIDO;;;;;;;;;;
00374 TERMINAL PUNTA COLORADA;1003113;ZSTO;FILTRO HIDRAULICO;CNH // DONALDSON;47427164 // P551364;MR01;374;V1;2;2;F07;FILTRO FLUIDO HIDR;FILTROS;FARMALL A-120;KG;SIN PEDIDO;;;;;;;;;;
00374 TERMINAL PUNTA COLORADA;1003114;ZSTO;FILTRO HIDRAULICO;CNH // DONALDSON;47628830 // P551551;MR01;374;V1;2;2;F07;FILTRO FLUIDO HIDR;FILTROS;FARMALL A-120;KG;SIN PEDIDO;;;;;;;;;;
00374 TERMINAL PUNTA COLORADA;1003124;ZSTO;FILTRO DE TRANSMISION CAJA DE CAMBIOS;VOLVO CONS;21479106;MR01;374;V1;2;2;F03;FILTRO ACEITE;FILTROS;VOLVO 330;KG;SIN PEDIDO;;;;;;;;;;
00374 TERMINAL PUNTA COLORADA;1003125;ZSTO;FILTRO SECADOR DE AIRE;VOLVO CONS;21620181;MR01;374;V1;2;2;F11;FILTRO SECADOR DE;FILTROS;VOLVO 330;KG;SIN PEDIDO;;;;;;;;;;
00374 TERMINAL PUNTA COLORADA;1003138;ZSTO;FILTRO DE COMBUSTIBLE;KOMATSU HO // KOMATSU HO;6003193750 // 6003113750;MR01;374;V1;6;11;F06;FILTRO COMBUSTIBLE;FILTROS;KOMATSU PC 200-8;KG;SIN PEDIDO;;;;;;;;;;
00374 TERMINAL PUNTA COLORADA;1003157;ZSTO;KIT FILTROS AIRE PRIMARIO Y SECUNDARIO;KOMATSU HO //;6001852100 // 1106326;MR01;374;V1;2;2;F04;FILTRO AIRE;FILTROS;PC130-8 OM;KG;SIN PEDIDO;;;;;;;;;;
00374 TERMINAL PUNTA COLORADA;1003158;ZSTO;FILTRO DE COMBUSTIBLE;KOMATSU HO;6003193870;MR01;374;V1;2;2;F06;FILTRO COMBUSTIBLE;FILTROS;PC130-8 OM;KG;SIN PEDIDO;;;;;;;;;;
00374 TERMINAL PUNTA COLORADA;1003159;ZSTO;FILTRO TRAMPA DE AGUA;KOMATSU HO //;6003194110 // 6003114120;MR01;374;V1;2;2;F13;FILTRO TRAMPA DE A;FILTROS;PC130-8 OM;KG;SIN PEDIDO;;;;;;;;;;
00374 TERMINAL PUNTA COLORADA;1003160;ZSTO;FILTRO ACEITE MOTOR;KOMATSU HO;6002112111;MR01;374;V1;2;2;F03;FILTRO ACEITE;FILTROS;PC130-8 OM;KG;SIN PEDIDO;;;;;;;;;;
00374 TERMINAL PUNTA COLORADA;1003161;ZSTO;FILTRO DE RETORNO;PALFINGER // HIFI FILTE // HIFI FILTE // MAHLE FILT //;EA5811 // SF FILTER HY9784‑SET // SH55186 // D176945RN2010V17 // MDH8165;MR01;374;V1;2;2;F07;FILTRO FLUIDO HIDR;FILTROS;PALFINGER PK23500B (S406-SKA);KG;SIN PEDIDO;;;;;;;;;;
00374 TERMINAL PUNTA COLORADA;1003162;ZSTO;FILTRO EN LINEA DE PRESION;PALFINGER;EA4923;MR01;374;V1;2;2;F07;FILTRO FLUIDO HIDR;FILTROS;PALFINGER PK23500B (S406-SKA);KG;SIN PEDIDO;;;;;;;;;;
00374 TERMINAL PUNTA COLORADA;1003164;ZSTO;FILTRO DE BOMBA SIST. UREA;VOLVO CONS;20877958;MR01;374;V1;2;2;F09;FILTRO DE UREA;FILTROS;VOLVO 330;KG;SIN PEDIDO;;;;;;;;;;
00374 TERMINAL PUNTA COLORADA;1003172;ZSTO;Filtro Aceite Motor;FLEETGUARD // DONALDSON // DONALDSON;LF16011 // P550335 // P551132;MR01;374;V1;6;10;F03;FILTRO ACEITE;FILTROS;CAT 950;KG;SIN PEDIDO;;;;;;;;;;
00374 TERMINAL PUNTA COLORADA;1003206;ZSTO;FILTRO TRAMPA DE AGUA;VOLKSWAGEN // // //;2T2201847 // FS19727 // FS19624 // FS20047;MR01;374;V1;2;2;F13;FILTRO TRAMPA DE A;FILTROS;VW 19-360;KG;SIN PEDIDO;;;;;;;;;;
00374 TERMINAL PUNTA COLORADA;1003224;ZSTO;7ILTRO DE UREA A BOMBA;CNH // CNH;500055972 // 2997594;MR01;374;V1;2;2;F09;FILTRO DE UREA;FILTROS;IVECO TRAKKER 410 T 44 EUROTRO;KG;SIN PEDIDO;;;;;;;;;;
00374 TERMINAL PUNTA COLORADA;1003226;ZSTO;FILTRO TANQUE DE UREA;CNH;42555466;MR01;374;V1;2;2;F09;FILTRO DE UREA;FILTROS;IVECO TRAKKER 410 T 44 EUROTRO;KG;SIN PEDIDO;;;;;;;;;;
00374 TERMINAL PUNTA COLORADA;1003229;ZSTO;FILTRO DE TRANSMISION;JOHN DEERE;AT468647;MR01;374;V1;2;3;F03;FILTRO ACEITE;FILTROS;JD 624 K;KG;SIN PEDIDO;;;;;;;;;;
00374 TERMINAL PUNTA COLORADA;1003237;ZSTO;FILTRO DE COMBUSTIBLE;CATERPILLA;5000480;MR01;374;V1;2;2;F06;FILTRO COMBUSTIBLE;FILTROS;CAT 140K;KG;SIN PEDIDO;;;;;;;;;;
00374 TERMINAL PUNTA COLORADA;1003238;ZSTO;FILTRO TRAMPA DE AGUA;CATERPILLA //;4367077 // SN40863;MR01;374;V1;2;2;F13;FILTRO TRAMPA DE A;FILTROS;CAT 140K;KG;SIN PEDIDO;;;;;;;;;;
00374 TERMINAL PUNTA COLORADA;1003241;ZSTO;MANN CF1651;MANN //;CF1651 // P750003;MR01;374;V1;2;2;F14;GENERICOS FILTROS;FILTROS;VOLVO 330;KG;SIN PEDIDO;;;;;;;;;;
00374 TERMINAL PUNTA COLORADA;1003255;ZSTO;FILTRO HIDRAULICO;DIECI // //;BHC3012 // P171621 // P565244;MR01;374;V1;2;2;F07;FILTRO FLUIDO HIDR;FILTROS;DIECHI SAMSON 75.10;KG;SIN PEDIDO;;;;;;;;;;
00374 TERMINAL PUNTA COLORADA;1003257;ZSTO;FILTRO HIDRAULICO DE DEPOSITO;DIECI //;BHC0105 // SH77508;MR01;374;V1;2;2;F07;FILTRO FLUIDO HIDR;FILTROS;DIECHI SAMSON 75.10;KG;SIN PEDIDO;;;;;;;;;;
00374 TERMINAL PUNTA COLORADA;1003276;ZSTO;FILTRO TANQUE HIDRAULICO;PARKER // No aplica //;921999 // K22001 // P551551;MR01;374;V1;2;2;F07;FILTRO FLUIDO HIDR;FILTROS;VOLCADORA MILICIC // VOLVO 330;KG;SIN PEDIDO;;;;;;;;;;
00374 TERMINAL PUNTA COLORADA;1003282;ZSTO;FILTRO COLADOR DE TANQUE COMBUSTIBLE;TEREX;RPTX0906040353;MR01;374;V1;2;2;F06;FILTRO COMBUSTIBLE;FILTROS;TEREX RT 35;KG;SIN PEDIDO;;;;;;;;;;
00374 TERMINAL PUNTA COLORADA;1003283;ZSTO;FILTRO HIDRAULICO;TEREX;RPTX0906041039;MR01;374;V1;2;2;F07;FILTRO FLUIDO HIDR;FILTROS;TEREX RT 35;KG;SIN PEDIDO;;;;;;;;;;
00374 TERMINAL PUNTA COLORADA;1003284;ZSTO;FILTRO DE AIRE PRIMARIO;FLEETGUARD // DONALDSON;AF55014 // DBA5292;MR01;374;V1;2;3;F04;FILTRO AIRE;FILTROS;GRUA TEREX 780;KG;SIN PEDIDO;;;;;;;;;;
00374 TERMINAL PUNTA COLORADA;1003285;ZSTO;FILTRO DE AIRE SECUNDARIO;FLEETGUARD // DONALDSON;AF55308 // P633483;MR01;374;V1;2;3;F04;FILTRO AIRE;FILTROS;GRUA TEREX 780;KG;SIN PEDIDO;;;;;;;;;;
00374 TERMINAL PUNTA COLORADA;1003290;ZSTO;FILTRO CENTRAL HIDRAULICO;DONALDSON //;P164174 // P164166;MR01;374;V1;6;7;F07;FILTRO FLUIDO HIDR;FILTROS;PLATAFORMA DE MANTENIMIENTO VE;KG;SIN PEDIDO;;;;;;;;;;
00374 TERMINAL PUNTA COLORADA;1003299;ZSTO;FILTRO RETORNO TANQUE HIDRAULICO;UFI FILTER // DONALDSON;ESE11NCC // P565243;MR01;374;V1;2;2;F07;FILTRO FLUIDO HIDR;FILTROS;VOLCADORA BACO;KG;SIN PEDIDO;;;;;;;;;;
00374 TERMINAL PUNTA COLORADA;1003343;ZSTO;FILTRO COMBUSTIBLE;VOLKSWAGEN // FORD // MWM INTERN // // //;90541150027 // 6L5Z7A508AB // 905411510042 // P551523 // 2R0127177N // WK 962/13;MR01;374;V1;2;2;F06;FILTRO COMBUSTIBLE;FILTROS;VW 26.260;KG;SIN PEDIDO;;;;;;;;;;
00374 TERMINAL PUNTA COLORADA;1003359;ZSTO;FILTRO DE AIRE PRIMARIO;KOMATSU HO //;2A59791551 // AF55884;MR01;374;V1;3;5;F10;FILTRO HVAC;FILTROS;KOMATSU PC 200-8;KG;SIN PEDIDO;;;;;;;;;;
00374 TERMINAL PUNTA COLORADA;1003379;ZSTO;PISTOLA DE ENGRASE NEUMATICA;VULCANO;MG301;MR01;374;V1;2;2;C27;FERRETERIA MR01;HERRAMIENTAS;HERRAMIENTAS MANUALES;KG;SIN PEDIDO;;;;;;;;;;
00374 TERMINAL PUNTA COLORADA;1003670;ZSTO;PIN PIN CHISEL;DAEMO ENGI //;B23510780 // B23510783;MR01;374;V1;2;2;C29;FILTROS/RESPUESTOS;REPUESTOS;DAEMO;KG;SIN PEDIDO;;;;;;;;;;
00374 TERMINAL PUNTA COLORADA;1003707;ZSTO;CORREA;CNH // No aplica;504049426 // 5802113881;MR01;374;V1;2;2;C29;FILTROS/RESPUESTOS;REPUESTOS;POLY V 12pk1835;KG;SIN PEDIDO;;;;;;;;;;
00374 TERMINAL PUNTA COLORADA;1003724;ZSTO;AMORTIGUADOR TRASERO DERECHO;TOYOTA ARG // TOYOTA ARG // SACHS;485318Z021 / 485318Z019 // 485318Z019 // 560206;MR01;374;V1;2;2;C29;FILTROS/RESPUESTOS;REPUESTOS;HILUX 2017;KG;SIN PEDIDO;;;;;;;;;;
00374 TERMINAL PUNTA COLORADA;1003725;ZSTO;AMORTIGUADOR TRASERO IZQUIERDO;TOYOTA ARG;4854109361;MR01;374;V1;2;2;C29;FILTROS/RESPUESTOS;REPUESTOS;HILUX 2017;KG;SIN PEDIDO;;;;;;;;;;
00374 TERMINAL PUNTA COLORADA;1003839;ZSTO;JUNTA TORICA FILTRO PILOTO;KOMATSU HO;7067671390;MR01;374;V1;2;2;C29;FILTROS/RESPUESTOS;REPUESTOS;KOMATSU PC 200-8;KG;SIN PEDIDO;;;;;;;;;;
00374 TERMINAL PUNTA COLORADA;1003864;ZSTO;CORREA VENTILADOR xUN (jgox3);CATERPILLA;3196293;MR01;374;V1;2;2;C29;FILTROS/RESPUESTOS;REPUESTOS;CAT 140K;KG;SIN PEDIDO;;;;;;;;;;
00374 TERMINAL PUNTA COLORADA;1004020;ZSTO;LAMPARA 12V-H4 P43T X UN;;P43T38;MR01;374;V1;10;20;C29;FILTROS/RESPUESTOS;REPUESTOS;ELECTRICIDAD AUTOMOTOR;KG;SIN PEDIDO;;;;;;;;;;
00374 TERMINAL PUNTA COLORADA;1004030;ZSTO;LAMPARA 24V-5W S CULOTE XUN;;PHILIPS-OSRAM;MR01;374;V1;10;20;C29;FILTROS/RESPUESTOS;REPUESTOS;ELECTRICIDAD AUTOMOTOR;KG;SIN PEDIDO;;;;;;;;;;
00374 TERMINAL PUNTA COLORADA;1004040;ZSTO;LAMPARA 24V-H3 70W X UN;;PK22S;MR01;374;V1;10;20;C29;FILTROS/RESPUESTOS;REPUESTOS;ELECTRICIDAD AUTOMOTOR;KG;SIN PEDIDO;;;;;;;;;;
00374 TERMINAL PUNTA COLORADA;1004044;ZSTO;ALARMA RETROCESO (INTELIGENTE);;B250 // BOC 12505 DZE;MR01;374;V1;2;5;C29;FILTROS/RESPUESTOS;REPUESTOS;ELECTRICIDAD DE TALLER;KG;SIN PEDIDO;;;;;;;;;;
00374 TERMINAL PUNTA COLORADA;1004311;ZSTO;ACEITE SAE 80W90 X 20LT;;MOBILUBE;MR01;374;V1;2;5;C29;FILTROS/RESPUESTOS;LUBRICANTES;LUBRICANTES;KG;ZPAN;1000095245;ADJUDICADO;4500138504;;;;10/10/2026;10/9/2026;C29;10159952
00374 TERMINAL PUNTA COLORADA;1004672;ZSTO;BOTA GOMA P.ACERO N 47;;;MR01;374;V1;2;4;C28;SEGURIDAD/ROPA/EPP;SEGURIDAD;CALZADO;KG;SIN PEDIDO;;;;;;;;;;
00374 TERMINAL PUNTA COLORADA;1015780;ZSSD;CINTA METRICA X 10 MTS;;;MR01;374;RE;100;100;C27;FERRETERIA MR01;FERRETERIA;FERRETERIA;KG;ZPAN;1000095110;ADJUDICADO;4500138639;;;;28/9/2026;8/9/2026;C27;10159723
00374 TERMINAL PUNTA COLORADA;1015788;ZSSD;DESODORANTE LÍQUIDO PARA PISO X 5 LTS;;;MR01;374;RE;100;100;C17;INSUMOS A;LIMPIEZA;LIMPIEZA /SEGURIDAD;KG;ZPAN;1000095108;CUMPLIDO PARCIAL;4500138505;15/9/2026;15/9/2026;15/9/2026;15/9/2026;8/9/2026;C17;10159722
00374 TERMINAL PUNTA COLORADA;1015790;ZSSD;ESPONJA P/LAVAR VAJILLA X UN;;;MR01;374;RE;26;26;C17;INSUMOS A;LIMPIEZA;LIMPIEZA /SEGURIDAD;KG;SIN PEDIDO;;;;;;;;;;
00374 TERMINAL PUNTA COLORADA;1015801;ZSSD;GUANTES LATEX TALLE M;;;MR01;374;V1;12;24;C17;INSUMOS A;SEGURIDAD;GUANTE;KG;ZPAN;1000094785;DESPACHADO;4500138023;10/9/2026;10/9/2026;16/9/2026;2/10/2026;2/9/2026;C17;10159261
00374 TERMINAL PUNTA COLORADA;1015853;ZSSD;PRECINTO PLASTICO AL-3 X 175MM;;MÚLT. 100U;MR01;374;V1;5;10;C27;FERRETERIA MR01;FERRETERIA;INSUMOS;KG;ZPAN;1000095382;ADJUDICADO;4500138643;;;;11/10/2026;11/9/2026;C27;10160094
00374 TERMINAL PUNTA COLORADA;1015854;ZSSD;PRECINTO PLASTICO AL-4 X 200MM;;MÚLT. 100U;MR01;374;RE;10;10;C27;FERRETERIA MR01;FERRETERIA;INSUMOS;KG;SIN PEDIDO;;;;;;;;;;
00374 TERMINAL PUNTA COLORADA;1015855;ZSSD;PRECINTO PLASTICO AL-5 X 300MM;;MÚLT. 100U;MR01;374;RE;15;15;C27;FERRETERIA MR01;FERRETERIA;INSUMOS;KG;SIN PEDIDO;;;;;;;;;;
00374 TERMINAL PUNTA COLORADA;1015856;ZSSD;PRECINTO PLASTICO AL-7 X400MM X UN;;MÚLT. 100U;MR01;374;V1;5;10;C27;FERRETERIA MR01;FERRETERIA;INSUMOS;KG;ZPAN;1000095382;ADJUDICADO;4500138643;;;;11/10/2026;11/9/2026;C27;10160094
00374 TERMINAL PUNTA COLORADA;1015866;ZSSD;TRAPO DE PISO X UN;;;MR01;374;RE;77;77;C17;INSUMOS A;LIMPIEZA;INSUMOS;KG;SIN PEDIDO;;;;;;;;;;
00374 TERMINAL PUNTA COLORADA;1016017;ZSCD;BOTIN CONW 53 BAF MARRON FLOR P.ACER N36;;;MR01;374;RE;7;7;C28;SEGURIDAD/ROPA/EPP;SEGURIDAD;CALZADO;KG;SIN PEDIDO;;;;;;;;;;
00374 TERMINAL PUNTA COLORADA;1016080;ZSCD;BOTIN CONW 53 BAF MARRON FLOR P.ACER N39;;;MR01;374;RE;15;15;C28;SEGURIDAD/ROPA/EPP;SEGURIDAD;CALZADO;KG;SIN PEDIDO;;;;;;;;;;
00374 TERMINAL PUNTA COLORADA;1016279;ZSTO;FILTRO LINEA HIDRAULICO;BOMAG GMBH // HIFI FILTE;07993094 // SH 52628;MR01;374;V1;2;2;F06;FILTRO COMBUSTIBLE;FILTROS;FILTRO COMB;KG;SIN PEDIDO;;;;;;;;;;
00374 TERMINAL PUNTA COLORADA;1016281;ZSTO;KIT TUERCA/BULON 30 U P/SEGMENTO CORTE;KOMATSU HO;1783205000;MR01;374;V1;2;2;G05;AJUSTE;DESGASTE;EXCAVADORA KOMATSU PC 240;KG;SIN PEDIDO;;;;;;;;;;
00374 TERMINAL PUNTA COLORADA;1016308;ZSTO;Correa de A/A;GOOD YEAR // POWER SPAN;13X1060 // A42;MR01;374;V1;2;2;C29;FILTROS/RESPUESTOS;CORREAS;CORREAS;KG;SIN PEDIDO;;;;;;;;;;
00374 TERMINAL PUNTA COLORADA;1016413;ZSTO;UÑA (INCLUYE TRABA);CATERPILLA;505-4097;MR01;374;V1;10;15;G04;UÑAS;DESGASTE;CAT 323;KG;SIN PEDIDO;;;;;;;;;;
00374 TERMINAL PUNTA COLORADA;1016422;ZSTO;Filtro de Aire Primario;CATERPILLA;479-8989;MR01;374;V1;2;3;F04;FILTRO AIRE;FILTROS;CAT 323;KG;SIN PEDIDO;;;;;;;;;;
00374 TERMINAL PUNTA COLORADA;1016424;ZSTO;Filtro de Aire Secundario;CATERPILLA;479-8991;MR01;374;V1;2;3;F04;FILTRO AIRE;FILTROS;CAT 323;KG;SIN PEDIDO;;;;;;;;;;
00374 TERMINAL PUNTA COLORADA;1016425;ZSTO;Filtro Cartucho de Combustible;CATERPILLA;509-5694;MR01;374;V1;2;3;F06;FILTRO COMBUSTIBLE;FILTROS;CAT 323;KG;SIN PEDIDO;;;;;;;;;;
00374 TERMINAL PUNTA COLORADA;1016426;ZSTO;Filtro Cartucho de Trampa de Agua;CATERPILLA;523-4987;MR01;374;V1;2;3;F13;FILTRO TRAMPA DE A;FILTROS;CAT 323;KG;SIN PEDIDO;;;;;;;;;;
00374 TERMINAL PUNTA COLORADA;1016429;ZSTO;Filtro A/A Cabina Exterior;CATERPILLA;580-5439;MR01;374;V1;2;3;F10;FILTRO HVAC;FILTROS;CAT 323;KG;SIN PEDIDO;;;;;;;;;;
00374 TERMINAL PUNTA COLORADA;1016494;ZSSD;CASCO CARCAZA GRIS;;;MR01;374;V1;4;10;C28;SEGURIDAD/ROPA/EPP;SEGURIDAD;ACCESORIO SEGURIDAD;KG;ZPAN;1000095139;SIN TRATAMIENTO;;;;;9/10/2026;9/9/2026;;10159784
00374 TERMINAL PUNTA COLORADA;1016537;ZSTO;KIT FILTRO DE AIRE PRIMARIO Y SECUNDARIO;KOMATSU HO // DARMET;6001855100 // VP-3722 + VP-3723;MR01;374;V1;2;2;F04;FILTRO AIRE;FILTROS;PC2000;KG;SIN PEDIDO;;;;;;;;;;
00374 TERMINAL PUNTA COLORADA;1016894;ZSTO;MAMEL. 1°CAL. DESC. LAMIN.BLANCO 60GRXXL;;FABRICANTE DUPONT/MODELO TIVEK 500;MR01;374;RE;700;700;C28;SEGURIDAD/ROPA/EPP;SEGURIDAD;INDUMENTARIA;KG;SIN PEDIDO;;;;;;;;;;
00374 TERMINAL PUNTA COLORADA;1016909;ZSSD;CINTA METRICA X5MT;;;MR01;374;RE;70;70;C27;FERRETERIA MR01;FERRETERIA;INSUMOS;KG;ZPAN;1000095110;ADJUDICADO;4500138639;;;;28/9/2026;8/9/2026;C27;10159723
00374 TERMINAL PUNTA COLORADA;1016911;ZSSD;CINTA METRICA X20MT;;;MR01;374;RE;10;10;C27;FERRETERIA MR01;FERRETERIA;INSUMOS;KG;SIN PEDIDO;;;;;;;;;;
00374 TERMINAL PUNTA COLORADA;1016919;ZSSD;LUBRICANTE MULTIUSO WD-40 440CC;;;MR01;374;RE;90;90;C27;FERRETERIA MR01;FERRETERIA;ADHESIVOS/SELLADORES/LUBRICANT;KG;ZPAN;1000095110;ADJUDICADO;4500138639;;;;28/9/2026;8/9/2026;C27;10159723
00374 TERMINAL PUNTA COLORADA;1016920;ZSSD;SOGA NAUTICA 12MM;;MÚLT. 100 MTS;MR01;374;RE;600;600;C27;FERRETERIA MR01;FERRETERIA;FERRETERIA;KG;SIN PEDIDO;;;;;;;;;;
00374 TERMINAL PUNTA COLORADA;1016921;ZSSD;SOGA NAUTICA 8MM;;MÚLT. 100 MTS;MR01;374;RE;400;400;C27;FERRETERIA MR01;FERRETERIA;FERRETERIA;KG;SIN PEDIDO;;;;;;;;;;
00374 TERMINAL PUNTA COLORADA;1016927;ZSSD;CLAVERA SIMPLE;;;MR01;374;RE;50;50;C27;FERRETERIA MR01;FERRETERIA;?;KG;ZPAN;1000095110;ADJUDICADO;4500138643;;;;28/9/2026;8/9/2026;C27;10159723
00374 TERMINAL PUNTA COLORADA;1016928;ZSSD;FRATACHO PLASTICO C GOMA ESPUMA 30CM;;;MR01;374;RE;22;22;C27;FERRETERIA MR01;FERRETERIA;FERRETERIA;KG;ZPAN;1000095110;ADJUDICADO;4500138639;;;;28/9/2026;8/9/2026;C27;10159723
00374 TERMINAL PUNTA COLORADA;1016929;ZSSD;FRATACHO MADERA 30CM XUN;;;MR01;374;RE;30;30;C27;FERRETERIA MR01;FERRETERIA;INSUMOS;KG;ZPAN;1000095110;ADJUDICADO;4500138643;;;;28/9/2026;8/9/2026;C27;10159723
00374 TERMINAL PUNTA COLORADA;1016931;ZSSD;CARRETILLA 75LT REFORZADA C RUEDA NEUMAT;;;MR01;374;RE;10;10;C27;FERRETERIA MR01;FERRETERIA;FERRETERIA;KG;ZPAN;1000095110;ADJUDICADO;4500138639;;;;28/9/2026;8/9/2026;C27;10159723
00374 TERMINAL PUNTA COLORADA;1016938;ZSSD;SILICONA LIQUIDA BRILLO SILICONADO X5LT;;;MR01;374;RE;15;15;C17;INSUMOS A;LIMPIEZA;LIMPIEZA /SEGURIDAD;KG;SIN PEDIDO;;;;;;;;;;
00374 TERMINAL PUNTA COLORADA;1016950;ZSSD;ARRANCAMOTOR AEROSOL WURTH START-RAPID;;;MR01;374;RE;15;15;C27;FERRETERIA MR01;FERRETERIA;INSUMOS;KG;ZPAN;1000091003;DESPACHADO;4500136719;4/9/2026;4/9/2026;16/9/2026;29/7/2026;29/6/2026;C27;10153518
00374 TERMINAL PUNTA COLORADA;1016954;ZSSD;TANZA 0.80MM -COLOR ROJO- XROLLO;;;MR01;374;RE;52;52;C27;FERRETERIA MR01;FERRETERIA;ACCESORIOS;KG;SIN PEDIDO;;;;;;;;;;
00374 TERMINAL PUNTA COLORADA;1016955;ZSSD;SOGA NAUTICA 10MM;;MÚLT. 100 MTS;MR01;374;RE;600;600;C27;FERRETERIA MR01;FERRETERIA;ACCESORIOS;KG;SIN PEDIDO;;;;;;;;;;
00374 TERMINAL PUNTA COLORADA;1016960;ZSSD;RESALTADOR VERDE PUNTA CHANFLEADA;;MÚLT. 10U;MR01;374;RE;31;31;C17;INSUMOS A;LIBRERIA;ESCRITURA;KG;SIN PEDIDO;;;;;;;;;;
00374 TERMINAL PUNTA COLORADA;1016961;ZSSD;RESALTADOR ROSA PUNTA CHANFLEADA;;MÚLT. 10U;MR01;374;RE;31;31;C17;INSUMOS A;LIBRERIA;ESCRITURA;KG;SIN PEDIDO;;;;;;;;;;
00374 TERMINAL PUNTA COLORADA;1016962;ZSSD;RESALTADOR NARANJA PUNTA CHANFLEADA;;MÚLT. 10U;MR01;374;RE;30;30;C17;INSUMOS A;LIBRERIA;ESCRITURA;KG;SIN PEDIDO;;;;;;;;;;
00374 TERMINAL PUNTA COLORADA;1016963;ZSSD;RESALTADOR CELESTE PUNTA CHANFLEADA;;MÚLT. 10U;MR01;374;RE;25;25;C17;INSUMOS A;LIBRERIA;ESCRITURA;KG;ZPAN;1000095110;ADJUDICADO;4500138563;;;;28/9/2026;8/9/2026;C17;10159723
00374 TERMINAL PUNTA COLORADA;1016964;ZSSD;RESALTADOR AMARILLO PUNTA CHANFLEADA;;MÚLT. 10U;MR01;374;RE;30;30;C17;INSUMOS A;LIBRERIA;ESCRITURA;KG;SIN PEDIDO;;;;;;;;;;
00374 TERMINAL PUNTA COLORADA;1016965;ZSSD;PORTABLOCK ACRILICO C CLIP SUPERIOR;;;MR01;374;RE;35;35;C17;INSUMOS A;LIBRERIA;ACCESORIOS;KG;ZPAN;1000095110;ADJUDICADO;4500138563;;;;28/9/2026;8/9/2026;C17;10159723
00374 TERMINAL PUNTA COLORADA;1016967;ZSSD;PERFORADORA MET MIT 40-45 HJ C REGLA;;;MR01;374;CL;2;2;C17;INSUMOS A;LIBRERIA;LIBRERIA;KG;SIN PEDIDO;;;;;;;;;;
00374 TERMINAL PUNTA COLORADA;1016968;ZSSD;PERFORADORA MET MIT 20-25 HJ C REGLA;;;MR01;374;RE;2;2;C17;INSUMOS A;LIBRERIA;LIBRERIA;KG;SIN PEDIDO;;;;;;;;;;
00374 TERMINAL PUNTA COLORADA;1016971;ZSSD;NOTAS ADHESIVAS (POST IT) 38X54 MM;;MÚLT. 12U;MR01;374;RE;30;30;C17;INSUMOS A;LIBRERIA;PAPEL;KG;ZPAN;1000095110;ADJUDICADO;4500138563;;;;28/9/2026;8/9/2026;C17;10159723
00374 TERMINAL PUNTA COLORADA;1016973;ZSSD;MAZA MINERO 3 KG;;;MR01;374;RE;6;6;C27;FERRETERIA MR01;FERRETERIA;HERRAMIENTA MANUAL;KG;SIN PEDIDO;;;;;;;;;;
00374 TERMINAL PUNTA COLORADA;1016975;ZSSD;MARCADOR P PIZARRA ROJO;;MÚLT. 10U;MR01;374;RE;14;14;C17;INSUMOS A;LIBRERIA;ESCRITURA;KG;SIN PEDIDO;;;;;;;;;;
00374 TERMINAL PUNTA COLORADA;1016976;ZSSD;MARCADOR P PIZARRA NEGRO;;MÚLT. 10U;MR01;374;RE;20;20;C17;INSUMOS A;LIBRERIA;ESCRITURA;KG;SIN PEDIDO;;;;;;;;;;
00374 TERMINAL PUNTA COLORADA;1016977;ZSSD;MARCADOR P PIZARRA AZUL;;MÚLT. 10U;MR01;374;RE;18;18;C17;INSUMOS A;LIBRERIA;ESCRITURA;KG;SIN PEDIDO;;;;;;;;;;
00374 TERMINAL PUNTA COLORADA;1016980;ZSSD;GRINFA D12;;;MR01;374;V1;2;6;C27;FERRETERIA MR01;FERRETERIA;HERRAMIENTAS;KG;ZPAN;1000094785;ADJUDICADO;4500138088;;;;2/10/2026;2/9/2026;C27;10159261
00374 TERMINAL PUNTA COLORADA;1016981;ZSSD;GRINFA D10;;;MR01;374;V1;2;6;C27;FERRETERIA MR01;FERRETERIA;HERRAMIENTAS;KG;ZPAN;1000094785;ADJUDICADO;4500138088;;;;2/10/2026;2/9/2026;C27;10159261
00374 TERMINAL PUNTA COLORADA;1016982;ZSSD;FOLIO A4 ST X100;;;MR01;374;RE;24;24;C17;INSUMOS A;LIBRERIA;PAPEL;KG;ZPAN;1000095110;ADJUDICADO;4500138563;;;;28/9/2026;8/9/2026;C17;10159723
00374 TERMINAL PUNTA COLORADA;1016983;ZSSD;CUCHARA ALBANIL FORJADA 7PG;;;MR01;374;RE;30;30;C27;FERRETERIA MR01;FERRETERIA;HERRAMIENTA MANUAL;KG;SIN PEDIDO;;;;;;;;;;
00374 TERMINAL PUNTA COLORADA;1016988;ZSSD;CINTA METRICA 3MT;;;MR01;374;RE;102;102;C27;FERRETERIA MR01;FERRETERIA;INSUMOS;KG;ZPAN;1000095110;ADJUDICADO;4500138643;;;;28/9/2026;8/9/2026;C27;10159723
00374 TERMINAL PUNTA COLORADA;1017003;ZSSD;BATERIA 9V;;;MR01;374;RE;11;11;C27;FERRETERIA MR01;FERRETERIA;BATERIAS;KG;ZPAN;1000095110;ADJUDICADO;4500138643;;;;28/9/2026;8/9/2026;C27;10159723
00374 TERMINAL PUNTA COLORADA;1017005;ZSSD;CADENA PLASTICA ROJA Y BLANCA X ML;;MÚLT. 50/100 MTS;MR01;374;RE;1000;1000;C28;SEGURIDAD/ROPA/EPP;SEGURIDAD;SEGURIDAD;KG;SIN PEDIDO;;;;;;;;;;
00374 TERMINAL PUNTA COLORADA;1017008;ZSSD;ADHESIVO SINTETICO 50GR;;VOLIGOMA;MR01;374;RE;5;5;C17;INSUMOS A;FERRETERIA;ADHESIVOS;KG;SIN PEDIDO;;;;;;;;;;
00374 TERMINAL PUNTA COLORADA;1017011;ZSSD;CUADERNO ESPIRAL RAY A4 T.SEMIDURA 80 HJ;;;MR01;374;RE;13;13;C17;INSUMOS A;LIBRERIA;PAPEL;KG;SIN PEDIDO;;;;;;;;;;
00374 TERMINAL PUNTA COLORADA;1017019;ZSSD;ABROCHADORA PINZA N10;;;MR01;374;RE;7;7;C17;INSUMOS A;LIBRERIA;ACCESORIOS;KG;ZPAN;1000095110;ADJUDICADO;4500138563;;;;28/9/2026;8/9/2026;C17;10159723
00374 TERMINAL PUNTA COLORADA;1017021;ZSSD;CUADERNO ESPIRAL CUAD A4 T.DURA 80 HJ;;;MR01;374;RE;14;14;C17;INSUMOS A;LIBRERIA;LIBRERIA;KG;ZPAN;1000095110;ADJUDICADO;4500138563;;;;28/9/2026;8/9/2026;C17;10159723
00374 TERMINAL PUNTA COLORADA;1017022;ZSSD;CUADERNO ESPIRAL CUAD A4 T.SEMIDURA 80HJ;;;MR01;374;RE;16;16;C17;INSUMOS A;LIBRERIA;PAPEL;KG;SIN PEDIDO;;;;;;;;;;
00374 TERMINAL PUNTA COLORADA;1017023;ZSSD;CUADERNO ESPIRAL RAY A4 T.DURA 80 HJ;;;MR01;374;RE;12;12;C17;INSUMOS A;LIBRERIA;ESCRITURA;KG;ZPAN;1000095110;ADJUDICADO;4500138563;;;;28/9/2026;8/9/2026;C17;10159723
00374 TERMINAL PUNTA COLORADA;1017034;ZSSD;TIJERA 17 CM C MANGO PLASTICO;;;MR01;374;RE;11;11;C17;INSUMOS A;LIBRERIA;ACCESORIOS;KG;ZPAN;1000095110;ADJUDICADO;4500138563;;;;28/9/2026;8/9/2026;C17;10159723
00374 TERMINAL PUNTA COLORADA;1017045;ZSSD;SECADOR DE PISO 30CM;;;MR01;374;RE;12;12;C17;INSUMOS A;LIMPIEZA;INSUMOS;KG;SIN PEDIDO;;;;;;;;;;
00374 TERMINAL PUNTA COLORADA;1017068;ZSSD;CINTA REFLECTIVA BLANCA XMT;;MÚLT. 45,7 MTS;MR01;374;V1;50;70;C28;SEGURIDAD/ROPA/EPP;SEGURIDAD;SEÑALIZACION;KG;ZPAN;1000095139;SIN TRATAMIENTO;;;;;9/10/2026;9/9/2026;;10159784
00374 TERMINAL PUNTA COLORADA;1017084;ZSSD;CEPILLO ACERO 4X19 C MANGO MADERA;;;MR01;374;RE;16;16;C27;FERRETERIA MR01;LIMPIEZA;INSUMOS;KG;SIN PEDIDO;;;;;;;;;;
00374 TERMINAL PUNTA COLORADA;1017086;ZSSD;AZADA CON CABO;;;MR01;374;RE;20;20;C27;FERRETERIA MR01;FERRETERIA;HERRAMIENTA MANUAL;KG;ZPAN;1000095110;ADJUDICADO;4500138639;;;;28/9/2026;8/9/2026;C27;10159723
00374 TERMINAL PUNTA COLORADA;1017089;ZSSD;ESPATULA METALICA 2PG;;;MR01;374;RE;8;8;C27;FERRETERIA MR01;FERRETERIA;INSUMOS;KG;SIN PEDIDO;;;;;;;;;;
00374 TERMINAL PUNTA COLORADA;1017090;ZSSD;ESPATULA METALICA 3PG;;;MR01;374;RE;5;5;C27;FERRETERIA MR01;FERRETERIA;INSUMOS;KG;SIN PEDIDO;;;;;;;;;;
00374 TERMINAL PUNTA COLORADA;1017096;ZSSD;SERRUCHO COSTILLA 9DPP - 20PG;;;MR01;374;RE;11;11;C27;FERRETERIA MR01;FERRETERIA;INSUMOS;KG;ZPAN;1000095110;ADJUDICADO;4500138639;;;;28/9/2026;8/9/2026;C27;10159723
00374 TERMINAL PUNTA COLORADA;1017148;ZSSD;BARRETA SACACLAVOS 19X400;;;MR01;374;V1;2;4;C27;FERRETERIA MR01;FERRETERIA;INSUMOS;KG;ZPAN;1000095139;ADJUDICADO;4500138639;;;;9/10/2026;9/9/2026;C27;10159784
00374 TERMINAL PUNTA COLORADA;1017149;ZSSD;BARRETA SACACLAVOS 19X600;;;MR01;374;RE;10;10;C27;FERRETERIA MR01;FERRETERIA;INSUMOS;KG;ZPAN;1000095110;ADJUDICADO;4500138639;;;;28/9/2026;8/9/2026;C27;10159723
00374 TERMINAL PUNTA COLORADA;1017150;ZSSD;BARRETA SACACLAVOS 22X1500;;;MR01;374;V1;2;4;C27;FERRETERIA MR01;FERRETERIA;INSUMOS;KG;ZPAN;1000095139;ADJUDICADO;4500138639;;;;9/10/2026;9/9/2026;C27;10159784
00374 TERMINAL PUNTA COLORADA;1017214;ZSSD;DISCO DIAMANTADO P AMOLADORA 7PG;;;MR01;374;RE;50;50;C27;FERRETERIA MR01;FERRETERIA;ABRASIVOS/DISCOS;KG;SIN PEDIDO;;;;;;;;;;
00374 TERMINAL PUNTA COLORADA;1017220;ZSSD;REGLA PLASTICA 30 CM;;;MR01;374;RE;10;10;C17;INSUMOS A;LIBRERIA;ACCESORIOS;KG;SIN PEDIDO;;;;;;;;;;
00374 TERMINAL PUNTA COLORADA;1017224;ZSSD;LAPIZ CARPINTERO;;;MR01;374;RE;150;150;C27;FERRETERIA MR01;FERRETERIA;FERRETERIA;KG;ZPAN;1000095110;ADJUDICADO;4500138643;;;;28/9/2026;8/9/2026;C27;10159723
00374 TERMINAL PUNTA COLORADA;1017792;ZSTO;CORREA DE ALTERNADOR;JOHN DEERE // JOHN DEERE;T321428 // T496608;MR01;374;V1;2;2;C29;FILTROS/RESPUESTOS;CORREAS;CORREAS;KG;SIN PEDIDO;;;;;;;;;;
00374 TERMINAL PUNTA COLORADA;1017948;ZSTO;Conjunto Respiradero;CATERPILLA;1833873;MR01;374;V1;2;2;F04;FILTRO AIRE;REPUESTOS;140K;KG;SIN PEDIDO;;;;;;;;;;
00374 TERMINAL PUNTA COLORADA;1017949;ZSTO;Correa de Alternador;KOMATSU HO // KOMATSU HO //;6732813531 // 8PK1700(ALTERNATIVO) // 6732-81-3531;MR01;374;V1;2;2;C29;FILTROS/RESPUESTOS;CORREAS;CORREAS;KG;SIN PEDIDO;;;;;;;;;;
00374 TERMINAL PUNTA COLORADA;1018257;ZSTO;FILTRO TRANSMISION;TEREX // TEREX //;H2650573 // RPTXH2650573 // P550445;MR01;374;V1;2;2;F03;FILTRO ACEITE;FILTROS;PC350LC8;KG;SIN PEDIDO;;;;;;;;;;
00374 TERMINAL PUNTA COLORADA;1018427;ZSTO;Correa A/A;CATERPILLA;1749030;MR01;374;V1;2;2;C29;FILTROS/RESPUESTOS;CORREAS;CAT D6T;KG;SIN PEDIDO;;;;;;;;;;
00374 TERMINAL PUNTA COLORADA;1022037;ZSTO;CORREA MOTOR;;5741438;MR01;374;V1;4;6;C29;FILTROS/RESPUESTOS;REPUESTOS;BOMAG BW100 AD-5;KG;SIN PEDIDO;;;;;;;;;;
00374 TERMINAL PUNTA COLORADA;1022053;ZSTO;CORREA ALTERNADOR;KOMATSU HO;20Y-01-B4010;MR01;374;V1;2;2;C29;FILTROS/RESPUESTOS;REPUESTOS;KOMATSU PC-220;KG;SIN PEDIDO;;;;;;;;;;
00374 TERMINAL PUNTA COLORADA;1022061;ZSTO;CORREA ALTERNADOR DE 90AMP;KOMATSU HO;6741-61-1621;MR01;374;V1;2;2;C29;FILTROS/RESPUESTOS;REPUESTOS;KOMATSU D65EX15;KG;SIN PEDIDO;;;;;;;;;;
00374 TERMINAL PUNTA COLORADA;1022062;ZSTO;CORREA ALTERNADOR;KOMATSU HO;6743-61-1411;MR01;374;V1;2;2;C29;FILTROS/RESPUESTOS;REPUESTOS;KOMATSU PC 200-8;KG;SIN PEDIDO;;;;;;;;;;
00374 TERMINAL PUNTA COLORADA;1022107;ZSTO;Filtro Admision Primario;JOHN DEERE;AT338105;MR01;374;V1;2;2;F04;FILTRO AIRE;FILTROS;MINICARGADORA JD 324G;KG;SIN PEDIDO;;;;;;;;;;
00374 TERMINAL PUNTA COLORADA;1022108;ZSTO;Filtro Admision Secundario;JOHN DEERE;AT336803;MR01;374;V1;2;2;F04;FILTRO AIRE;FILTROS;MINICARGADORA JD 324G;KG;SIN PEDIDO;;;;;;;;;;
00374 TERMINAL PUNTA COLORADA;1022109;ZSTO;Filtro Aceite Hidraulico;JOHN DEERE;AT435649;MR01;374;V1;2;2;F07;FILTRO FLUIDO HIDR;FILTROS;MINICARGADORA JD 324G;KG;SIN PEDIDO;;;;;;;;;;
00374 TERMINAL PUNTA COLORADA;1022110;ZSTO;Filtro Cabina aire fresco;JOHN DEERE;AT441536;MR01;374;V1;2;2;F05;FILTRO AIRE CABINA;FILTROS;MINICARGADORA JD 324G;KG;SIN PEDIDO;;;;;;;;;;
00374 TERMINAL PUNTA COLORADA;1022112;ZSTO;Filtro Recirculacion de Cabina;JOHN DEERE;AT359416;MR01;374;V1;2;2;F05;FILTRO AIRE CABINA;FILTROS;MINICARGADORA JD 324G;KG;SIN PEDIDO;;;;;;;;;;
00374 TERMINAL PUNTA COLORADA;1022223;ZSTO;"ESCOBILLA HILUX 16"" L/2016+";TOYOTA ARG;85212-42130;MR01;374;V1;2;4;C03;EQUIPOS;REPUESTOS;AUTOMOTOR;KG;SIN PEDIDO;;;;;;;;;;
00374 TERMINAL PUNTA COLORADA;1022224;ZSTO;"ESCOBILLA HILUX 22"" L/2016+";TOYOTA ARG;85222-71010;MR01;374;V1;2;4;C03;EQUIPOS;REPUESTOS;AUTOMOTOR;KG;SIN PEDIDO;;;;;;;;;;
00374 TERMINAL PUNTA COLORADA;1022269;ZSTO;Filtro Aceite Motor;JOHN DEERE;MIU800650;MR01;374;V1;2;2;F03;FILTRO ACEITE;FILTROS;MINICARGADORA JD 324G;KG;SIN PEDIDO;;;;;;;;;;
00374 TERMINAL PUNTA COLORADA;1022798;ZSTO;CORREA;;T328202;MR01;374;V1;2;3;C03;EQUIPOS;CORREAS;?;KG;ZPAN;1000095139;ADJUDICADO;4500138389;;;;9/10/2026;9/9/2026;C03;10159784
00374 TERMINAL PUNTA COLORADA;1022812;ZSTO;CORREA COMPRESOR A/A;;04120-21766;MR01;374;V1;2;2;C03;EQUIPOS;EQUIPOS;?;KG;SIN PEDIDO;;;;;;;;;;
00374 TERMINAL PUNTA COLORADA;1022823;ZSTO;CORREA POLY-V;;2V2903137A;MR01;374;V1;2;2;C03;EQUIPOS;CORREAS;?;KG;SIN PEDIDO;;;;;;;;;;
00374 TERMINAL PUNTA COLORADA;1022825;ZSTO;CORREAAPEZOIDAL;JOHN DEERE;R123307 // DZ119059;MR01;374;V1;2;2;C03;EQUIPOS;CORREAS;?;KG;SIN PEDIDO;;;;;;;;;;
00374 TERMINAL PUNTA COLORADA;1023822;ZSTO;PATIN CORTO;SERVICIOS;5T-8366;MR01;374;V1;2;2;C03;EQUIPOS;DESGASTE;CAT 140H;KG;SIN PEDIDO;;;;;;;;;;
00374 TERMINAL PUNTA COLORADA;1025339;ZSTO;CORREA VENTILADOR MOTOR;;5715360;MR01;374;V1;2;2;C03;EQUIPOS;CORREAS;?;KG;SIN PEDIDO;;;;;;;;;;
00374 TERMINAL PUNTA COLORADA;1025582;ZSTO;CORREA TRAPEZOIDAL;;6312244;MR01;374;V1;2;2;C03;EQUIPOS;CORREAS;?;KG;SIN PEDIDO;;;;;;;;;;
00374 TERMINAL PUNTA COLORADA;1025949;ZSSD;MECHA ACERO RAPIDO D10 MM;;;MR01;374;RE;12;12;C27;FERRETERIA MR01;FERRETERIA;INSUMOS;KG;SIN PEDIDO;;;;;;;;;;
00374 TERMINAL PUNTA COLORADA;1025950;ZSSD;MECHA ACERO RAPIDO D6 MM;;;MR01;374;RE;12;12;C27;FERRETERIA MR01;FERRETERIA;INSUMOS;KG;ZPAN;1000095110;ADJUDICADO;4500138639;;;;28/9/2026;8/9/2026;C27;10159723
00374 TERMINAL PUNTA COLORADA;1025951;ZSSD;MECHA ACERO RAPIDO D8 MM;;;MR01;374;RE;12;12;C27;FERRETERIA MR01;FERRETERIA;HERRAMIENTAS;KG;SIN PEDIDO;;;;;;;;;;
00374 TERMINAL PUNTA COLORADA;1026174;ZSTO;"JUEGO ESCOBILLAS VW AMAROK 24""";;;MR01;374;V1;2;3;C03;EQUIPOS;DESGASTE;?;KG;SIN PEDIDO;;;;;;;;;;
00374 TERMINAL PUNTA COLORADA;1026177;ZSTO;PULLEY SUB-ASSY (16603-0C013);TOYOTA ARG;16603-0C013;MR01;374;V1;3;4;C03;EQUIPOS;REPUESTOS;TOYOTA HILUX;KG;ZPAN;1000094999;DESPACHADO;4500137933;8/9/2026;8/9/2026;16/9/2026;7/10/2026;7/9/2026;C03;10159553
00374 TERMINAL PUNTA COLORADA;1026179;ZSTO;TENSOR;;16620-11010;MR01;374;V1;3;4;C29;FILTROS/RESPUESTOS;REPUESTOS;TOYOTA HILUX;KG;ZPAN;1000095608;SIN TRATAMIENTO;;;;;16/10/2026;16/9/2026;;10160475
00374 TERMINAL PUNTA COLORADA;1026248;ZSCD;"DISCO FLAP TYROLIT (847929SL)7""x7/8 G80";;;MR01;374;RE;60;60;C27;FERRETERIA MR01;FERRETERIA;ABRASIVOS/DISCOS;KG;SIN PEDIDO;;;;;;;;;;
00374 TERMINAL PUNTA COLORADA;1026272;ZSCD;DELANTAL KEVLAR C TRIPLE PROT ABDOMINAL;;;MR01;374;RE;20;20;C28;SEGURIDAD/ROPA/EPP;INDUMENTARIA;INSUMOS;KG;SIN PEDIDO;;;;;;;;;;
00374 TERMINAL PUNTA COLORADA;1026805;ZSTO;PILA ALCALINA AA x UN;;ENERGIZER/DURACELL (MÚLT. 4U);MR01;374;RE;35;35;C05;INFORMÁT.-HARDWARE;FERRETERIA;LIBRERIA;KG;SIN PEDIDO;;;;;;;;;;
00374 TERMINAL PUNTA COLORADA;1026934;ZSCD;PLOMADA 500GR;;;MR01;374;RE;7;7;C27;FERRETERIA MR01;FERRETERIA;FERRETERIA;KG;SIN PEDIDO;;;;;;;;;;
00374 TERMINAL PUNTA COLORADA;1026942;ZSCD;ESCUADRA ALBANIL 45° 20CMx30CM METAL;;;MR01;374;RE;7;7;C27;FERRETERIA MR01;FERRETERIA;HERRAMIENTAS;KG;SIN PEDIDO;;;;;;;;;;
00374 TERMINAL PUNTA COLORADA;1026943;ZSCD;ESCUADRA ALBANIL 90° 60CMx90CM METAL;;;MR01;374;RE;7;7;C27;FERRETERIA MR01;FERRETERIA;HERRAMIENTAS;KG;SIN PEDIDO;;;;;;;;;;
00374 TERMINAL PUNTA COLORADA;1027021;ZSTO;Aceite Caja de Engranaje 85W90 GL-5;VOLVO MAQU;BALDE DE 20LTS;MR01;374;V1;1;2;C29;FILTROS/RESPUESTOS;LUBRICANTES;?;KG;SIN PEDIDO;;;;;;;;;;
00374 TERMINAL PUNTA COLORADA;1027149;ZSSD;DISCO FLAP TYROLIT 115x22 GRANO 80;;;MR01;374;RE;45;45;C27;FERRETERIA MR01;FERRETERIA;?;KG;SIN PEDIDO;;;;;;;;;;
00374 TERMINAL PUNTA COLORADA;1027157;ZSSD;CORREA ALTERNADOR;;8PK1230;MR01;374;V1;2;2;C03;EQUIPOS;CORREAS;?;KG;SIN PEDIDO;;;;;;;;;;
00374 TERMINAL PUNTA COLORADA;1027332;ZSTO;CORREA;JOHN DEERE // JOHN DEERE;T230728 // T428699;MR01;374;V1;2;2;C03;EQUIPOS;CORREAS;?;KG;SIN PEDIDO;;;;;;;;;;
00374 TERMINAL PUNTA COLORADA;1027855;ZSTO;KIT POLI-V AMAROK;;045903119+03G145276+038903315+03L903137 // S13625340243+F-551406.07+F-552285+950330;MR01;374;V1;1;2;C03;EQUIPOS;EQUIPOS;INSUMO;KG;SIN PEDIDO;;;;;;;;;;
00374 TERMINAL PUNTA COLORADA;1029327;ZSTO;CORREA MOTOR;;8PK1800;MR01;374;V1;2;2;C03;EQUIPOS;EQUIPOS;AUTOMOTOR;KG;SIN PEDIDO;;;;;;;;;;
00374 TERMINAL PUNTA COLORADA;1029358;ZSTO;CORREA MOTOR;;07W903137;MR01;374;V1;2;2;C03;EQUIPOS;CORREAS;?;KG;SIN PEDIDO;;;;;;;;;;
00374 TERMINAL PUNTA COLORADA;1029480;ZSTO;CORREA B-45;;B-45 DUNLOP;MR01;374;V1;2;2;C29;FILTROS/RESPUESTOS;CORREAS;CAMIONES REGADORES;KG;SIN PEDIDO;;;;;;;;;;
00374 TERMINAL PUNTA COLORADA;1029481;ZSTO;CORREA POLY V 4PK-1000;SKF;4PK1000 POLY V CONTINENTAL;MR01;374;V1;2;2;C29;FILTROS/RESPUESTOS;CORREAS;?;KG;ZPAN;1000095608;SIN TRATAMIENTO;;;;;16/10/2026;16/9/2026;;10160475
00374 TERMINAL PUNTA COLORADA;1029584;ZSTO;CORREA TRAPEZOIDAL;;T437052;MR01;374;V1;2;3;C29;FILTROS/RESPUESTOS;CORREAS;?;KG;ZPAN;1000094384;DESPACHADO;4500137834;14/9/2026;14/9/2026;16/9/2026;26/9/2026;26/8/2026;C29;10158594
00374 TERMINAL PUNTA COLORADA;1033628;ZSTO;FILTRO HIDRAULICO;;07993110 / SH 52308;MR01;374;V1;2;2;F07;FILTRO FLUIDO HIDR;FILTROS;COMP BOMAG BW 219 DH-5;KG;SIN PEDIDO;;;;;;;;;;
00374 TERMINAL PUNTA COLORADA;1034240;ZSSD;CHALECO GRAFA NARANJA C/REFLECTIVO T.XXL;;;MR01;374;RE;65;65;C28;SEGURIDAD/ROPA/EPP;SEGURIDAD;INDUMENTARIA;KG;ZPAN;1000095108;SIN TRATAMIENTO;;;;;15/9/2026;8/9/2026;;10159722
00374 TERMINAL PUNTA COLORADA;1034628;ZSTO;JUNTA DE BALANCINES;;3027433 // 119718-11310;MR01;374;V1;2;2;C29;FILTROS/RESPUESTOS;REPUESTOS;HIMOINSA LTA 8 V LED;KG;SIN PEDIDO;;;;;;;;;;
00374 TERMINAL PUNTA COLORADA;1034629;ZSTO;JUNTA TAPA PRINCIPAL;DBT S.A. //;3036097 // 119717-11331;MR01;374;V1;2;2;C29;FILTROS/RESPUESTOS;REPUESTOS;HIMOINSA LTA 8 V LED;KG;SIN PEDIDO;;;;;;;;;;
00374 TERMINAL PUNTA COLORADA;1035039;ZSTO;CORREA A/C;;04120-21748;MR01;374;V1;2;2;C03;EQUIPOS;CORREAS;?;KG;SIN PEDIDO;;;;;;;;;;
00374 TERMINAL PUNTA COLORADA;1035319;ZSSD;"ARCO SIERRA 12"" 300MM";;;MR01;374;RE;20;20;C27;FERRETERIA MR01;FERRETERIA;INSUMOS;KG;SIN PEDIDO;;;;;;;;;;
00374 TERMINAL PUNTA COLORADA;1036100;ZSTO;CONO FLEX. C/REFLECT. Y BASE CAUCHO 70CM;;NARANJA DE PVC FLEXIBLE CON MEMORIA-70CM;MR01;374;RE;160;160;C28;SEGURIDAD/ROPA/EPP;SEGURIDAD;SEÑALIZACION;KG;SIN PEDIDO;;;;;;;;;;
00374 TERMINAL PUNTA COLORADA;1041529;ZSCD;HOJA CALADORA P/BOSCHGST650 T111C;;;MR01;374;RE;30;30;C27;FERRETERIA MR01;FERRETERIA;INSUMOS;KG;ZPAN;1000093787;CUMPLIDO PARCIAL;4500136386;8/9/2026;8/9/2026;8/9/2026;14/9/2026;14/8/2026;C27;10157625
00374 TERMINAL PUNTA COLORADA;1041531;ZSCD;DISCO P SIERRA CIRCULAR D9PG 24 DIENTES;;;MR01;374;RE;25;25;C27;FERRETERIA MR01;FERRETERIA;INSUMOS;KG;ZPAN;1000095108;ADJUDICADO;4500138643;;;;15/9/2026;8/9/2026;C27;10159722
00374 TERMINAL PUNTA COLORADA;1041938;ZSCD;MAMELUCO GRAFA AZUL C/LOGO Y REFL. T.L;;;MR01;374;RE;8;8;C28;SEGURIDAD/ROPA/EPP;INDUMENTARIA;EPP;KG;SIN PEDIDO;;;;;;;;;;
00374 TERMINAL PUNTA COLORADA;1041939;ZSCD;MAMELUCO GRAFA AZUL C/LOGO Y REFL. T.XL;;;MR01;374;RE;11;11;C28;SEGURIDAD/ROPA/EPP;INDUMENTARIA;EPP;KG;ZPAN;1000093867;ADJUDICADO;4500136579;;;;18/9/2026;18/8/2026;374;10157733
00374 TERMINAL PUNTA COLORADA;1041940;ZSCD;MAMELUCO GRAFA AZUL C/LOGO Y REFL. T.XXL;;;MR01;374;RE;10;10;C28;SEGURIDAD/ROPA/EPP;INDUMENTARIA;EPP;KG;ZPAN;1000092675;ADJUDICADO;4500136579;;;;18/9/2026;28/7/2026;374;10155948
00374 TERMINAL PUNTA COLORADA;1042118;ZSTO;CORREA MOTOR TRACTOR JD 6405;;L111601 // 82310 8203 TRACTOR JD 6615 DT CON 3 PUNT;MR01;374;V1;2;2;C03;EQUIPOS;CORREAS;JD 6405;KG;SIN PEDIDO;;;;;;;;;;
00374 TERMINAL PUNTA COLORADA;1042512;ZSCD;BOTIN CONW 53 BAF MARRON P.ACER N37;;;MR01;374;RE;8;8;C28;SEGURIDAD/ROPA/EPP;SEGURIDAD;CALZADO;KG;SIN PEDIDO;;;;;;;;;;
00374 TERMINAL PUNTA COLORADA;1042513;ZSCD;BOTIN CONW 53 BAF MARRON P.ACER N38;;;MR01;374;RE;12;12;C28;SEGURIDAD/ROPA/EPP;SEGURIDAD;CALZADO;KG;SIN PEDIDO;;;;;;;;;;
00374 TERMINAL PUNTA COLORADA;1042514;ZSCD;BOTIN CONW 53 BAF MARRON P.ACER N40;;;MR01;374;RE;45;45;C28;SEGURIDAD/ROPA/EPP;SEGURIDAD;CALZADO;KG;SIN PEDIDO;;;;;;;;;;
00374 TERMINAL PUNTA COLORADA;1042515;ZSCD;BOTIN CONW 53 BAF MARRON P.ACER N41;;;MR01;374;RE;65;65;C28;SEGURIDAD/ROPA/EPP;SEGURIDAD;CALZADO;KG;SIN PEDIDO;;;;;;;;;;
00374 TERMINAL PUNTA COLORADA;1042516;ZSCD;BOTIN CONW 53 BAF MARRON P.ACER N42;;;MR01;374;RE;70;70;C28;SEGURIDAD/ROPA/EPP;SEGURIDAD;CALZADO;KG;SIN PEDIDO;;;;;;;;;;
00374 TERMINAL PUNTA COLORADA;1042517;ZSCD;BOTIN CONW 53 BAF MARRON P.ACER N43;;;MR01;374;RE;45;45;C28;SEGURIDAD/ROPA/EPP;SEGURIDAD;CALZADO;KG;SIN PEDIDO;;;;;;;;;;
00374 TERMINAL PUNTA COLORADA;1042518;ZSCD;BOTIN CONW 53 BAF MARRON P.ACER N44;;;MR01;374;RE;18;18;C28;SEGURIDAD/ROPA/EPP;SEGURIDAD;CALZADO;KG;SIN PEDIDO;;;;;;;;;;
00374 TERMINAL PUNTA COLORADA;1042519;ZSCD;BOTIN CONW 53 BAF MARRON P.ACER N45;;;MR01;374;RE;6;6;C28;SEGURIDAD/ROPA/EPP;SEGURIDAD;CALZADO;KG;SIN PEDIDO;;;;;;;;;;
00374 TERMINAL PUNTA COLORADA;1042520;ZSCD;BOTIN CONW 53 BAF MARRON P.ACER N46;;;MR01;374;RE;4;4;C28;SEGURIDAD/ROPA/EPP;SEGURIDAD;CALZADO;KG;SIN PEDIDO;;;;;;;;;;
00374 TERMINAL PUNTA COLORADA;1042798;ZSCD;GUANTE LÁTEX NEGRO INDUSTRIAL T10;;;MR01;374;RE;450;450;C28;SEGURIDAD/ROPA/EPP;INDUMENTARIA;EPP;KG;ZPAN;1000095110;SIN TRATAMIENTO;;;;;28/9/2026;8/9/2026;;10159723
00374 TERMINAL PUNTA COLORADA;1042869;ZSSD;LLANA LISA 280MM. X 130MM.;;;MR01;374;V1;5;15;C27;FERRETERIA MR01;FERRETERIA;HERRAMIENTAS MANUALES;KG;ZPAN;1000095139;ADJUDICADO;4500138639;;;;9/10/2026;9/9/2026;C27;10159784
00374 TERMINAL PUNTA COLORADA;1046075;ZSSD;SELLADOR DE ROSCAS LOCTITE 243 X 50 GR.;;;MR01;374;V1;2;4;C18;HORMIGÓN;FERRETERIA;INSUMOS;KG;ZPAN;1000095139;ADJUDICADO;4500138639;;;;9/10/2026;9/9/2026;C27;10159784
00374 TERMINAL PUNTA COLORADA;1046486;ZSTO;CORREA ALTERNADOR;;6205-61-3580;MR01;374;V1;2;2;C03;EQUIPOS;EQUIPOS;?;KG;SIN PEDIDO;;;;;;;;;;
00374 TERMINAL PUNTA COLORADA;1046936;ZSCD;GUANTE LATEX NEGRO INDUSTRIAL T8 XPAR;;;MR01;374;RE;13;13;C28;SEGURIDAD/ROPA/EPP;INDUMENTARIA;EPP;KG;ZPAN;1000095110;SIN TRATAMIENTO;;;;;28/9/2026;8/9/2026;;10159723
00374 TERMINAL PUNTA COLORADA;1047245;ZSCD;MAZA MINERO 1KG C/ CABO PLASTICO;;;MR01;374;RE;10;10;C27;FERRETERIA MR01;FERRETERIA;HERRAMIENTA MANUAL;KG;SIN PEDIDO;;;;;;;;;;
00374 TERMINAL PUNTA COLORADA;1047246;ZSCD;MAZA MINERO 2KG C/ CABO PLASTICO;;;MR01;374;V1;2;4;C27;FERRETERIA MR01;FERRETERIA;HERRAMIENTA MANUAL;KG;ZPAN;1000095479;SIN TRATAMIENTO;;;;;14/10/2026;14/9/2026;;10160273
00374 TERMINAL PUNTA COLORADA;1047258;ZSCD;MECHA ACERO RAPIDO D12MM;;;MR01;374;RE;20;20;C27;FERRETERIA MR01;FERRETERIA;ACCESORIOS;KG;SIN PEDIDO;;;;;;;;;;
00374 TERMINAL PUNTA COLORADA;1047264;ZSCD;MECHA WIDIA SDS MAX Ø16MM 220MM;;;MR01;374;V1;2;4;C27;FERRETERIA MR01;FERRETERIA;ACCESORIOS;KG;ZPAN;1000095382;ADJUDICADO;4500138639;;;;11/10/2026;11/9/2026;C27;10160094
00374 TERMINAL PUNTA COLORADA;1047266;ZSCD;MECHA WIDIA SDS MAX Ø20MM 220MM;;;MR01;374;V1;2;4;C27;FERRETERIA MR01;FERRETERIA;ACCESORIOS;KG;ZPAN;1000095382;ADJUDICADO;4500138639;;;;11/10/2026;11/9/2026;C27;10160094
00374 TERMINAL PUNTA COLORADA;1047271;ZSCD;MECHA WIDIA SDS PLUS Ø12MM 220MM;;;MR01;374;V1;2;4;C27;FERRETERIA MR01;FERRETERIA;ACCESORIOS;KG;ZPAN;1000095608;SIN TRATAMIENTO;;;;;16/10/2026;16/9/2026;;10160475
00374 TERMINAL PUNTA COLORADA;1047272;ZSCD;MECHA WIDIA SDS PLUS Ø16MM 220MM;;;MR01;374;V1;2;4;C27;FERRETERIA MR01;FERRETERIA;ACCESORIOS;KG;ZPAN;1000095382;ADJUDICADO;4500138639;;;;11/10/2026;11/9/2026;C27;10160094
00374 TERMINAL PUNTA COLORADA;1047274;ZSCD;MECHA WIDIA SDS PLUS Ø20MM 220MM;;;MR01;374;V1;2;4;C27;FERRETERIA MR01;FERRETERIA;ACCESORIOS;KG;ZPAN;1000095382;ADJUDICADO;4500138639;;;;11/10/2026;11/9/2026;C27;10160094
00374 TERMINAL PUNTA COLORADA;1047286;ZSCD;MECHA WIDIA SDS PLUS Ø16MM 450MM;;;MR01;374;V1;2;4;C27;FERRETERIA MR01;FERRETERIA;ACCESORIOS;KG;ZPAN;1000095382;ADJUDICADO;4500138639;;;;11/10/2026;11/9/2026;C27;10160094
00374 TERMINAL PUNTA COLORADA;1047288;ZSCD;MECHA WIDIA SDS PLUS Ø20MM 450MM;;;MR01;374;V1;4;10;C27;FERRETERIA MR01;FERRETERIA;ACCESORIOS;KG;ZPAN;1000094549;ADJUDICADO;4500137597;;;;28/9/2026;28/8/2026;C27;10158889
00374 TERMINAL PUNTA COLORADA;1047449;ZSCD;CARTUCHO P/VAPOR S/ANEXO XPAR;;MARCA: 3M | COD: 6001;MR01;374;V1;2;2;C28;SEGURIDAD/ROPA/EPP;SEGURIDAD;EPP;KG;SIN PEDIDO;;;;;;;;;;
00374 TERMINAL PUNTA COLORADA;1047452;ZSCD;AEROSOL GALVANIZADO X454GR;;MARCA: RUST OLEUM;MR01;374;V1;6;24;C27;FERRETERIA MR01;FERRETERIA;INSUMOS;KG;ZPAN;1000094636;SIN TRATAMIENTO;;;;;30/9/2026;31/8/2026;;10159006
00374 TERMINAL PUNTA COLORADA;1047453;ZSCD;NIVEL IMANTADO X10CM;;;MR01;374;V1;2;4;C27;FERRETERIA MR01;FERRETERIA;HERRAMIENTAS MANUALES;KG;ZPAN;1000095139;ADJUDICADO;4500138643;;;;9/10/2026;9/9/2026;C27;10159784
00374 TERMINAL PUNTA COLORADA;1047474;ZSCD;SOGA NAUTICA 16MM;;;MR01;374;RE;400;400;C27;FERRETERIA MR01;FERRETERIA;?;KG;SIN PEDIDO;;;;;;;;;;
00374 TERMINAL PUNTA COLORADA;1047475;ZSCD;SOLUCION PEGAMENTO P/PARCHE 250CC;;;MR01;374;V1;2;2;C27;FERRETERIA MR01;FERRETERIA;INSUMOS;KG;SIN PEDIDO;;;;;;;;;;
00374 TERMINAL PUNTA COLORADA;1047512;ZSCD;"CEPILLO DE ACERO TRENZADO P/AMOLADORA 4""";;;MR01;374;V1;5;10;C27;FERRETERIA MR01;REPUESTOS;HERRAMIENTAS ELECTRICAS;KG;ZPAN;1000095139;ADJUDICADO;4500138643;;;;9/10/2026;9/9/2026;C27;10159784
00374 TERMINAL PUNTA COLORADA;1047515;ZSCD;TANZA 1MM AMARILLA XROLLO 80M;;;MR01;374;RE;35;35;C27;FERRETERIA MR01;FERRETERIA;INSUMOS;KG;SIN PEDIDO;;;;;;;;;;
00374 TERMINAL PUNTA COLORADA;1047520;ZSCD;CINCEL PLANO C/ENCASTRE SDS MAX 400MM;;;MR01;374;V1;4;8;C27;FERRETERIA MR01;FERRETERIA;HERRAMIENTAS MANUALES;KG;ZPAN;1000094785;ADJUDICADO;4500138088;;;;2/10/2026;2/9/2026;C27;10159261
00374 TERMINAL PUNTA COLORADA;1047521;ZSCD;CINCEL PUNTA C/ENCASTRE SDS MAX 400MM;;;MR01;374;V1;4;8;C27;FERRETERIA MR01;FERRETERIA;HERRAMIENTAS MANUALES;KG;ZPAN;1000094785;ADJUDICADO;4500138088;;;;2/10/2026;2/9/2026;C27;10159261
00374 TERMINAL PUNTA COLORADA;1047700;ZSCD;CHALECO REFLECTIVO NARANJA C2 C/LOGO T.S;;;MR01;374;RE;30;30;C28;SEGURIDAD/ROPA/EPP;INDUMENTARIA;EPP;KG;SIN PEDIDO;;;;;;;;;;
00374 TERMINAL PUNTA COLORADA;1047701;ZSCD;CHALECO REFLECTIVO NARANJA C2 C/LOGO T.M;;;MR01;374;RE;40;40;C28;SEGURIDAD/ROPA/EPP;INDUMENTARIA;EPP;KG;ZPAN;1000095110;SIN TRATAMIENTO;;;;;28/9/2026;8/9/2026;;10159723
00374 TERMINAL PUNTA COLORADA;1047702;ZSCD;CHALECO REFLECTIVO NARANJA C2 C/LOGO T.L;;;MR01;374;RE;65;65;C28;SEGURIDAD/ROPA/EPP;INDUMENTARIA;EPP;KG;ZPAN;1000095108;SIN TRATAMIENTO;;;;;28/9/2026;8/9/2026;;10159722
00374 TERMINAL PUNTA COLORADA;1047703;ZSCD;CHALECO REFLECT. NARANJA C2 C/LOGO T.3XL;;;MR01;374;RE;16;16;C28;SEGURIDAD/ROPA/EPP;INDUMENTARIA;EPP;KG;ZPAN;1000095110;SIN TRATAMIENTO;;;;;28/9/2026;8/9/2026;;10159723
00374 TERMINAL PUNTA COLORADA;1047983;ZSCD;TENAZA ARMADOR 1/2 CORTE L.30CM MIN.;;;MR01;374;RE;75;75;C27;FERRETERIA MR01;FERRETERIA;HERRAMIENTAS;KG;ZPAN;1000095110;ADJUDICADO;4500138639;;;;28/9/2026;8/9/2026;C27;10159723
00374 TERMINAL PUNTA COLORADA;1048842;ZSCD;CARTUCHO TONER NEXT ONE TN660/2370;;133;MR01;374;RE;4;4;C05;INFORMÁT.-HARDWARE;LIBRERIA;?;KG;SIN PEDIDO;;;;;;;;;;
00374 TERMINAL PUNTA COLORADA;1048856;ZSCD;BALDE PLASTICO 12LTS.;;;MR01;374;RE;6;6;C17;INSUMOS A;FERRETERIA;?;KG;SIN PEDIDO;;;;;;;;;;
00374 TERMINAL PUNTA COLORADA;1049436;ZSCD;MARTILLO CARPINTERO C/CABO DE FIBRA;;;MR01;374;RE;45;45;C27;FERRETERIA MR01;FERRETERIA;?;KG;ZPAN;1000095110;ADJUDICADO;4500138643;;;;28/9/2026;8/9/2026;C27;10159723
00374 TERMINAL PUNTA COLORADA;1050293;ZSTO;FILTRO AIRE PRIMARIO - SANY SRC900T;;160602020025B;MR01;374;V1;2;2;C29;FILTROS/RESPUESTOS;EQUIPOS;?;KG;SIN PEDIDO;;;;;;;;;;
00374 TERMINAL PUNTA COLORADA;1050295;ZSTO;FILTRO AIRE SECUNDARIO - SANY SRC900T;;160602010040B001;MR01;374;V1;2;2;C29;FILTROS/RESPUESTOS;EQUIPOS;?;KG;SIN PEDIDO;;;;;;;;;;
00374 TERMINAL PUNTA COLORADA;1050296;ZSTO;FILTRO DE ACEITE - SANY SRC900T;;60034227;MR01;374;V1;2;2;C29;FILTROS/RESPUESTOS;EQUIPOS;?;KG;SIN PEDIDO;;;;;;;;;;
00374 TERMINAL PUNTA COLORADA;1050297;ZSTO;FILTRO COMBUSTIBLE  - SANY SRC900T;;131288000041A // 5289992 DCEC CUMMINS;MR01;374;V1;2;2;C29;FILTROS/RESPUESTOS;EQUIPOS;?;KG;SIN PEDIDO;;;;;;;;;;
00374 TERMINAL PUNTA COLORADA;1050298;ZSTO;FILTRO COMBUSTIBLE  - SANY SRC900T;;60252396;MR01;374;V1;2;2;C29;FILTROS/RESPUESTOS;EQUIPOS;?;KG;SIN PEDIDO;;;;;;;;;;
00374 TERMINAL PUNTA COLORADA;1050299;ZSTO;FILTRO TRAMPA DE AGUA  - SANY SRC900T;;60242352 // 400-880-9119 CUMMINS;MR01;374;V1;2;2;C29;FILTROS/RESPUESTOS;EQUIPOS;?;KG;SIN PEDIDO;;;;;;;;;;
00374 TERMINAL PUNTA COLORADA;1050300;ZSTO;FILTRO HIDRAULICO DE ALTA PRESION;;151501000058B001 (SANY SRC900T);MR01;374;V1;1;1;C29;FILTROS/RESPUESTOS;FILTROS;FILTROS;KG;SIN PEDIDO;;;;;;;;;;
00374 TERMINAL PUNTA COLORADA;1050304;ZSTO;FILTRO EXTERIOR CABINA  - SANY SRC900T;;60250669;MR01;374;V1;1;1;C29;FILTROS/RESPUESTOS;FILTROS;FILTROS;KG;SIN PEDIDO;;;;;;;;;;
00374 TERMINAL PUNTA COLORADA;1050306;ZSTO;FILTRO AIRE FRESCO - SANY SRC900T;;60278857;MR01;374;V1;1;1;C29;FILTROS/RESPUESTOS;FILTROS;FILTROS;KG;SIN PEDIDO;;;;;;;;;;
00374 TERMINAL PUNTA COLORADA;1054305;ZSCD;AEROSOL BASE AGUA ROJO X440CC;;;MR01;374;RE;150;150;C22;INSUMOS C;INSUMOS;?;KG;ZPAN;1000095108;DESPACHADO;4500138484;15/9/2026;15/9/2026;16/9/2026;15/9/2026;8/9/2026;C22;10159722
00374 TERMINAL PUNTA COLORADA;1054307;ZSCD;AEROSOL BASE AGUA NEGRO X440CC;;;MR01;374;V1;12;24;C22;INSUMOS C;INSUMOS;?;KG;ZPAN;1000094785;DESPACHADO;4500137865;8/9/2026;8/9/2026;16/9/2026;2/10/2026;2/9/2026;C22;10159261
00374 TERMINAL PUNTA COLORADA;1054308;ZSCD;AEROSOL BASE AGUA AMARILLO X440CC;;;MR01;374;V1;12;24;C22;INSUMOS C;INSUMOS;?;KG;ZPAN;1000095139;DESPACHADO;4500138487;15/9/2026;15/9/2026;16/9/2026;9/10/2026;9/9/2026;C22;10159784
00374 TERMINAL PUNTA COLORADA;1054327;ZSSD;SIKA SEPAROL PRECAST X200LTS;;;MR01;374;V1;1;1;C22;INSUMOS C;HORMIGON;ADITIVO;KG;SIN PEDIDO;;;;;;;;;;
00374 TERMINAL PUNTA COLORADA;1054331;ZSSD;SIKA ANTISOL BASE SOLVENTE X200LT;;;MR01;374;V1;1;1;C22;INSUMOS C;HORMIGON;?;KG;SIN PEDIDO;;;;;;;;;;
00374 TERMINAL PUNTA COLORADA;1054337;ZSCD;HOJA CALADORA;LEVAS BOSC;T144DP;MR01;374;V1;10;20;C27;FERRETERIA MR01;FERRETERIA;?;KG;ZPAN;1000095245;ADJUDICADO;4500138639;;;;10/10/2026;10/9/2026;C27;10159952
00374 TERMINAL PUNTA COLORADA;1055257;ZSTO;PALA ANCHA FORJADA CABO MAD Y METAL;;;MR01;374;V1;5;10;C27;FERRETERIA MR01;EIME;?;KG;ZPAN;1000093977;ADJUDICADO;4500138639;;;;19/9/2026;19/8/2026;C27;10157943
00374 TERMINAL PUNTA COLORADA;1056086;ZSTO;BOLIGRAFO TRAZO GRUESO AZUL;;;MR01;374;V1;75;150;C17;INSUMOS A;LIBRERIA;ESCRITURA;KG;SIN PEDIDO;;;;;;;;;;
00374 TERMINAL PUNTA COLORADA;1056088;ZSTO;BOLIGRAFO TRAZO GRUESO NEGRO;;;MR01;374;V1;75;100;C17;INSUMOS A;LIBRERIA;ESCRITURA;KG;SIN PEDIDO;;;;;;;;;;
00374 TERMINAL PUNTA COLORADA;1056100;ZSTO;BIBLIORATO PVC LOMO ANCHO A4;;;MR01;374;V1;20;50;C17;INSUMOS A;LIBRERIA;ESCRITURA;KG;SIN PEDIDO;;;;;;;;;;
00374 TERMINAL PUNTA COLORADA;1056102;ZSTO;CARPETA CRISTAL BASE OPACA NEGRA A4;;;MR01;374;V1;12;24;C17;INSUMOS A;LIBRERIA;ESCRITURA;KG;SIN PEDIDO;;;;;;;;;;
00374 TERMINAL PUNTA COLORADA;1056106;ZSTO;BLOCK ESPIRAL CUADRIC A5 X70HS;;;MR01;374;V1;24;48;C17;INSUMOS A;LIBRERIA;ESCRITURA;KG;SIN PEDIDO;;;;;;;;;;
00374 TERMINAL PUNTA COLORADA;1056153;ZSTO;BALDE ALBAÑIL PLASTICO X10LTS;;;MR01;374;V1;25;50;C27;FERRETERIA MR01;FERRETERIA;INSUMOS;KG;SIN PEDIDO;;;;;;;;;;
00374 TERMINAL PUNTA COLORADA;1057167;ZSCD;PANTALON JEAN MUJER T.38;;;MR01;374;V1;4;8;C28;SEGURIDAD/ROPA/EPP;ROPA;INDUMENTARIA;KG;ZPAN;1000095139;ADJUDICADO;4500138238;;;;9/10/2026;9/9/2026;C28;10159784
00374 TERMINAL PUNTA COLORADA;1057169;ZSCD;PANTALON JEAN MUJER T.40;;;MR01;374;V1;4;8;C28;SEGURIDAD/ROPA/EPP;ROPA;INDUMENTARIA;KG;ZPAN;1000095139;ADJUDICADO;4500138238;;;;9/10/2026;9/9/2026;C28;10159784
00374 TERMINAL PUNTA COLORADA;1057171;ZSCD;PANTALON JEAN MUJER T.42;;;MR01;374;V1;3;6;C28;SEGURIDAD/ROPA/EPP;ROPA;INDUMENTARIA;KG;ZPAN;1000095608;SIN TRATAMIENTO;;;;;16/10/2026;16/9/2026;;10160475
00374 TERMINAL PUNTA COLORADA;1057173;ZSCD;PANTALON JEAN MUJER T.44;;;MR01;374;V1;3;6;C28;SEGURIDAD/ROPA/EPP;ROPA;INDUMENTARIA;KG;ZPAN;1000095139;ADJUDICADO;4500138238;;;;9/10/2026;9/9/2026;C28;10159784
00374 TERMINAL PUNTA COLORADA;1057623;ZSTO;FILTRO TRAMPA DE AGUA 12 MICRONES;;PF-560/1 SC;MR01;374;V1;5;10;C29;FILTROS/RESPUESTOS;FILTROS;?;KG;SIN PEDIDO;;;;;;;;;;
00374 TERMINAL PUNTA COLORADA;1057960;ZSTO;FILTRO HIDRAULICO SUCCION;;07993092  (BOMAG);MR01;374;V1;3;5;C29;FILTROS/RESPUESTOS;FILTROS;BOMAG;KG;SIN PEDIDO;;;;;;;;;;
00377-YPF 3° loop;1001676;ZSTO;CLAVOS P.PARIS 2 1 2 XKG;;MÚLT. 30 KG;MR01;377;V1;5;10;C08;ACERO;ACEROS;CLAVOS;KG;ZPAS;1000095247;DESPACHADO;;;11/9/2026;15/9/2026;30/9/2026;10/9/2026;;
00377-YPF 3° loop;1001679;ZSTO;FICHA T.STECK MACHO 220V 16A 2P T XUN;;;MR01;377;V1;10;20;C11;ELECTRICIDAD;ELECTRICIDAD;FICHAS;KG;ZPAS;1000095476;EMBALADO;;;15/9/2026;;2/10/2026;14/9/2026;;
00377-YPF 3° loop;1001697;ZSTO;GUANTE VAQUETA MEDIO PASEO T.10;;MÚLT. 12U;MR01;377;V1;350;500;C28;SEGURIDAD/ROPA/EPP;SEGURIDAD;GUANTE;KG;ZPAS;1000095476;EMBALADO;;;15/9/2026;;2/10/2026;14/9/2026;;
00377-YPF 3° loop;1001701;ZSTO;GUANTE NITRILO AZUL PUÑO ELASTIZADO;;;MR01;377;V1;30;60;C28;SEGURIDAD/ROPA/EPP;SEGURIDAD;GUANTE;KG;ZPAS;1000095600;SIN TRATAMIENTO;;;;;6/10/2026;16/9/2026;;
00377-YPF 3° loop;1001777;ZSTO;ESLINGA SINTETICA 6MTS 4TN CERTIFICADA;;;MR01;377;V1;2;4;C27;FERRETERIA MR01;SEGURIDAD;SERVICIOS GENERALES;KG;ZPAS;1000094537;CUMPLIDO PARCIAL;;;1/9/2026;;17/9/2026;28/8/2026;;
00377-YPF 3° loop;1001794;ZSTO;ACEITE HIPOIDAL X 205L;YPF S.A. // YPF S.A.;80W90 // 123092;MR01;377;V1;1;1;L01;ACEITES;LUBRICANTES;ACEITES;KG;SIN PEDIDO;;;;;;;;;;
00377-YPF 3° loop;1001798;ZSTO;ACEITE HIDRAULICO X 20 LTS;TOTAL;AZOLLA32;MR01;377;V1;1;1;L01;ACEITES;LUBRICANTES;ACEITES;KG;SIN PEDIDO;;;;;;;;;;
00377-YPF 3° loop;1001824;ZSTO;CUBIERTA 295 80 R22.5 TRACCION;PIRELLI NE // GOOD YEAR // BRIDGESTON // // MICHELIN A // GOOD YEAR // GOOD YEAR // FATE SAICI // PIRELLI NE;TG01/TG02 // G677MSD // M 745 // T831 // XDY+ // ARMOR MAX MSA GEN2 // ARMOR MAX MSD // FATECARGO DO-820 // G02;MR01;377;V1;1;2;C48;CUBIERTAS CAMIONES;CUBIERTAS;VW 31320 (3 JUEGOS;KG;ZPAS;1000094981;EMBALADO;;;16/9/2026;;25/9/2026;7/9/2026;;
00377-YPF 3° loop;1001841;ZSTO;CAMARA 12.00 R20;;MARCA DONGAH // MARCA PIRELLI;MR01;377;V1;10;16;C52;CAMARAS;CUBIERTAS;CUBIERTAS;KG;ZPAS;1000094981;SIN TRATAMIENTO;;;;;25/9/2026;7/9/2026;;
00377-YPF 3° loop;1001866;ZSTO;MARCADOR INDUSTRIAL-NEGROXUN;UNIPAINT;MÚLT. 10U;MR01;377;V1;25;48;C17;INSUMOS A;LIBRERIA;ESCRITURA;KG;ZPAS;1000095247;DESPACHADO;;;11/9/2026;15/9/2026;30/9/2026;10/9/2026;;
00377-YPF 3° loop;1001867;ZSTO;MARCADOR INDUSTRIAL-BLANCOXUN;UNIPAINT;MÚLT. 10U;MR01;377;V1;37;60;C17;INSUMOS A;LIBRERIA;ESCRITURA;KG;ZPAS;1000095247;DESPACHADO;;;11/9/2026;15/9/2026;30/9/2026;10/9/2026;;
00377-YPF 3° loop;1001880;ZSTO;MARCADOR INDUSTRIAL - AZUL UNIPAINT X UN;UNIPAINT;MÚLT. 10U;MR01;377;V1;25;48;C17;INSUMOS A;LIBRERIA;ESCRITURA;KG;ZPAS;1000095247;DESPACHADO;;;11/9/2026;15/9/2026;30/9/2026;10/9/2026;;
00377-YPF 3° loop;1001893;ZSTO;BOLSARESIDUPLASTICA60X90NEGRAXROLLOX10UN;;;MR01;377;V1;30;50;C17;INSUMOS A;LIMPIEZA;BOLSAS;KG;ZPAS;1000095600;SIN TRATAMIENTO;;;;;6/10/2026;16/9/2026;;
00377-YPF 3° loop;1001902;ZSTO;PERFUMINA X 5 LTS;;;MR01;377;V1;5;10;C17;INSUMOS A;LIMPIEZA;INSUMOS;KG;ZPAS;1000095600;SIN TRATAMIENTO;;;;;6/10/2026;16/9/2026;;
00377-YPF 3° loop;1001909;ZSTO;LUSTRAMUEBLES X360ML;;;MR01;377;V1;12;24;C17;INSUMOS A;LIMPIEZA;INSUMOS;KG;SIN PEDIDO;;;;;;;;;;
00377-YPF 3° loop;1001927;ZSTO;DISCO CORTE 178X1.6X22 SECUR EXTRA  x UN;TYROLIT;178X16X222;MR01;377;V1;350;500;C27;FERRETERIA MR01;FERRETERIA;ABRASIVOS/DISCOS;KG;ZPAS;1000095383;DESPACHADO;;;14/9/2026;16/9/2026;1/10/2026;11/9/2026;;
00377-YPF 3° loop;1001933;ZSTO;DISCO 114x1,6x222 REFORZADO x UN;TYROLIT;114X16X222;MR01;377;V1;250;400;C27;FERRETERIA MR01;FERRETERIA;ABRASIVOS/DISCOS;KG;ZPAS;1000095476;EMBALADO;;;15/9/2026;;2/10/2026;14/9/2026;;
00377-YPF 3° loop;1001951;ZSTO;CANDADO 50MM XUN;;;MR01;377;V1;15;30;C27;FERRETERIA MR01;FERRETERIA;ACCESORIOS;KG;ZPAS;1000094911;PICKEADO;;;11/9/2026;;24/9/2026;4/9/2026;;
00377-YPF 3° loop;1001952;ZSTO;TRAPO LIMPIO (BOLSAX10KG) XUN;;MÚLT. 10 KG;MR01;377;V1;5;10;C27;FERRETERIA MR01;FERRETERIA;ACCESORIOS;KG;ZPAS;1000095600;SIN TRATAMIENTO;;;;;6/10/2026;16/9/2026;;
00377-YPF 3° loop;1001960;ZSTO;CINTA AISLADORA AMARILLO X10MT;;;MR01;377;V1;10;20;C27;FERRETERIA MR01;FERRETERIA;INSUMOS;KG;ZPAS;1000095600;SIN TRATAMIENTO;;;;;6/10/2026;16/9/2026;;
00377-YPF 3° loop;1001964;ZSTO;CINTA AISLADORA BLANCA;;;MR01;377;V1;15;30;C27;FERRETERIA MR01;FERRETERIA;INSUMOS;KG;ZPAS;1000095247;DESPACHADO;;;11/9/2026;15/9/2026;30/9/2026;10/9/2026;;
00377-YPF 3° loop;1001987;ZSTO;ELECTRODO 3,25 MM X KG;CONARCO;AWS6010;MR01;377;V1;15;30;C27;FERRETERIA MR01;SOLDADURA;ELECTRODOS;KG;ZPAS;1000095600;SIN TRATAMIENTO;;;;;6/10/2026;16/9/2026;;
00377-YPF 3° loop;1002114;ZSTO;CORREA ALTERNADOR 850MM ORIG;LOMBARDINI;WAN5200002703;MR01;377;V1;2;2;C29;FILTROS/RESPUESTOS;CORREAS;TORRE WACKER;KG;SIN PEDIDO;;;;;;;;;;
00377-YPF 3° loop;1002115;ZSTO;CORREA MOTOR;CATERPILLA;2432143;MR01;377;V1;1;1;C29;FILTROS/RESPUESTOS;CORREAS;CAT 938 H;KG;SIN PEDIDO;;;;;;;;;;
00377-YPF 3° loop;1002123;ZSTO;CORREA;JOHN DEERE // JOHN DEERE;T197521 // T428724;MR01;377;V1;1;1;C29;FILTROS/RESPUESTOS;CORREAS;JD 544J;KG;SIN PEDIDO;;;;;;;;;;
00377-YPF 3° loop;1002205;ZSTO;CORREA DE ALTERNADOR;CNH //;1F504013617 // CNH-IVECO-504038672 // 5802350473;MR01;377;V1;1;1;C29;FILTROS/RESPUESTOS;CORREAS;DIECHI SAMSON 75.10;KG;SIN PEDIDO;;;;;;;;;;
00377-YPF 3° loop;1002396;ZSTO;TRABA DE UNA;No aplica;KH23P // 206920B750;MR01;377;V1;10;16;G05;AJUSTE;DESGASTE;EXCAVADORA KOMATSU PC 240;KG;ZPAS;1000095600;SIN TRATAMIENTO;;;;;6/10/2026;16/9/2026;;
00377-YPF 3° loop;1002474;ZSTO;ELEMENTO FILTRO XUN;SULLAIR AR // SULLAIR AR //;250028032 // 250026-982 // P565149;MR01;377;V1;1;1;F04;FILTRO AIRE;FILTROS;SULLAIR 185;KG;SIN PEDIDO;;;;;;;;;;
00377-YPF 3° loop;1002557;ZSTO;FILTRO COMBUSTIBLE XUN;JOHN DEERE;RE62418;MR01;377;V1;1;1;F06;FILTRO COMBUSTIBLE;FILTROS;JD 6615;KG;SIN PEDIDO;;;;;;;;;;
00377-YPF 3° loop;1002642;ZSTO;FILTRO AIRE;MOTORCRAFT // //;RFA6B // C17308 // P619859;MR01;377;V1;3;6;F04;FILTRO AIRE;FILTROS;FILTROS;KG;ZPAS;1000095247;DESPACHADO;;;11/9/2026;15/9/2026;30/9/2026;10/9/2026;;
00377-YPF 3° loop;1002675;ZSTO;FILTRO COMBUSTIBLE;PERKINS // MANITOU // HAULOTTE G // PERKINS // PERKINS // PARKER // // //;26560201 // 605013 // 2427003070 // 26560201 // 4816636 // REC-154 // SN40645 // TCE1804I // FS20009;MR01;377;V1;2;3;F06;FILTRO COMBUSTIBLE;FILTROS;MANITOU/HAULOTTE;KG;ZPAS;1000095600;SIN TRATAMIENTO;;;;;6/10/2026;16/9/2026;;
00377-YPF 3° loop;1002754;ZSTO;FILTRO A. U. COMPRESORA SULLAIR 185;SULLAIR AR // FLEETGUARD //;2250078031 // SE-1721 // OS 5194;MR01;377;V1;1;1;F04;FILTRO AIRE;FILTROS;FILTROS;KG;SIN PEDIDO;;;;;;;;;;
00377-YPF 3° loop;1002815;ZSTO;FILTRO AIRE SECUNDARIO XUN;DARMET // No aplica // LEVAS BOSC // MANN // DONALDSON // DARMET //;V750S // C1000 // 0986B03904 // CF1000 // P776695 // V-717/S // AF1840;MR01;377;V1;3;6;F04;FILTRO AIRE;FILTROS;ONAN / MULLER;KG;ZPAS;1000095247;DESPACHADO;;;11/9/2026;15/9/2026;30/9/2026;10/9/2026;;
00377-YPF 3° loop;1002838;ZSTO;FILTRO ACEITE;TOYOTA ARG // TOYOTA ARG;909152000300 // 90915YZZD2;MR01;377;V1;10;15;F03;FILTRO ACEITE;FILTROS;PARA HILUX;KG;ZPAS;1000094537;CUMPLIDO PARCIAL;;;31/8/2026;;17/9/2026;28/8/2026;;
00377-YPF 3° loop;1002931;ZSTO;FILTRO ACEITE;VOLVO CONS // VOLVO CONS // VOLVO CONS // FLEETGUARD // VOLVO MAQU;P21707133 // VOE478736 // 23658092 // LF667 // 17533660;MR01;377;V1;8;12;F03;FILTRO ACEITE;FILTROS;VOLVO 330 // VOLVO L260H;KG;ZPAS;1000095600;SIN TRATAMIENTO;;;;;6/10/2026;16/9/2026;;
00377-YPF 3° loop;1002932;ZSTO;FILTRO ACEITE;VOLVO CONS // VOLVO CONS;P21707132 // VOE477556;MR01;377;V1;5;10;F03;FILTRO ACEITE;FILTROS;VOLVO L260H;KG;ZPAS;1000095600;SIN TRATAMIENTO;;;;;6/10/2026;16/9/2026;;
00377-YPF 3° loop;1002936;ZSTO;FILTRO AIRE CABINA;VOLVO CONS // No aplica;VOE11703979 // 150522786;MR01;377;V1;4;6;F05;FILTRO AIRE CABINA;FILTROS;VOLVO EC 480D;KG;ZPAS;1000095600;SIN TRATAMIENTO;;;;;6/10/2026;16/9/2026;;
00377-YPF 3° loop;1002937;ZSTO;FILTRO AIRE ACONDICIONADO CABINA EX;VOLVO CONS // VOLVO CONS;VOE14689735 // 14506997;MR01;377;V1;4;6;F10;FILTRO HVAC;FILTROS;VOLVO EC 480D - PL 3005D;KG;ZPAS;1000095600;SIN TRATAMIENTO;;;;;6/10/2026;16/9/2026;;
00377-YPF 3° loop;1002938;ZSTO;FILTRO HIDRAULICO RETORNO;VOLVO CONS //;VOE14569658 // 14690316;MR01;377;V1;2;3;F07;FILTRO FLUIDO HIDR;FILTROS;VOLVO EC 480D;KG;ZPAS;1000095600;SIN TRATAMIENTO;;;;;6/10/2026;16/9/2026;;
00377-YPF 3° loop;1002994;ZSTO;PERKINS FILTRO ACEITE;HAULOTTE G // PERKINS // DONALDSON;2427003080 // 2654407 // P554407;MR01;377;V1;2;3;F03;FILTRO ACEITE;FILTROS;HAULOTTE HTL 4014/4017/4010;KG;ZPAS;1000095600;SIN TRATAMIENTO;;;;;6/10/2026;16/9/2026;;
00377-YPF 3° loop;1002998;ZSTO;FILTRO COMBUSTIBLE;PERKINS // FLEETGUARD // // DONALDSON // MANN;4415122 // FF5788 // P556245 // P502420 // P917X;MR01;377;V1;3;5;F06;FILTRO COMBUSTIBLE;FILTROS;HAULOTTE;KG;ZPAS;1000095600;SIN TRATAMIENTO;;;;;6/10/2026;16/9/2026;;
00377-YPF 3° loop;1003001;ZSTO;FILTRO DE AIRE PRIMARIO;FLEETGUARD // DONALDSON // FLEETGUARD;2324005070 // P828889 // AF25557;MR01;377;V1;2;3;F04;FILTRO AIRE;FILTROS;HAULOTTE HTL 4014/4017/4010;KG;ZPAS;1000095600;SIN TRATAMIENTO;;;;;6/10/2026;16/9/2026;;
00377-YPF 3° loop;1003002;ZSTO;FILTRO DE AIRE SECUNDARIO;HAULOTTE G // DONALDSON;2326001910 // P829333;MR01;377;V1;2;3;F04;FILTRO AIRE;FILTROS;HAULOTTE HTL 4014/4017/4010;KG;ZPAS;1000095600;SIN TRATAMIENTO;;;;;6/10/2026;16/9/2026;;
00377-YPF 3° loop;1003024;ZSTO;ELEMENTO FILTRO AIRE;FLEETGUARD // No aplica // No aplica;AF26094 // 8200651 // A034P660;MR01;377;V1;1;1;F04;FILTRO AIRE;FILTROS;ONAN C66D5;KG;SIN PEDIDO;;;;;;;;;;
00377-YPF 3° loop;1003025;ZSTO;ELEMENTO FILTRO AIRE;FLEETGUARD // No aplica // No aplica //;AF26093 // 8200650 // A034P656 // P131394;MR01;377;V1;1;1;F04;FILTRO AIRE;FILTROS;ONAN C66D5;KG;SIN PEDIDO;;;;;;;;;;
00377-YPF 3° loop;1003027;ZSTO;ELEMENTO FILTRO DE ACEITE;FLEETGUARD // No aplica // // BALDWIN //;LF16061 // P556615 // DBL7349 // B7362 // LF3806;MR01;377;V1;1;1;F03;FILTRO ACEITE;FILTROS;ONAN C66D5;KG;SIN PEDIDO;;;;;;;;;;
00377-YPF 3° loop;1003087;ZSTO;FILTRO COMBUSTIBLE;TOYOTA ARG //;233900L07000 // 233900L100;MR01;377;V1;7;14;F06;FILTRO COMBUSTIBLE;FILTROS;HILUX 2017;KG;ZPAS;1000095383;EMBALADO;;;14/9/2026;;1/10/2026;11/9/2026;;
00377-YPF 3° loop;1003088;ZSTO;FILTRO AIRE;TOYOTA ARG // TOYOTA ARG;178010L04000 // 178010E030;MR01;377;V1;7;14;F04;FILTRO AIRE;FILTROS;HILUX 2017;KG;ZPAS;1000095383;DESPACHADO;;;14/9/2026;16/9/2026;1/10/2026;11/9/2026;;
00377-YPF 3° loop;1003093;ZSTO;FILTRO DE COMBUSTIBLE;VOLVO CONS // VOLVO CONS;P22480372 // VOE15126069;MR01;377;V1;4;6;F06;FILTRO COMBUSTIBLE;FILTROS;VOLVO FM460;KG;ZPAS;1000095600;SIN TRATAMIENTO;;;;;6/10/2026;16/9/2026;;
00377-YPF 3° loop;1003095;ZSTO;FILTRO TRAMPA DE AGUA COMBUSTIBLE;PARKER RAC //;21925732 // 23662435;MR01;377;V1;1;2;F13;FILTRO TRAMPA DE A;FILTROS;VOLVO FM460;KG;ZPAS;1000095600;SIN TRATAMIENTO;;;;;6/10/2026;16/9/2026;;
00377-YPF 3° loop;1003096;ZSTO;FILTRO DE AIRE TANQUE DE COMBUSTIBLE;VOLVO CONS // DONALDSON;21743197 // P954869;MR01;377;V1;4;8;F06;FILTRO COMBUSTIBLE;FILTROS;VOLVO 330 // VOLVO FM460;KG;ZPAS;1000095600;SIN TRATAMIENTO;;;;;6/10/2026;16/9/2026;;
00377-YPF 3° loop;1003097;ZSTO;FILTRO DE AIRE PRIMARIO;VOLVO CONS;21337557;MR01;377;V1;1;2;F04;FILTRO AIRE;FILTROS;VOLVO FM460;KG;ZPAS;1000095600;SIN TRATAMIENTO;;;;;6/10/2026;16/9/2026;;
00377-YPF 3° loop;1003110;ZSTO;FILTRO DE COMBUSTIBLE;DONALDSON;47377748 // P556287;MR01;377;V1;1;1;F06;FILTRO COMBUSTIBLE;FILTROS;FARMALL A-120;KG;SIN PEDIDO;;;;;;;;;;
00377-YPF 3° loop;1003119;ZSTO;FILTRO DE AIRE PRIMARIO;VOLVO MAQU;21436535;MR01;377;V1;2;4;F04;FILTRO AIRE;FILTROS;VOLVO 330;KG;ZPAS;1000095600;SIN TRATAMIENTO;;;;;6/10/2026;16/9/2026;;
00377-YPF 3° loop;1003121;ZSTO;FILTRO DE UREA;VOLVO CONS;82269261;MR01;377;V1;1;2;F09;FILTRO DE UREA;FILTROS;VOLVO 330;KG;ZPAS;1000095600;SIN TRATAMIENTO;;;;;6/10/2026;16/9/2026;;
00377-YPF 3° loop;1003126;ZSTO;FILTRO SECADO DE AIRE;VOLVO CONS // VOLVO CONS // VOLVO CONS //;21412848 // 22223804 // 23260134 // 23690622;MR01;377;V1;1;2;F11;FILTRO SECADOR DE;FILTROS;VOLVO FM460;KG;ZPAS;1000095247;DESPACHADO;;;11/9/2026;15/9/2026;30/9/2026;10/9/2026;;
00377-YPF 3° loop;1003161;ZSTO;FILTRO DE RETORNO;PALFINGER // HIFI FILTE // HIFI FILTE // MAHLE FILT //;EA5811 // SF FILTER HY9784‑SET // SH55186 // D176945RN2010V17 // MDH8165;MR01;377;V1;1;2;F07;FILTRO FLUIDO HIDR;FILTROS;PALFINGER PK23500B (S406-SKA);KG;ZPAS;1000095600;SIN TRATAMIENTO;;;;;6/10/2026;16/9/2026;;
00377-YPF 3° loop;1003162;ZSTO;FILTRO EN LINEA DE PRESION;PALFINGER;EA4923;MR01;377;V1;1;2;F07;FILTRO FLUIDO HIDR;FILTROS;PALFINGER PK23500B (S406-SKA);KG;ZPAS;1000095600;SIN TRATAMIENTO;;;;;6/10/2026;16/9/2026;;
00377-YPF 3° loop;1003164;ZSTO;FILTRO DE BOMBA SIST. UREA;VOLVO CONS;20877958;MR01;377;V1;1;2;F09;FILTRO DE UREA;FILTROS;VOLVO 330;KG;ZPAS;1000095600;SIN TRATAMIENTO;;;;;6/10/2026;16/9/2026;;
00377-YPF 3° loop;1003206;ZSTO;FILTRO TRAMPA DE AGUA;VOLKSWAGEN // // //;2T2201847 // FS19727 // FS19624 // FS20047;MR01;377;V1;1;1;F13;FILTRO TRAMPA DE A;FILTROS;VW 19-360;KG;SIN PEDIDO;;;;;;;;;;
00377-YPF 3° loop;1003241;ZSTO;MANN CF1651;MANN //;CF1651 // P750003;MR01;377;V1;2;3;F14;GENERICOS FILTROS;FILTROS;VOLVO 330;KG;ZPAS;1000095600;SIN TRATAMIENTO;;;;;6/10/2026;16/9/2026;;
00377-YPF 3° loop;1003373;ZSTO;FILTROAIREACONDCABINAEXTERIORINTERIOR;VOLVO CONS;21758906;MR01;377;V1;1;2;F10;FILTRO HVAC;FILTROS;VOLVO FM460;KG;ZPAS;1000095600;SIN TRATAMIENTO;;;;;6/10/2026;16/9/2026;;
00377-YPF 3° loop;1003953;ZSTO;BATERIA 12V 75AMP;MOURA;M30LD;MR01;377;V1;3;4;C03;EQUIPOS;REPUESTOS;hilux 2017 en adelante;KG;ZPAS;1000095247;DESPACHADO;;;11/9/2026;15/9/2026;30/9/2026;10/9/2026;;
00377-YPF 3° loop;1003954;ZSTO;BATERIA 12V 180AMP;;25 PLACAS POR ELEMENTO;MR01;377;V1;2;3;C29;FILTROS/RESPUESTOS;REPUESTOS;MAQUINARIA PESADA;KG;ZPAS;1000095247;DESPACHADO;;;11/9/2026;15/9/2026;30/9/2026;10/9/2026;;
00377-YPF 3° loop;1004030;ZSTO;LAMPARA 24V-5W S CULOTE XUN;;PHILIPS-OSRAM;MR01;377;V1;10;15;C29;FILTROS/RESPUESTOS;REPUESTOS;ELECTRICIDAD AUTOMOTOR;KG;ZPAS;1000095600;SIN TRATAMIENTO;;;;;6/10/2026;16/9/2026;;
00377-YPF 3° loop;1004042;ZSTO;LAMPARA 24V-H7 70W X UN;;PX26D-PHILIPS-OSRAM;MR01;377;V1;10;15;C29;FILTROS/RESPUESTOS;REPUESTOS;ELECTRICIDAD AUTOMOTOR;KG;ZPAS;1000095247;DESPACHADO;;;11/9/2026;15/9/2026;30/9/2026;10/9/2026;;
00377-YPF 3° loop;1009436;ZSTO;UREA AZUL 32 X BIN 1000LTS;YPF S.A. // YPF S.A. // AXION ENER // RAIZEN ARG;516385 // 810300000371 // L60866;MR01;377;V1;1;1;L02;FLUIDOS;LUBRICANTES;ADITIVOS;KG;SIN PEDIDO;;;;;;;;;;
00377-YPF 3° loop;1009472;ZSTO;GUANTE VAQUETA MEDIO PASEO-FORRADO X PAR;;TALLE 10;MR01;377;V1;100;200;C28;SEGURIDAD/ROPA/EPP;SEGURIDAD;INDUMENTARIA;KG;SIN PEDIDO;;;;;;;;;;
00377-YPF 3° loop;1013582;ZSSD;MINIFUSIBLE PLANO 10 AMP. XUN;;;MR01;377;V1;10;20;C29;FILTROS/RESPUESTOS;REPUESTOS;ELECTRICIDAD AUTOMOTOR;KG;SIN PEDIDO;;;;;;;;;;
00377-YPF 3° loop;1013583;ZSSD;MINIFUSIBLE PLANO 15 AMP. XUN;;;MR01;377;V1;10;20;C29;FILTROS/RESPUESTOS;REPUESTOS;ELECTRICIDAD AUTOMOTOR;KG;SIN PEDIDO;;;;;;;;;;
00377-YPF 3° loop;1013678;ZSSD;MAMELUCO IGNIFUGO T.S C/LOGO;;;MR01;377;V1;7;14;C28;SEGURIDAD/ROPA/EPP;SEGURIDAD;ROPA;KG;ZPAN;1000094442;ADJUDICADO;4500137368;;;;27/9/2026;27/8/2026;C28;10158735
00377-YPF 3° loop;1013679;ZSSD;MAMELUCO IGNIFUGO T.M C/LOGO;;;MR01;377;V1;10;20;C28;SEGURIDAD/ROPA/EPP;SEGURIDAD;ROPA;KG;ZPAN;1000093408;ADJUDICADO;4500135842;;;;10/9/2026;10/8/2026;C28;10157042
00377-YPF 3° loop;1013680;ZSSD;MAMELUCO IGNIFUGO T.L C/LOGO;;;MR01;377;V1;10;20;C28;SEGURIDAD/ROPA/EPP;SEGURIDAD;ROPA;KG;ZPAN;1000094639;ADJUDICADO;4500137368;;;;30/9/2026;31/8/2026;C28;10159008
00377-YPF 3° loop;1013681;ZSSD;MAMELUCO IGNIFUGO T.XL C/LOGO;;;MR01;377;V1;10;20;C28;SEGURIDAD/ROPA/EPP;SEGURIDAD;ROPA;KG;ZPAN;1000094639;ADJUDICADO;4500137368;;;;30/9/2026;31/8/2026;C28;10159008
00377-YPF 3° loop;1013682;ZSSD;MAMELUCO IGNIFUGO T.XXL C/LOGO;;;MR01;377;V1;10;20;C28;SEGURIDAD/ROPA/EPP;SEGURIDAD;ROPA;KG;ZPAN;1000094031;ADJUDICADO;4500136296;;;;20/9/2026;20/8/2026;C28;10158045
00377-YPF 3° loop;1015852;ZSSD;PRECINTO PLASTICO AL-2 X 104MM X UN;;MÚLT. 100U;MR01;377;V1;4;8;C27;FERRETERIA MR01;FERRETERIA;INSUMOS;KG;ZPAN;1000095248;SIN TRATAMIENTO;;;;;10/10/2026;10/9/2026;;10159954
00377-YPF 3° loop;1016163;ZSTO;FILTRO TRAMPA DE AGUA;VOLVO MAQU;17515206;MR01;377;V1;5;10;F13;FILTRO TRAMPA DE A;FILTROS;VOLVO EC 480D;KG;ZPAS;1000095600;SIN TRATAMIENTO;;;;;6/10/2026;16/9/2026;;
00377-YPF 3° loop;1016512;ZSTO;Filtro Primario Admision;VOLVO MAQU;VOE17500266;MR01;377;V1;4;8;F04;FILTRO AIRE;FILTROS;FILTRO AIRE;KG;ZPAS;1000095600;SIN TRATAMIENTO;;;;;6/10/2026;16/9/2026;;
00377-YPF 3° loop;1016973;ZSSD;MAZA MINERO 3 KG;;;MR01;377;V1;4;8;C27;FERRETERIA MR01;FERRETERIA;HERRAMIENTA MANUAL;KG;ZPAN;1000094983;ADJUDICADO;4500138444;;;;7/10/2026;7/9/2026;C27;10159538
00377-YPF 3° loop;1016995;ZSSD;BROCHES FLEX CON FILO N50 X1000;;;MR01;377;V1;15;25;C17;INSUMOS A;LIBRERIA;LIBRERIA;KG;ZPAN;1000095147;ADJUDICADO;4500138581;;;;9/10/2026;9/9/2026;C17;10159788
00377-YPF 3° loop;1017021;ZSSD;CUADERNO ESPIRAL CUAD A4 T.DURA 80 HJ;;;MR01;377;V1;10;20;C17;INSUMOS A;LIBRERIA;LIBRERIA;KG;ZPAN;1000095601;SIN TRATAMIENTO;;;;;16/10/2026;16/9/2026;;10160469
00377-YPF 3° loop;1017055;ZSSD;ZAPATILLA ELECTRICA 6 TOMAS C CABLE 3M;;DE 4 TOMAS;MR01;377;V1;4;8;C11;ELECTRICIDAD;ELECTRICIDAD;ACCESORIOS;KG;ZPAN;1000093655;ADJUDICADO;4500136132;;;;13/9/2026;13/8/2026;C11;10157434
00377-YPF 3° loop;1017148;ZSSD;BARRETA SACACLAVOS 19X400;;;MR01;377;V1;2;5;C27;FERRETERIA MR01;FERRETERIA;INSUMOS;KG;ZPAN;1000095478;SIN TRATAMIENTO;;;;;14/10/2026;14/9/2026;;10160271
00377-YPF 3° loop;1017949;ZSTO;Correa de Alternador;KOMATSU HO // KOMATSU HO //;6732813531 // 8PK1700(ALTERNATIVO) // 6732-81-3531;MR01;377;V1;1;2;C29;FILTROS/RESPUESTOS;CORREAS;CORREAS;KG;ZPAS;1000095600;SIN TRATAMIENTO;;;;;6/10/2026;16/9/2026;;
00377-YPF 3° loop;1022223;ZSTO;"ESCOBILLA HILUX 16"" L/2016+";TOYOTA ARG;85212-42130;MR01;377;V1;3;4;C03;EQUIPOS;REPUESTOS;AUTOMOTOR;KG;SIN PEDIDO;;;;;;;;;;
00377-YPF 3° loop;1023623;ZSTO;ACEITE MOBIL SHC 629 BEARING-GEAR X20L;PARANA MAQ;MOBIL SHC 629 SYNTHETIC X20L;MR01;377;V1;1;1;C03;EQUIPOS;LUBRICANTES;ACEITES;KG;SIN PEDIDO;;;;;;;;;;
00377-YPF 3° loop;1026179;ZSTO;TENSOR;;16620-11010;MR01;377;V1;3;6;C29;FILTROS/RESPUESTOS;REPUESTOS;TOYOTA HILUX;KG;ZPAN;1000094912;EMBALADO;4500137837;15/9/2026;15/9/2026;;4/10/2026;4/9/2026;C29;10159456
00377-YPF 3° loop;1026342;ZSTO;FILTRO BOMBA DE COMBUSTIBLE;TOYOTA ARG;23390-0E011;MR01;377;V1;3;4;F06;FILTRO COMBUSTIBLE;FILTROS;?;KG;ZPAS;1000095383;DESPACHADO;;;14/9/2026;16/9/2026;1/10/2026;11/9/2026;;
00377-YPF 3° loop;1027017;ZSTO;Filtro Servohidraulico;VOLVO MAQU;14688862;MR01;377;V1;2;3;C29;FILTROS/RESPUESTOS;FILTROS;?;KG;ZPAS;1000095600;SIN TRATAMIENTO;;;;;6/10/2026;16/9/2026;;
00377-YPF 3° loop;1027326;ZSSD;MATAFUEGO ABC X1KG;;;MR01;377;V1;5;10;C28;SEGURIDAD/ROPA/EPP;SEGURIDAD;INSUMOS;KG;ZPAS;1000093881;SIN TRATAMIENTO;;;;;7/9/2026;18/8/2026;;
00377-YPF 3° loop;1029132;ZSTO;Filtro Aceite Motor;;2992242;MR01;377;V1;1;1;C29;FILTROS/RESPUESTOS;FILTROS;MOTOBOMBA ANTONIK FC80/2;KG;SIN PEDIDO;;;;;;;;;;
00377-YPF 3° loop;1029137;ZSTO;Aceite 80W90 x 20 L;SHELL PLC.;SPIRAX S3 AX80W-90;MR01;377;V1;1;1;C03;EQUIPOS;LUBRICANTES;MOTOBOMBA ANTONIK FC80/2;KG;SIN PEDIDO;;;;;;;;;;
00377-YPF 3° loop;1029358;ZSTO;CORREA MOTOR;;07W903137;MR01;377;V1;1;2;C03;EQUIPOS;CORREAS;?;KG;ZPAS;1000094240;SIN TRATAMIENTO;;;;;11/9/2026;24/8/2026;;
00377-YPF 3° loop;1029362;ZSTO;TENSOR DE CORREA;;07W903133;MR01;377;V1;1;1;C03;EQUIPOS;REPUESTOS;VW;KG;SIN PEDIDO;;;;;;;;;;
00377-YPF 3° loop;1033430;ZSTO;FILTRO DE ACEITE;;5801986263 // 500086363;MR01;377;V1;1;1;C29;FILTROS/RESPUESTOS;FILTROS;MOTOBOMBA STOCCO RTX 70.200;KG;SIN PEDIDO;;;;;;;;;;
00377-YPF 3° loop;1033432;ZSTO;CORREA MOTOR;SKF;8PK1400;MR01;377;V1;1;1;C29;FILTROS/RESPUESTOS;CORREAS;MOTOBOMBA STOCCO RTX 70.200;KG;SIN PEDIDO;;;;;;;;;;
00378 YPF – Oleoducto Cnel. Pringle;1001682;ZSTO;MAMEL. 1°CAL. DESC. LAMIN.BLANCO 60GR.XL;;FABRICANTE:DUPONT | MODELO:TYVEK 500;MR01;378;RE;129;129;C28;SEGURIDAD/ROPA/EPP;SEGURIDAD;INDUMENTARIA;KG;ZPAS;1000095173;DESPACHADO;;;10/9/2026;15/9/2026;29/9/2026;9/9/2026;;
00378 YPF – Oleoducto Cnel. Pringle;1001697;ZSTO;GUANTE VAQUETA MEDIO PASEO T.10;;MÚLT. 12U;MR01;378;RE;282;282;C28;SEGURIDAD/ROPA/EPP;SEGURIDAD;GUANTE;KG;ZPAS;1000095173;DESPACHADO;;;10/9/2026;15/9/2026;29/9/2026;9/9/2026;;
00378 YPF – Oleoducto Cnel. Pringle;1001707;ZSTO;CHALECOGRAFANARANJACONREFLETIVOT.XLC2;;MÚLT. 12U;MR01;378;RE;10;10;C28;SEGURIDAD/ROPA/EPP;SEGURIDAD;INDUMENTARIA;KG;ZPAS;1000095173;DESPACHADO;;;10/9/2026;15/9/2026;29/9/2026;9/9/2026;;
00378 YPF – Oleoducto Cnel. Pringle;1001708;ZSTO;GUANTE POLIAMIDA LAMINADO PALMAPU-TALLE9;;MÚLT. 12U;MR01;378;RE;85;85;C28;SEGURIDAD/ROPA/EPP;SEGURIDAD;GUANTE;KG;SIN PEDIDO;;;;;;;;;;
00378 YPF – Oleoducto Cnel. Pringle;1001718;ZSTO;RODILLERA SOLDADOR;;;MR01;378;RE;10;10;C28;SEGURIDAD/ROPA/EPP;SEGURIDAD;ACCESORIO SEGURIDAD;KG;SIN PEDIDO;;;;;;;;;;
00378 YPF – Oleoducto Cnel. Pringle;1001728;ZSTO;ADAPTADOR PROTECTOR FACIAL AUDITIVO;LIBUS // 3M // MSA // STEELPRO;902493 // ADAPTADOR VISOR PELTOR // ADAPTADOR VISOR PELTOR // UNIVERSAL STEELPRO;MR01;378;RE;40;40;C28;SEGURIDAD/ROPA/EPP;SEGURIDAD;ACCESORIO SEGURIDAD;KG;SIN PEDIDO;;;;;;;;;;
00378 YPF – Oleoducto Cnel. Pringle;1001743;ZSTO;BOTA GOMA P.ACERO N 39;;;MR01;378;RE;3;3;C28;SEGURIDAD/ROPA/EPP;SEGURIDAD;CALZADO;KG;SIN PEDIDO;;;;;;;;;;
00378 YPF – Oleoducto Cnel. Pringle;1001744;ZSTO;BOTA GOMA P.ACERO N 40;;;MR01;378;RE;8;8;C28;SEGURIDAD/ROPA/EPP;SEGURIDAD;CALZADO;KG;SIN PEDIDO;;;;;;;;;;
00378 YPF – Oleoducto Cnel. Pringle;1001745;ZSTO;BOTA GOMA P.ACERO N 41;;;MR01;378;RE;17;17;C28;SEGURIDAD/ROPA/EPP;SEGURIDAD;CALZADO;KG;SIN PEDIDO;;;;;;;;;;
00378 YPF – Oleoducto Cnel. Pringle;1001746;ZSTO;BOTA GOMA P.ACERO N 42;;;MR01;378;RE;20;20;C28;SEGURIDAD/ROPA/EPP;SEGURIDAD;CALZADO;KG;SIN PEDIDO;;;;;;;;;;
00378 YPF – Oleoducto Cnel. Pringle;1001748;ZSTO;BOTA GOMA P.ACERO N 44;;;MR01;378;RE;10;10;C28;SEGURIDAD/ROPA/EPP;SEGURIDAD;CALZADO;KG;SIN PEDIDO;;;;;;;;;;
00378 YPF – Oleoducto Cnel. Pringle;1001774;ZSTO;ESLINGA SINTETICA 4MTS 4TN CERTIFICADA;;;MR01;378;RE;8;8;C27;FERRETERIA MR01;SEGURIDAD;LOGISTICA;KG;ZPAS;1000095173;DESPACHADO;;;10/9/2026;15/9/2026;29/9/2026;9/9/2026;;
00378 YPF – Oleoducto Cnel. Pringle;1001776;ZSTO;ESLINGA SINTETICA 3MTS 3TN CERTIFICADA;;;MR01;378;RE;8;8;C27;FERRETERIA MR01;SEGURIDAD;LOGISTICA;KG;SIN PEDIDO;;;;;;;;;;
00378 YPF – Oleoducto Cnel. Pringle;1001777;ZSTO;ESLINGA SINTETICA 6MTS 4TN CERTIFICADA;;;MR01;378;RE;8;8;C27;FERRETERIA MR01;SEGURIDAD;SERVICIOS GENERALES;KG;ZPAS;1000095173;PICKEADO PARCIAL;;;;;29/9/2026;9/9/2026;;
00378 YPF – Oleoducto Cnel. Pringle;1001778;ZSTO;YERBA MATE X 500GRS X UN;;;MR01;378;RE;79;79;C17;INSUMOS A;ALIMENTOS;?;KG;SIN PEDIDO;;;;;;;;;;
00378 YPF – Oleoducto Cnel. Pringle;1001786;ZSTO;ACEITE ISO 46 HIDRAULICO  X 205L;YPF S.A. // YPF S.A.;BP46 // 135392;MR01;378;V1;1;1;L01;ACEITES;LUBRICANTES;ACEITES;KG;SIN PEDIDO;;;;;;;;;;
00378 YPF – Oleoducto Cnel. Pringle;1001791;ZSTO;ACEITE SAE 30 X 205L;YPF S.A. // YPF S.A. // YPF S.A.;151692 // FT SUPER 30 TR;MR01;378;V1;1;1;L01;ACEITES;LUBRICANTES;ACEITES;KG;SIN PEDIDO;;;;;;;;;;
00378 YPF – Oleoducto Cnel. Pringle;1001792;ZSTO;ACEITE SAE 50  X 205L;YPF S.A.;;MR01;378;V1;1;1;L01;ACEITES;LUBRICANTES;ACEITES;KG;SIN PEDIDO;;;;;;;;;;
00378 YPF – Oleoducto Cnel. Pringle;1001861;ZSTO;TALONARIOREMITO R CUADRUPLICADOX25H.;;;MR01;378;RE;4;4;C17;INSUMOS A;LIBRERIA;TALONARIOS;KG;SIN PEDIDO;;;;;;;;;;
00378 YPF – Oleoducto Cnel. Pringle;1001866;ZSTO;MARCADOR INDUSTRIAL-NEGROXUN;UNIPAINT;MÚLT. 10U;MR01;378;RE;24;24;C17;INSUMOS A;LIBRERIA;ESCRITURA;KG;SIN PEDIDO;;;;;;;;;;
00378 YPF – Oleoducto Cnel. Pringle;1001867;ZSTO;MARCADOR INDUSTRIAL-BLANCOXUN;UNIPAINT;MÚLT. 10U;MR01;378;RE;42;42;C17;INSUMOS A;LIBRERIA;ESCRITURA;KG;SIN PEDIDO;;;;;;;;;;
00378 YPF – Oleoducto Cnel. Pringle;1001868;ZSTO;FILMSTRECHMANUALXBOBINAx2,70KG;;MEDIDAS 0,50X200METROSX2;MR01;378;RE;17;17;C17;INSUMOS A;LIBRERIA;CINTAS ADHESIVAS;KG;SIN PEDIDO;;;;;;;;;;
00378 YPF – Oleoducto Cnel. Pringle;1001869;ZSTO;MARCADORINDUSTRIAL-AMARILLOXUN;UNIPAINT;MÚLT. 10U;MR01;378;RE;24;24;C17;INSUMOS A;LIBRERIA;ESCRITURA;KG;SIN PEDIDO;;;;;;;;;;
00378 YPF – Oleoducto Cnel. Pringle;1001872;ZSTO;RESMA DE HOJA A3 75GR. X UN;;;MR01;378;RE;10;10;C17;INSUMOS A;LIBRERIA;PAPEL;KG;SIN PEDIDO;;;;;;;;;;
00378 YPF – Oleoducto Cnel. Pringle;1001876;ZSTO;CINTA EMBALAR TRANSPARENTE 48MM X 100 MT;SCOTCH;;MR01;378;RE;30;30;C17;INSUMOS A;LIBRERIA;CINTAS ADHESIVAS;KG;SIN PEDIDO;;;;;;;;;;
00378 YPF – Oleoducto Cnel. Pringle;1001878;ZSTO;CINTA DE ENMASCARAR 48MM X ROLLO;SCOTCH;;MR01;378;RE;14;14;C17;INSUMOS A;LIBRERIA;CINTAS ADHESIVAS;KG;SIN PEDIDO;;;;;;;;;;
00378 YPF – Oleoducto Cnel. Pringle;1001881;ZSTO;MARCADOR INDUSTRIAL - ROJO UNIPAINT X UN;UNIPAINT;MÚLT. 10U;MR01;378;RE;24;24;C17;INSUMOS A;LIBRERIA;ESCRITURA;KG;SIN PEDIDO;;;;;;;;;;
00378 YPF – Oleoducto Cnel. Pringle;1001893;ZSTO;BOLSARESIDUPLASTICA60X90NEGRAXROLLOX10UN;;;MR01;378;RE;150;150;C17;INSUMOS A;LIMPIEZA;BOLSAS;KG;SIN PEDIDO;;;;;;;;;;
00378 YPF – Oleoducto Cnel. Pringle;1001895;ZSTO;ALCOHOL LIQUIDO X LITRO;;;MR01;378;RE;14;14;C17;INSUMOS A;LIMPIEZA;ALCOHOL LIQUIDO;KG;SIN PEDIDO;;;;;;;;;;
00378 YPF – Oleoducto Cnel. Pringle;1001903;ZSTO;LAVANDINA X 5 LTS;;;MR01;378;RE;18;18;C17;INSUMOS A;LIMPIEZA;INSUMOS;KG;SIN PEDIDO;;;;;;;;;;
00378 YPF – Oleoducto Cnel. Pringle;1001904;ZSTO;DETERGENTE X 5 LTS;;;MR01;378;RE;9;9;C17;INSUMOS A;LIMPIEZA;INSUMOS;KG;ZPAS;1000093975;CUMPLIDO PARCIAL;;;21/8/2026;;2/9/2026;19/8/2026;;
00378 YPF – Oleoducto Cnel. Pringle;1001909;ZSTO;LUSTRAMUEBLES X360ML;;;MR01;378;RE;28;28;C17;INSUMOS A;LIMPIEZA;INSUMOS;KG;SIN PEDIDO;;;;;;;;;;
00378 YPF – Oleoducto Cnel. Pringle;1001923;ZSTO;AGROPOL 100 MIC 4X50MTS;;;MR01;378;RE;5;5;C27;FERRETERIA MR01;FERRETERIA;INSUMOS;KG;SIN PEDIDO;;;;;;;;;;
00378 YPF – Oleoducto Cnel. Pringle;1001929;ZSTO;DISCO 178X4,8X22,23TYROLIT OASECUR XUN;TYROLIT;178X48X222;MR01;378;RE;80;80;C27;FERRETERIA MR01;FERRETERIA;ABRASIVOS/DISCOS;KG;ZPAS;1000095173;DESPACHADO;;;10/9/2026;15/9/2026;29/9/2026;9/9/2026;;
00378 YPF – Oleoducto Cnel. Pringle;1001931;ZSTO;DISCO LIJA ESMERIL 178x22 GRANO 36;;"C&#24;176GRADO36";MR01;378;RE;200;200;C27;FERRETERIA MR01;FERRETERIA;ABRASIVOS/DISCOS;KG;SIN PEDIDO;;;;;;;;;;
00378 YPF – Oleoducto Cnel. Pringle;1001952;ZSTO;TRAPO LIMPIO (BOLSAX10KG) XUN;;MÚLT. 10 KG;MR01;378;RE;12;12;C27;FERRETERIA MR01;FERRETERIA;ACCESORIOS;KG;SIN PEDIDO;;;;;;;;;;
00378 YPF – Oleoducto Cnel. Pringle;1001960;ZSTO;CINTA AISLADORA AMARILLO X10MT;;;MR01;378;RE;12;12;C27;FERRETERIA MR01;FERRETERIA;INSUMOS;KG;SIN PEDIDO;;;;;;;;;;
00378 YPF – Oleoducto Cnel. Pringle;1001961;ZSTO;CINTA AISLADORA NEGRA X10MT;;;MR01;378;RE;25;25;C27;FERRETERIA MR01;FERRETERIA;INSUMOS;KG;ZPAS;1000095173;DESPACHADO;;;10/9/2026;15/9/2026;29/9/2026;9/9/2026;;
00378 YPF – Oleoducto Cnel. Pringle;1001962;ZSTO;CINTA AISLADORA ROJA X10MT;;;MR01;378;RE;6;6;C27;FERRETERIA MR01;FERRETERIA;INSUMOS;KG;SIN PEDIDO;;;;;;;;;;
00378 YPF – Oleoducto Cnel. Pringle;1001963;ZSTO;CINTA AISLADORA VERDE X10MT;;;MR01;378;RE;7;7;C27;FERRETERIA MR01;FERRETERIA;INSUMOS;KG;SIN PEDIDO;;;;;;;;;;
00378 YPF – Oleoducto Cnel. Pringle;1001969;ZSTO;ESMALTE SINT. AEROSOL BLANCO X440CC;;KUWAIT-SINTEPLAST;MR01;378;RE;28;28;C22;INSUMOS C;PINTURAS;PINTURA AEROSOL;KG;SIN PEDIDO;;;;;;;;;;
00378 YPF – Oleoducto Cnel. Pringle;1001970;ZSTO;ESMALTE SINT. AEROSOL NEGRO X440CC;;KUWAIT-SINTEPLAST;MR01;378;RE;24;24;C22;INSUMOS C;PINTURAS;PINTURA AEROSOL;KG;SIN PEDIDO;;;;;;;;;;
00378 YPF – Oleoducto Cnel. Pringle;1001971;ZSTO;ESMALTE SINT. AEROSOL ROJO X 440CC;;KUWAIT-SINTEPLAST;MR01;378;RE;25;25;C22;INSUMOS C;PINTURAS;PINTURA AEROSOL;KG;SIN PEDIDO;;;;;;;;;;
00378 YPF – Oleoducto Cnel. Pringle;1001985;ZSTO;VIDRIOP CARETASOLDADOR50X105MMINCOLORO;;;MR01;378;V1;500;700;C27;FERRETERIA MR01;SOLDADURA;ACCESORIOS;KG;ZPAS;1000095249;DESPACHADO PARCIAL;;;10/9/2026;15/9/2026;30/9/2026;10/9/2026;;
00378 YPF – Oleoducto Cnel. Pringle;1001992;ZSTO;ELECTRODO AWS7018 X 4,00 MM X KG;CONARCO;AWS7018;MR01;378;RE;80;80;C27;FERRETERIA MR01;SOLDADURA;ELECTRODOS;KG;SIN PEDIDO;;;;;;;;;;
00378 YPF – Oleoducto Cnel. Pringle;1001993;ZSTO;ELECTRODO AWS7018 X 3,25 MM X KG;CONARCO;AWS7018;MR01;378;RE;80;80;C27;FERRETERIA MR01;SOLDADURA;ELECTRODOS;KG;SIN PEDIDO;;;;;;;;;;
00378 YPF – Oleoducto Cnel. Pringle;1001994;ZSTO;ELECTRODO AWS7018 X 2,50 MM X KG;CONARCO;AWS7018;MR01;378;RE;80;80;C27;FERRETERIA MR01;SOLDADURA;ELECTRODOS;KG;SIN PEDIDO;;;;;;;;;;
00378 YPF – Oleoducto Cnel. Pringle;1002071;ZSTO;CAMPERA DESCARNE T.XXXL;;;MR01;378;RE;13;13;C28;SEGURIDAD/ROPA/EPP;SEGURIDAD;INDUMENTARIA;KG;SIN PEDIDO;;;;;;;;;;
00378 YPF – Oleoducto Cnel. Pringle;1002090;ZSTO;CAPA DE LLUVIA T.XL;;;MR01;378;RE;11;11;C28;SEGURIDAD/ROPA/EPP;ROPA;INDUMENTARIA;KG;SIN PEDIDO;;;;;;;;;;
00378 YPF – Oleoducto Cnel. Pringle;1002091;ZSTO;CAPA DE LLUVIA T.XXL;;;MR01;378;RE;43;43;C28;SEGURIDAD/ROPA/EPP;ROPA;INDUMENTARIA;KG;SIN PEDIDO;;;;;;;;;;
00378 YPF – Oleoducto Cnel. Pringle;1003125;ZSTO;FILTRO SECADOR DE AIRE;VOLVO CONS;21620181;MR01;378;V1;1;1;F11;FILTRO SECADOR DE;FILTROS;VOLVO 330;KG;SIN PEDIDO;;;;;;;;;;
00378 YPF – Oleoducto Cnel. Pringle;1013678;ZSSD;MAMELUCO IGNIFUGO T.S C/LOGO;;;MR01;378;V1;5;10;C28;SEGURIDAD/ROPA/EPP;SEGURIDAD;ROPA;KG;ZPAN;1000093888;ADJUDICADO;4500136066;;;;18/9/2026;18/8/2026;C28;10157776
00378 YPF – Oleoducto Cnel. Pringle;1013681;ZSSD;MAMELUCO IGNIFUGO T.XL C/LOGO;;;MR01;378;RE;14;14;C28;SEGURIDAD/ROPA/EPP;SEGURIDAD;ROPA;KG;ZPAN;1000093981;ADJUDICADO;4500136474;;;;18/9/2026;19/8/2026;C28;10157945
00378 YPF – Oleoducto Cnel. Pringle;1013683;ZSSD;MAMELUCO IGNIFUGO T.XXXL C/LOGO;;;MR01;378;V1;10;20;C28;SEGURIDAD/ROPA/EPP;SEGURIDAD;ROPA;KG;ZPAN;1000093888;ADJUDICADO;4500136066;;;;18/9/2026;18/8/2026;C28;10157776
00378 YPF – Oleoducto Cnel. Pringle;1015783;ZSSD;CINTA REFLECTIVA ROJA X MTS;;;MR01;378;RE;35;35;C27;FERRETERIA MR01;SEGURIDAD;SEÑALIZACION;KG;SIN PEDIDO;;;;;;;;;;
00378 YPF – Oleoducto Cnel. Pringle;1015866;ZSSD;TRAPO DE PISO X UN;;;MR01;378;RE;23;23;C17;INSUMOS A;LIMPIEZA;INSUMOS;KG;SIN PEDIDO;;;;;;;;;;
00378 YPF – Oleoducto Cnel. Pringle;1016910;ZSSD;CINTA METRICA X10MT CON PASACINTO;;;MR01;378;RE;5;5;C27;FERRETERIA MR01;FERRETERIA;INSUMOS;KG;ZPAN;1000095176;ADJUDICADO;4500138522;;;;29/9/2026;9/9/2026;C27;10159824
00378 YPF – Oleoducto Cnel. Pringle;1016982;ZSSD;FOLIO A4 ST X100;;;MR01;378;RE;4;4;C17;INSUMOS A;LIBRERIA;PAPEL;KG;ZPAN;1000095176;SIN TRATAMIENTO;;;;;29/9/2026;9/9/2026;;10159824
00378 YPF – Oleoducto Cnel. Pringle;1017005;ZSSD;CADENA PLASTICA ROJA Y BLANCA X ML;;MÚLT. 50/100 MTS;MR01;378;RE;250;250;C28;SEGURIDAD/ROPA/EPP;SEGURIDAD;SEGURIDAD;KG;SIN PEDIDO;;;;;;;;;;
00378 YPF – Oleoducto Cnel. Pringle;1017055;ZSSD;ZAPATILLA ELECTRICA 6 TOMAS C CABLE 3M;;DE 4 TOMAS;MR01;378;RE;10;10;C11;ELECTRICIDAD;ELECTRICIDAD;ACCESORIOS;KG;SIN PEDIDO;;;;;;;;;;
00378 YPF – Oleoducto Cnel. Pringle;1017110;ZSSD;MATAFUEGO ABC X10KG;;;MR01;378;RE;6;6;C28;SEGURIDAD/ROPA/EPP;SEGURIDAD;SEGURIDAD;KG;ZPAN;1000095176;SIN TRATAMIENTO;;;;;29/9/2026;9/9/2026;;10159824
00378 YPF – Oleoducto Cnel. Pringle;1046627;ZSTO;AEROSOL DESINFECTANTE ANTIBACT. 360 ML;;;MR01;378;RE;35;35;C17;INSUMOS A;LIMPIEZA;INSUMOS;KG;SIN PEDIDO;;;;;;;;;;
00378 YPF – Oleoducto Cnel. Pringle;1056086;ZSTO;BOLIGRAFO TRAZO GRUESO AZUL;;;MR01;378;V1;30;50;C17;INSUMOS A;LIBRERIA;ESCRITURA;KG;ZPAS;1000095459;DESPACHADO;;;15/9/2026;16/9/2026;2/10/2026;14/9/2026;;
00378 YPF – Oleoducto Cnel. Pringle;1056088;ZSTO;BOLIGRAFO TRAZO GRUESO NEGRO;;;MR01;378;V1;30;50;C17;INSUMOS A;LIBRERIA;ESCRITURA;KG;ZPAS;1000095459;DESPACHADO PARCIAL;;;15/9/2026;16/9/2026;2/10/2026;14/9/2026;;
