CLIENTE;NRO. VA01/VA21;POS VA01/VA21;CLASE DE DOC;REF.CLIENTE;DOC. REF;PRIORIDAD;MOT. RECHAZO;INDICADOR DE BLOQUEO;FECHA DE BLOQUEO;OPERADOR DE VA;CODIGO ITEM;DESCRIPCION ITEM;CANTIDAD SOLICITADA;CANTIDAD TOTAL RECEPCIONADA;ADJUDICADO EN OC;CANTIDAD PENDIENTE DE ADJUDICAR;CANTIDAD TOTAL PENDIENTE RECEP.;NRO. RECEPCION;FECHA RECEPCION;TIPO DE ITEM;ESTADO ITEM;PROVEEDOR;CENTRO;FECHA ENTREGA ESPERADA;FECHA DE EMISION NECESIDAD;NRO. SOLPED;POS. SOLPED;REPARTOS;FECHA EMISION SOLPED;FECHA APROBACION SOLPED;GRUPO DE COMPRA;NRO. OC;POS. OC;ALMACEN OC;Q CANT. OC;OPERADOR OC;FECHA EMISION OC;FECHA ENTREGA OC;GRUPO DE COMPRA OC;Q RECEP. DE OC;FECHA SELLO;LIBERACION SOLPED;LIBERACIÓN OC;PLAZO ENTREGA EXCEDIDO;ENTREGA DEL PROVEEDOR;REGISTRO DE RECEPCION;PICKING;EXPEDICIÓN;TRASLADO;NUMERO DE RESERVA;Período de certificación;Estado Servicio;Estado Certificación;Grupo de Compra Definitivo
00223 Comp Amb Santa Fe;1000061281;10;ZPAN;03-SERV. AGUA Y DISP;;0;;;;PBASILIO;1013138;SERVICIO BOTELLON DE 20 LTS XUN;1080;1018;1080;0;62;5000191717;5/10/2026;Servicios;CUMPLIDO PARCIAL;PAVONI FRANCO;MR01;31/10/2026;31/1/2025;10114648;10;1;31/1/2025;31/1/2025;C25;4500093191;10;0223;1;MPITTIA;10/2/2025;31/10/2026;C25;16;5/10/2026;;;;;;;;;;03 Cert Mensual;En curso - Próximo a vencer;Verde;C25
00223 Comp Amb Santa Fe;1000074123;10;ZPAN;03-SERV. LIMPIEZA;;0;;;;PBASILIO;1013143;SERVICIO DE LIMPIEZA HS NORMALES XHS;288;265;288;0;23;5000191712;5/10/2026;Servicios;CUMPLIDO PARCIAL;CLEANSED S.A.S.;MR01;31/10/2026;16/9/2025;10131134;10;1;16/9/2025;19/9/2025;C25;4500109150;10;0223;1;MPITTIA;23/9/2025;31/10/2026;C25;12;5/10/2026;;;;;;;;;;03 Cert Mensual;En curso - Próximo a vencer;Verde;C25
00223 Comp Amb Santa Fe;1000075696;10;ZPAN;P.1.186.718_END.3;;0;;;;SANSALDI;1022028;P.EJEC.1.186.718_END.3_ASEG.CAUCIONES;1;1;1;0;0;5000149775;22/10/2025;Servicios;CUMPLIDO;ASEGURADORES DE CAUCIONES S.A.;MR01;31/10/2026;13/10/2025;10133218;10;1;13/10/2025;13/10/2025;C16;4500111428;10;0223;1;JESPARZA;22/10/2025;31/10/2026;C16;1;22/10/2025;;;;;;;;;;Sin aclaración;En curso - Próximo a vencer;;C16
00223 Comp Amb Santa Fe;1000077718;10;ZPAN;POLIZA DE RESPONSABI;;0;;;;NLAFORNARO;1012957;POLIZA DE RC 108038 OBRA 223;1;1;1;0;0;5000153817;28/11/2025;Servicios;CUMPLIDO;SMG CIA. ARGENTINA DE SEG. SA;MR01;14/11/2026;13/11/2025;10135919;10;1;13/11/2025;14/11/2025;C16;4500113698;10;0223;1;JESPARZA;21/11/2025;14/11/2026;C16;1;28/11/2025;;;;;;;;;;Sin aclaración;En curso - Próximo a vencer;;C16
00223 Comp Amb Santa Fe;1000079175;10;ZPAN;03-SERV. INTERNET;;0;;;;PBASILIO;1013141;SERVICIO DE INTERNET XDIA;360;240;360;0;120;5000191711;5/10/2026;Servicios;CUMPLIDO PARCIAL;HI-LINK S.A.S.;MR01;31/1/2027;9/12/2025;10137709;10;1;9/12/2025;9/12/2025;C25;4500115879;10;0223;1;MPITTIA;22/12/2025;31/1/2027;C25;8;5/10/2026;;;;;;;;;;03 Cert Mensual;En curso;Verde;C25
00223 Comp Amb Santa Fe;1000079176;10;ZPAN;03-SERV. INTERNET;;0;;;;PBASILIO;1013141;SERVICIO DE INTERNET XDIA;360;240;12;0;120;5000191724;5/10/2026;Servicios;CUMPLIDO PARCIAL;JAWIT S.A.;MR01;31/1/2027;9/12/2025;10137710;10;1;9/12/2025;9/12/2025;C25;4500115877;10;0223;1;MPITTIA;22/12/2025;31/1/2027;C25;8;5/10/2026;;;;;;;;;;03 Cert Mensual;En curso;Verde;C25
00223 Comp Amb Santa Fe;1000079178;10;ZPAN;03-SERV. MEDICO;;0;;;;PBASILIO;1029252;CONTROL DE AUSENTISMO X UN;12;8;12;0;4;5000191723;5/10/2026;Servicios;CUMPLIDO PARCIAL;OIME SANTA FE S.R.L.;MR01;31/1/2027;9/12/2025;10137711;10;1;9/12/2025;9/12/2025;C25;4500115893;10;0223;1;MPITTIA;22/12/2025;31/1/2027;C25;8;5/10/2026;;;;;;;;;;03 Cert Mensual;En curso;Verde;C25
00223 Comp Amb Santa Fe;1000079178;20;ZPAN;03-SERV. MEDICO;;0;;;;PBASILIO;1035274;MODULO AMBULATORIO Y/O TRAUMATOLOGICO;12;0;12;0;12;;;Servicios;ADJUDICADO;OIME SANTA FE S.R.L.;MR01;31/1/2027;9/12/2025;10137711;20;1;9/12/2025;9/12/2025;C25;4500115893;20;0223;1;MPITTIA;22/12/2025;31/1/2027;C25;0;;;;;;;;;;;03 Cert Mensual;En curso;;C25
00223 Comp Amb Santa Fe;1000079178;30;ZPAN;03-SERV. MEDICO;;0;;;;PBASILIO;1035274;MODULO DERMATOLOGICO;12;0;12;0;12;;;Servicios;ADJUDICADO;OIME SANTA FE S.R.L.;MR01;31/1/2027;9/12/2025;10137711;30;1;9/12/2025;9/12/2025;C25;4500115893;30;0223;1;MPITTIA;22/12/2025;31/1/2027;C25;0;;;;;;;;;;;03 Cert Mensual;En curso;;C25
00223 Comp Amb Santa Fe;1000079178;40;ZPAN;03-SERV. MEDICO;;0;;;;PBASILIO;1035274;MODULO OFTALMOLOGICO;12;0;12;0;12;;;Servicios;ADJUDICADO;OIME SANTA FE S.R.L.;MR01;31/1/2027;9/12/2025;10137711;40;1;9/12/2025;9/12/2025;C25;4500115893;40;0223;1;MPITTIA;22/12/2025;31/1/2027;C25;0;;;;;;;;;;;03 Cert Mensual;En curso;;C25
00223 Comp Amb Santa Fe;1000079178;50;ZPAN;03-SERV. MEDICO;;0;;;;PBASILIO;1035274;MODULO FISIOKINESIOTERAPIA / ESTUD COMP;12;0;12;0;12;;;Servicios;ADJUDICADO;OIME SANTA FE S.R.L.;MR01;31/1/2027;9/12/2025;10137711;50;1;9/12/2025;9/12/2025;C25;4500115893;50;0223;1;MPITTIA;22/12/2025;31/1/2027;C25;0;;;;;;;;;;;03 Cert Mensual;En curso;;C25
00223 Comp Amb Santa Fe;1000079185;10;ZPAN;03-SUBC. TOPOGRAFIA;;2;;;;PBASILIO;1027430;SERVICIO DE TOPOGRAFIA x MES;12;9;12;0;3;5000191727;5/10/2026;Servicios;CUMPLIDO PARCIAL;INGEAP S.A.S.;MR01;30/12/2026;9/12/2025;10137717;10;1;9/12/2025;9/12/2025;C26;4500115797;10;0223;1;AGONZALEZ;19/12/2025;30/12/2026;C26;9;5/10/2026;;;;;;;;;;03 Cert Mensual;En curso;Verde;C26
00223 Comp Amb Santa Fe;1000083447;10;ZPAN;03-SERV. VIGILANCIA;;2;;;;PBASILIO;1013146;SERVICIO DE VIGILANCIA DIURNA XHS;17520;10272;17520;0;7248;5000191716;5/10/2026;Servicios;CUMPLIDO PARCIAL;SEGURIDAD Y RESGUARDO SRL;MR01;28/2/2027;23/2/2026;10143586;10;1;23/2/2026;24/2/2026;C25;4500121657;10;0223;1;MPITTIA;5/3/2026;28/2/2027;C25;7;5/10/2026;;;;;;;;;;03 Cert Mensual;En curso;Verde;C25
00223 Comp Amb Santa Fe;1000083718;10;ZPAN;03-SERV. VIGILANCIA;;2;;;;PBASILIO;1013146;SERVICIO DE VIGILANCIA DIURNA XHS;4392;4392;4392;0;0;5000191720;5/10/2026;Servicios;CUMPLIDO;LACHER CRISTIAN JOSE RAMON;MR01;15/10/2026;26/2/2026;10144010;10;1;26/2/2026;27/2/2026;C25;4500122022;10;0223;1;MPITTIA;10/3/2026;1/10/2026;C25;6;5/10/2026;;;;;;;;;;03 Cert Mensual;En curso - Próximo a vencer;Verde;C25
00223 Comp Amb Santa Fe;1000084255;10;ZPAN;03-SERV. AGUA Y DISP;;0;;;;PBASILIO;1013137;ALQUILER DISPENSER FRIO CALOR XDIA;2520;1492;2520;0;1028;5000191718;5/10/2026;Servicios;CUMPLIDO PARCIAL;PAVONI FRANCO;MR01;31/12/2026;6/3/2026;10144718;10;1;6/3/2026;10/3/2026;C25;4500123669;10;0223;1;MPITTIA;30/3/2026;31/12/2026;C25;7;5/10/2026;;;;;;;;;;03 Cert Mensual;En curso;Verde;C25
00223 Comp Amb Santa Fe;1000084822;10;ZPAN;02-SERV. VIANDAS;;2;;;;PBASILIO;1013116;VIANDA ALMUERZO PUESTA EN OBRA XUN;5200;2980;5200;0;2220;5000191710;5/10/2026;Servicios;CUMPLIDO PARCIAL;PERES CARLOS DANIEL;MR01;31/1/2027;13/3/2026;10145410;10;1;13/3/2026;13/3/2026;C25;4500123945;10;0223;1;MPITTIA;1/4/2026;31/1/2027;C25;11;5/10/2026;;;;;;;;;;02 Cert Quincenal;En curso;Verde;C25
00223 Comp Amb Santa Fe;1000085000;10;ZPAN;03-SERV. HIGIENE Y S;;2;;;;PBASILIO;1025973;SS HIG. SEG. Y MEDIO AMB. XMES;12;7;12;0;5;5000191719;5/10/2026;Servicios;CUMPLIDO PARCIAL;VIDELA HECTOR GUILLERMO;MR01;28/2/2027;17/3/2026;10145594;10;1;17/3/2026;17/3/2026;C25;4500123316;10;0223;1;MPITTIA;25/3/2026;28/2/2027;C25;7;5/10/2026;;;;;;;;;;03 Cert Mensual;En curso;Verde;C25
00223 Comp Amb Santa Fe;1000088500;10;ZPAN;03-SERV. MEDICO;;2;;;;PBASILIO;1027345;SERVICIO MEDICO X MES;12;5;12;0;7;5000191726;5/10/2026;Servicios;CUMPLIDO PARCIAL;UNIDEM S.A.;MR01;5/6/2027;15/5/2026;10150313;10;1;15/5/2026;18/5/2026;C25;4500128322;10;0223;1;MPITTIA;21/5/2026;5/6/2027;C25;5;5/10/2026;;;;;;;;;;03 Cert Mensual;En curso;Verde;C25
00223 Comp Amb Santa Fe;1000093446;10;ZPAN;03-SERV. RECOLECCION;;2;;;;PBASILIO;1022297;SERV. LIMPIEZA MAT. VOLADO, JARDINERIA;500;174,31;500;0;325,69;5000191713;5/10/2026;Servicios;CUMPLIDO PARCIAL;ASOCIACION DIGNIDAD Y VIDA SANA;MR01;5/12/2026;11/8/2026;10157100;10;1;11/8/2026;11/8/2026;C25;4500136687;10;0223;1;MPITTIA;26/8/2026;5/12/2026;C25;2;5/10/2026;;;;;;;;;;03 Cert Mensual;En curso;Verde;C25
00223 Comp Amb Santa Fe;1000095170;10;ZPAN;03-SERV. VIGILANCIA;;2;;;;PBASILIO;1013146;SERVICIO DE VIGILANCIA DIURNA XHS;744;0;744;0;744;;;Servicios;ADJUDICADO;LACHER CRISTIAN JOSE RAMON;MR01;6/11/2026;9/9/2026;10159818;10;1;9/9/2026;9/9/2026;C25;4500138494;10;0223;1;MPITTIA;14/9/2026;6/11/2026;C25;0;;;;;;;;;;;03 Cert Mensual;En curso - Próximo a vencer;;C25
00223 Comp Amb Santa Fe;1000095172;10;ZPAN;03-SERV. BAÑO QUIMIC;;2;;;;PBASILIO;1026246;ALQUILER BANO QUIMICO SIN LAVAMANOS XMES;1;0;1;0;1;;;Servicios;ADJUDICADO;BAXPA S.A.;MR01;6/11/2026;9/9/2026;10159821;10;1;9/9/2026;9/9/2026;C25;4500139130;10;0223;1;MPITTIA;22/9/2026;6/11/2026;C25;0;;;;;;;;;;;03 Cert Mensual;En curso - Próximo a vencer;;C25
00223 Comp Amb Santa Fe;1000095465;10;ZPAN;03-SUBC. TOPOGRAFIA;;2;;;;PBASILIO;1027430;SERVICIO DE TOPOGRAFIA x MES;1;0;1;0;1;;;Servicios;ADJUDICADO;ENGLER WALTER;MR01;9/11/2026;14/9/2026;10160252;10;1;14/9/2026;14/9/2026;C26;4500138591;10;0223;1;YCOLMAN;15/9/2026;9/11/2026;C26;0;;;;;;;;;;;03 Cert Mensual;En curso - Próximo a vencer;;C26
00223 Comp Amb Santa Fe;1000096439;10;ZPAN;04-Recarga matafuego;;0;;;;PBASILIO;1035994;RECARGA DE MATAFUEGOS ABC 1 KG;1;1;1;0;0;5000192137;8/10/2026;Servicios;CUMPLIDO;TECNOLIGHT SRL;MR01;22/10/2026;1/10/2026;10161678;10;1;1/10/2026;1/10/2026;C25;4500140398;10;0223;1;LHANCEVICH;7/10/2026;22/10/2026;C25;1;8/10/2026;;;;;;;;;;04 Cert a Demanda;En curso - Próximo a vencer;;C25
00223 Comp Amb Santa Fe;1000096439;20;ZPAN;04-Recarga matafuego;;0;;;;PBASILIO;1013042;RECARGA DE MATAFUEGO 5KG;2;2;2;0;0;5000192137;8/10/2026;Servicios;CUMPLIDO;TECNOLIGHT SRL;MR01;22/10/2026;1/10/2026;10161678;20;1;1/10/2026;1/10/2026;C25;4500140398;20;0223;1;LHANCEVICH;7/10/2026;22/10/2026;C25;1;8/10/2026;;;;;;;;;;04 Cert a Demanda;En curso - Próximo a vencer;;C25
00223 Comp Amb Santa Fe;1000096439;30;ZPAN;04-Recarga matafuego;;0;;;;PBASILIO;1013043;RECARGA DE MATAFUEGO - ADICIONALES;3;3;3;0;0;5000192137;8/10/2026;Servicios;CUMPLIDO;TECNOLIGHT SRL;MR01;22/10/2026;1/10/2026;10161678;30;1;1/10/2026;1/10/2026;C25;4500140398;30;0223;1;LHANCEVICH;7/10/2026;22/10/2026;C25;1;8/10/2026;;;;;;;;;;04 Cert a Demanda;En curso - Próximo a vencer;;C25
00223 Comp Amb Santa Fe;1000096439;40;ZPAN;04-Recarga matafuego;;0;;;;PBASILIO;1013043;RECARGA DE MATAFUEGO - ADICIONALES;7;7;7;0;0;5000192137;8/10/2026;Servicios;CUMPLIDO;TECNOLIGHT SRL;MR01;22/10/2026;1/10/2026;10161678;40;1;1/10/2026;1/10/2026;C25;4500140398;40;0223;1;LHANCEVICH;7/10/2026;22/10/2026;C25;1;8/10/2026;;;;;;;;;;04 Cert a Demanda;En curso - Próximo a vencer;;C25
00223 Comp Amb Santa Fe;1000096439;50;ZPAN;04-Recarga matafuego;;0;;;;PBASILIO;1013039;RECARGA DE MATAFUEGO 10KG;1;1;1;0;0;5000192137;8/10/2026;Servicios;CUMPLIDO;TECNOLIGHT SRL;MR01;22/10/2026;1/10/2026;10161678;50;1;1/10/2026;1/10/2026;C25;4500140398;50;0223;1;LHANCEVICH;7/10/2026;22/10/2026;C25;1;8/10/2026;;;;;;;;;;04 Cert a Demanda;En curso - Próximo a vencer;;C25
00223 Comp Amb Santa Fe;1000096439;60;ZPAN;04-Recarga matafuego;;0;;;;PBASILIO;1015816;LOGO VELOCIDAD MAXIMA 110 X UN;2;2;2;0;0;5000192137;8/10/2026;Materiales Stock S/Devol;CUMPLIDO;TECNOLIGHT SRL;MR01;22/10/2026;1/10/2026;10161678;60;1;1/10/2026;1/10/2026;C25;4500140398;60;0223;1;LHANCEVICH;7/10/2026;22/10/2026;C25;1;8/10/2026;;;;;;;;;;04 Cert a Demanda;En curso - Próximo a vencer;;C25
00223 Comp Amb Santa Fe;1000096554;10;ZPAN;04-Servicio gomeria;;2;;;;PBASILIO;1034203;SERVICIO DE GOMERIA;1;1;1;0;0;5000191877;6/10/2026;Servicios;CUMPLIDO;FELIX IGNACIO JUAREZ;MR01;26/10/2026;5/10/2026;10161856;10;1;5/10/2026;5/10/2026;EFO;4500140297;10;0223;1;OBANEGA;6/10/2026;26/10/2026;EFO;1;6/10/2026;;;;;;;;;;04 Cert a Demanda;En curso - Próximo a vencer;;EFO
00223 Comp Amb Santa Fe;1000096554;20;ZPAN;04-Servicio gomeria;;2;;;;PBASILIO;1034203;SERVICIO DE GOMERIA;1;1;1;0;0;5000191877;6/10/2026;Servicios;CUMPLIDO;FELIX IGNACIO JUAREZ;MR01;26/10/2026;5/10/2026;10161856;20;1;5/10/2026;5/10/2026;EFO;4500140297;20;0223;1;OBANEGA;6/10/2026;26/10/2026;EFO;1;6/10/2026;;;;;;;;;;04 Cert a Demanda;En curso - Próximo a vencer;;EFO
00223 Comp Amb Santa Fe;1000096554;30;ZPAN;04-Servicio gomeria;;2;;;;PBASILIO;1034203;SERVICIO DE GOMERIA;1;1;1;0;0;5000191877;6/10/2026;Servicios;CUMPLIDO;FELIX IGNACIO JUAREZ;MR01;26/10/2026;5/10/2026;10161856;30;1;5/10/2026;5/10/2026;EFO;4500140297;30;0223;1;OBANEGA;6/10/2026;26/10/2026;EFO;1;6/10/2026;;;;;;;;;;04 Cert a Demanda;En curso - Próximo a vencer;;EFO
00223 Comp Amb Santa Fe;1000096554;40;ZPAN;04-Servicio gomeria;;2;;;;PBASILIO;1034203;SERVICIO DE GOMERIA;1;1;1;0;0;5000191877;6/10/2026;Servicios;CUMPLIDO;FELIX IGNACIO JUAREZ;MR01;26/10/2026;5/10/2026;10161856;40;1;5/10/2026;5/10/2026;EFO;4500140297;40;0223;1;OBANEGA;6/10/2026;26/10/2026;EFO;1;6/10/2026;;;;;;;;;;04 Cert a Demanda;En curso - Próximo a vencer;;EFO
00223 Comp Amb Santa Fe;1000096554;50;ZPAN;04-Servicio gomeria;;2;;;;PBASILIO;1034203;SERVICIO DE GOMERIA;1;1;1;0;0;5000191877;6/10/2026;Servicios;CUMPLIDO;FELIX IGNACIO JUAREZ;MR01;26/10/2026;5/10/2026;10161856;50;1;5/10/2026;5/10/2026;EFO;4500140297;50;0223;1;OBANEGA;6/10/2026;26/10/2026;EFO;1;6/10/2026;;;;;;;;;;04 Cert a Demanda;En curso - Próximo a vencer;;EFO
00223 Comp Amb Santa Fe;1000096554;60;ZPAN;04-Servicio gomeria;;2;;;;PBASILIO;1034203;SERVICIO DE GOMERIA;1;1;1;0;0;5000191877;6/10/2026;Servicios;CUMPLIDO;FELIX IGNACIO JUAREZ;MR01;26/10/2026;5/10/2026;10161856;60;1;5/10/2026;5/10/2026;EFO;4500140297;60;0223;1;OBANEGA;6/10/2026;26/10/2026;EFO;1;6/10/2026;;;;;;;;;;04 Cert a Demanda;En curso - Próximo a vencer;;EFO
00223 Comp Amb Santa Fe;1000096554;70;ZPAN;04-Servicio gomeria;;2;;;;PBASILIO;1034203;SERVICIO DE GOMERIA;1;1;1;0;0;5000191877;6/10/2026;Servicios;CUMPLIDO;FELIX IGNACIO JUAREZ;MR01;26/10/2026;5/10/2026;10161856;70;1;5/10/2026;5/10/2026;EFO;4500140297;70;0223;1;OBANEGA;6/10/2026;26/10/2026;EFO;1;6/10/2026;;;;;;;;;;04 Cert a Demanda;En curso - Próximo a vencer;;EFO
00223 Comp Amb Santa Fe;1000096554;80;ZPAN;04-Servicio gomeria;;2;;;;PBASILIO;1034203;SERVICIO DE GOMERIA;1;1;1;0;0;5000191877;6/10/2026;Servicios;CUMPLIDO;FELIX IGNACIO JUAREZ;MR01;26/10/2026;5/10/2026;10161856;80;1;5/10/2026;5/10/2026;EFO;4500140297;80;0223;1;OBANEGA;6/10/2026;26/10/2026;EFO;1;6/10/2026;;;;;;;;;;04 Cert a Demanda;En curso - Próximo a vencer;;EFO
00223 Comp Amb Santa Fe;1000096554;90;ZPAN;04-Servicio gomeria;;2;;;;PBASILIO;1034203;SERVICIO DE GOMERIA;1;1;1;0;0;5000191877;6/10/2026;Servicios;CUMPLIDO;FELIX IGNACIO JUAREZ;MR01;26/10/2026;5/10/2026;10161856;90;1;5/10/2026;5/10/2026;EFO;4500140297;90;0223;1;OBANEGA;6/10/2026;26/10/2026;EFO;1;6/10/2026;;;;;;;;;;04 Cert a Demanda;En curso - Próximo a vencer;;EFO
00223 Comp Amb Santa Fe;1000096554;100;ZPAN;04-Servicio gomeria;;2;;;;PBASILIO;1034203;SERVICIO DE GOMERIA;1;1;1;0;0;5000191877;6/10/2026;Servicios;CUMPLIDO;FELIX IGNACIO JUAREZ;MR01;26/10/2026;5/10/2026;10161856;100;1;5/10/2026;5/10/2026;EFO;4500140297;100;0223;1;OBANEGA;6/10/2026;26/10/2026;EFO;1;6/10/2026;;;;;;;;;;04 Cert a Demanda;En curso - Próximo a vencer;;EFO
00223 Comp Amb Santa Fe;1000096554;110;ZPAN;04-Servicio gomeria;;2;;;;PBASILIO;1034203;SERVICIO DE GOMERIA;1;1;1;0;0;5000191877;6/10/2026;Servicios;CUMPLIDO;FELIX IGNACIO JUAREZ;MR01;26/10/2026;5/10/2026;10161856;110;1;5/10/2026;5/10/2026;EFO;4500140297;110;0223;1;OBANEGA;6/10/2026;26/10/2026;EFO;1;6/10/2026;;;;;;;;;;04 Cert a Demanda;En curso - Próximo a vencer;;EFO
00223 Comp Amb Santa Fe;1000096554;120;ZPAN;04-Servicio gomeria;;2;;;;PBASILIO;1034203;SERVICIO DE GOMERIA;1;1;1;0;0;5000191877;6/10/2026;Servicios;CUMPLIDO;FELIX IGNACIO JUAREZ;MR01;26/10/2026;5/10/2026;10161856;120;1;5/10/2026;5/10/2026;EFO;4500140297;120;0223;1;OBANEGA;6/10/2026;26/10/2026;EFO;1;6/10/2026;;;;;;;;;;04 Cert a Demanda;En curso - Próximo a vencer;;EFO
00223 Comp Amb Santa Fe;1000096554;130;ZPAN;04-Servicio gomeria;;2;;;;PBASILIO;1034203;SERVICIO DE GOMERIA;1;1;1;0;0;5000191877;6/10/2026;Servicios;CUMPLIDO;FELIX IGNACIO JUAREZ;MR01;26/10/2026;5/10/2026;10161856;130;1;5/10/2026;5/10/2026;EFO;4500140297;130;0223;1;OBANEGA;6/10/2026;26/10/2026;EFO;1;6/10/2026;;;;;;;;;;04 Cert a Demanda;En curso - Próximo a vencer;;EFO
00223 Comp Amb Santa Fe;1000096554;140;ZPAN;04-Servicio gomeria;;2;;;;PBASILIO;1034203;SERVICIO DE GOMERIA;1;1;1;0;0;5000191877;6/10/2026;Servicios;CUMPLIDO;FELIX IGNACIO JUAREZ;MR01;26/10/2026;5/10/2026;10161856;140;1;5/10/2026;5/10/2026;EFO;4500140297;140;0223;1;OBANEGA;6/10/2026;26/10/2026;EFO;1;6/10/2026;;;;;;;;;;04 Cert a Demanda;En curso - Próximo a vencer;;EFO
00223 Comp Amb Santa Fe;1000096554;150;ZPAN;04-Servicio gomeria;;2;;;;PBASILIO;1034203;SERVICIO DE GOMERIA;1;1;1;0;0;5000191877;6/10/2026;Servicios;CUMPLIDO;FELIX IGNACIO JUAREZ;MR01;26/10/2026;5/10/2026;10161856;150;1;5/10/2026;5/10/2026;EFO;4500140297;150;0223;1;OBANEGA;6/10/2026;26/10/2026;EFO;1;6/10/2026;;;;;;;;;;04 Cert a Demanda;En curso - Próximo a vencer;;EFO
00223 Comp Amb Santa Fe;1000096564;10;ZPAN;04-Adicional GB inte;;2;;;;PBASILIO;1013142;ADICIONAL 500GB KIT401847981KU;1;0;0;1;0;;;Servicios;SIN TRATAMIENTO;;MR01;26/10/2026;5/10/2026;10161870;10;1;5/10/2026;5/10/2026;C25;;0;;0;;;;;0;;;;;;;;;;;04 Cert a Demanda;En curso - Próximo a vencer;;C25
00223 Comp Amb Santa Fe;1000096768;10;ZPAN;Analisis efluentes;;2;;;;PBASILIO;1035428;SERVICIO DE LABORATORIO;1;0;0;1;0;;;Servicios;SIN TRATAMIENTO;;MR01;29/10/2026;8/10/2026;10162217;10;1;8/10/2026;8/10/2026;C26;;0;;0;;;;;0;;;;;;;;;;;Sin aclaración;En curso - Próximo a vencer;;C26
00223 Comp Amb Santa Fe;1000096768;20;ZPAN;Analisis efluentes;;2;;;;PBASILIO;1035428;SERVICIO DE LABORATORIO;1;0;0;1;0;;;Servicios;SIN TRATAMIENTO;;MR01;29/10/2026;8/10/2026;10162217;20;1;8/10/2026;8/10/2026;C26;;0;;0;;;;;0;;;;;;;;;;;Sin aclaración;En curso - Próximo a vencer;;C26
00314 CASA Olavarría;1000054663;10;ZPAN;02 - TRANSPORTE PERS;;0;;;;BDEGENHART;1013113;TRANSPORTE DE PERSONAL COMBI OLA-OBRA;4610;4520;4610;0;90;5000191333;2/10/2026;Servicios;CUMPLIDO PARCIAL;GANGAS REYES MARCELO DAVID;MM01;31/10/2026;24/9/2024;10106373;10;1;24/9/2024;24/9/2024;C25;4500085234;10;0026;1;MPITTIA;4/10/2024;31/10/2026;C25;46;2/10/2026;;;;;;;;;;02 Cert Quincenal;En curso - Próximo a vencer;Verde;C25
00314 CASA Olavarría;1000054663;20;ZPAN;02 - TRANSPORTE PERS;;0;;;;BDEGENHART;1013113;TRANSPORTE DE PERSONAL COMBI CENTRAL;1160;951;1160;0;209;5000191333;2/10/2026;Servicios;CUMPLIDO PARCIAL;GANGAS REYES MARCELO DAVID;MM01;31/10/2026;24/9/2024;10106373;20;1;24/9/2024;24/9/2024;C25;4500085234;20;0026;1;MPITTIA;4/10/2024;31/10/2026;C25;46;2/10/2026;;;;;;;;;;02 Cert Quincenal;En curso - Próximo a vencer;Verde;C25
00314 CASA Olavarría;1000054663;30;ZPAN;02 - TRANSPORTE PERS;;0;;;;BDEGENHART;1013113;TRANSPORTE DE PERSONAL COMBI Z. SERRANA;2310;2248;2310;0;62;5000191333;2/10/2026;Servicios;CUMPLIDO PARCIAL;GANGAS REYES MARCELO DAVID;MM01;31/10/2026;24/9/2024;10106373;30;1;24/9/2024;24/9/2024;C25;4500085234;30;0026;1;MPITTIA;4/10/2024;31/10/2026;C25;46;2/10/2026;;;;;;;;;;02 Cert Quincenal;En curso - Próximo a vencer;Verde;C25
00314 CASA Olavarría;1000054663;40;ZPAN;02 - TRANSPORTE PERS;;0;;;;BDEGENHART;1013113;TRANSPORTE DE PERSONAL COMBI LOMA N-OBRA;1160;1160;1160;0;0;5000166056;19/3/2026;Servicios;CUMPLIDO;GANGAS REYES MARCELO DAVID;MM01;31/10/2026;24/9/2024;10106373;40;1;24/9/2024;24/9/2024;C25;4500085234;40;0026;1;MPITTIA;4/10/2024;31/10/2026;C25;33;19/3/2026;;;;;;;;;;02 Cert Quincenal;En curso - Próximo a vencer;Rojo;C25
00314 CASA Olavarría;1000054663;50;ZPAN;02 - TRANSPORTE PERS;;0;;;;BDEGENHART;1013113;TRANSPORTE DE PERSONAL REMIS LOMA N-OBRA;2310;1277;2310;0;1033;5000191328;2/10/2026;Servicios;CUMPLIDO PARCIAL;GANGAS REYES MARCELO DAVID;MM01;31/10/2026;24/9/2024;10106373;50;1;24/9/2024;24/9/2024;C25;4500085665;10;0026;2;MPITTIA;14/10/2024;31/10/2026;C25;47;2/10/2026;;;;;;;;;;02 Cert Quincenal;En curso - Próximo a vencer;Verde;C25
00314 CASA Olavarría;1000060707;20;ZPAN;03 - DISPENSER DE AG;;0;10;4;9/6/2026;BDEGENHART;1013138;SERVICIO BOTELLON DE 20 LTS XUN;2300;1908;1908;392;392;5000171071;29/4/2026;Servicios;CUMPLIDO;CRIMALDI BRUNO;MM01;31/1/2026;22/1/2025;10113983;20;1;22/1/2025;22/1/2025;C25;4500093045;20;0026;1;MPITTIA;7/2/2025;31/1/2026;C25;20;29/4/2026;;;;;;;;;;03 Cert Mensual;Vencido con cant pendiente a recep;;C25
00314 CASA Olavarría;1000067300;10;ZPAN;ZPI 4-5469 Control d;;0;;;;BDEGENHART;1013139;SS CONTROL DE PLAGAS XUN;12;12;12;0;0;5000191039;30/9/2026;Servicios;CUMPLIDO;CARDOSO JOSE DANIEL;MM01;30/10/2026;22/5/2025;10122035;10;1;22/5/2025;23/5/2025;C25;4500101570;10;0026;1;MPITTIA;17/6/2025;30/10/2026;C25;12;30/9/2026;;;;;;;;;;Sin aclaración;En curso - Próximo a vencer;;C25
00314 CASA Olavarría;1000077602;10;ZPAN;VIANDA - MERIENDA Y;;0;;;;DBENITEZ;1013116;VIANDA ALMUERZO PUESTA EN OBRA XUN;8000;3754;8000;0;4246;5000191323;2/10/2026;Servicios;CUMPLIDO PARCIAL;HOJMAN JORGE ALFREDO;MM01;2/12/2026;12/11/2025;10135745;10;1;12/11/2025;18/11/2025;C25;4500114017;10;0026;1;MPITTIA;27/11/2025;2/12/2026;C25;19;2/10/2026;;;;;;;;;;Sin aclaración;En curso;;C25
00314 CASA Olavarría;1000077602;20;ZPAN;VIANDA - MERIENDA Y;;0;;;;DBENITEZ;1013120;VIANDA DESAYUNO XUN;18000;13552;18000;0;4448;5000191323;2/10/2026;Servicios;CUMPLIDO PARCIAL;HOJMAN JORGE ALFREDO;MM01;2/12/2026;12/11/2025;10135745;20;1;12/11/2025;18/11/2025;C25;4500114017;20;0026;1;MPITTIA;27/11/2025;2/12/2026;C25;23;2/10/2026;;;;;;;;;;Sin aclaración;En curso;;C25
00314 CASA Olavarría;1000077602;30;ZPAN;VIANDA - MERIENDA Y;;0;;;;DBENITEZ;1013122;VIANDA MERIENDA XUN;18000;10880;18000;0;7120;5000191323;2/10/2026;Servicios;CUMPLIDO PARCIAL;HOJMAN JORGE ALFREDO;MM01;2/12/2026;12/11/2025;10135745;30;1;12/11/2025;18/11/2025;C25;4500114017;30;0026;1;MPITTIA;27/11/2025;2/12/2026;C25;23;2/10/2026;;;;;;;;;;Sin aclaración;En curso;;C25
00314 CASA Olavarría;1000077711;10;ZPAN;Extencion OC tt Buen;;0;;;;DBENITEZ;1012981;SERVICIO FLETE BS AS - OLAVARRIA;5000000;4958053,24;5000000;0;41946,76;5000186107;27/8/2026;Servicios;CUMPLIDO PARCIAL;LOGISTICA VW S.A;MM01;30/12/2026;13/11/2025;10135911;10;1;13/11/2025;18/11/2025;C15;4500114063;10;0026;1;GDIAZ;27/11/2025;30/12/2026;C15;33;27/8/2026;;;;;;;;;;Sin aclaración;En curso;;C15
00314 CASA Olavarría;1000079042;10;ZPAN;03 - INTERNET;;0;;;;ANAVARRO;1034212;SERVICIO DE INTERNET STARLINK X MES;12;10;12;0;2;5000187790;8/9/2026;Servicios;CUMPLIDO PARCIAL;JAWIT S.A.;MM01;30/11/2026;4/12/2025;10137549;10;1;4/12/2025;5/12/2025;C25;4500115862;10;0026;1;MPITTIA;20/12/2025;30/11/2026;C25;10;8/9/2026;;;;;;;;;;03 Cert Mensual;En curso;Verde;C25
00314 CASA Olavarría;1000080960;10;ZPAN;Extencion OC 4500114;;0;;;;ANAVARRO;1012981;FLETE PAQUETERIA S DETALLE XUN;24000000;22701034;24000000;0;1298966;5000177033;16/6/2026;Servicios;CUMPLIDO PARCIAL;MP TRANSPORTES S.R.L.;MR01;31/12/2026;13/1/2026;10140245;10;1;13/1/2026;14/1/2026;C15;4500117971;10;0314;1;JPUPULIN;20/1/2026;30/12/2026;C15;5;16/6/2026;;;;;;;;;;Sin aclaración;En curso;;C15
00314 CASA Olavarría;1000081693;10;ZPAN;Extencion OC 4500103;;0;;;;ANAVARRO;1034203;SERVICIO DE GOMERIA;10000000;9552000;10000000;0;448000;5000185315;21/8/2026;Servicios;CUMPLIDO PARCIAL;ROJAS DIEGO HECTOR;MM01;30/9/2026;26/1/2026;10141318;10;1;26/1/2026;26/1/2026;C04;4500118648;10;0026;1;GROSES;28/1/2026;30/10/2026;C04;9;21/8/2026;;;;;;;;;;Sin aclaración;Vencido con cant pendiente a recep;;C04
00314 CASA Olavarría;1000082731;10;ZPAN;SERVICIO GPS;;0;;;;ANAVARRO;1025940;SERVICIO DE RASTREO SATELITAL VEHICUL XU;75;0;75;0;75;;;Servicios;ADJUDICADO;VIDEOLOCALIZA S.A.S.;MM01;11/11/2026;10/2/2026;10142650;10;1;10/2/2026;10/2/2026;C04;4500121473;10;0026;1;DMORAN;4/3/2026;11/11/2026;C04;0;;;;;;;;;;;Sin aclaración;En curso - Próximo a vencer;;C04
00314 CASA Olavarría;1000084403;10;ZPAN;SRVICIO RSV;;0;;;;ANAVARRO;1054188;CAMARA ORBCOM FM5610;19;19;19;0;0;5000173720;20/5/2026;Materiales Stock;CUMPLIDO;AC SAT S.R.L.;MM01;30/3/2028;9/3/2026;10144906;10;1;9/3/2026;9/3/2026;C04;4500126945;10;0026;2;EFUNES;6/5/2026;30/3/2028;C04;5;20/5/2026;;;;;;;;;;Sin aclaración;En curso - Total recepcionado;;C04
00314 CASA Olavarría;1000084403;20;ZPAN;SRVICIO RSV;;0;;;;ANAVARRO;1054190;MONTAJE CAMARA ORBCOM;19;19;19;0;0;5000173720;20/5/2026;Materiales Stock;CUMPLIDO;AC SAT S.R.L.;MM01;30/3/2028;9/3/2026;10144906;20;1;9/3/2026;9/3/2026;C04;4500126945;20;0026;2;EFUNES;6/5/2026;30/3/2028;C04;5;20/5/2026;;;;;;;;;;Sin aclaración;En curso - Total recepcionado;;C04
00314 CASA Olavarría;1000084403;30;ZPAN;SRVICIO RSV;;0;;;;ANAVARRO;1054191;SERVICIO SOFWARE RSV FM6510;456;114;456;0;342;5000191871;6/10/2026;Materiales Stock;RECEPCIONADO PARCIAL;AC SAT S.R.L.;MM01;30/3/2028;9/3/2026;10144906;30;1;9/3/2026;9/3/2026;C04;4500126945;30;0026;2;EFUNES;6/5/2026;30/3/2028;C04;6;6/10/2026;;;;;;;;;;Sin aclaración;En curso;;C04
00314 CASA Olavarría;1000085133;10;ZPAN;Extencion OC 4500085;;0;10;4;7/4/2026;ANAVARRO;1013113;TRANSPORTE DE PERSONAL COMBI LOMA N-OBRA;192;0;0;192;192;;;Servicios;CUMPLIDO;;MM01;13/9/2026;19/3/2026;10145794;10;1;19/3/2026;19/3/2026;C25;;0;;1;;;;;0;;;;;;;;;;;Sin aclaración;Vencido con cant pendiente a recep;;C25
00314 CASA Olavarría;1000085419;10;ZPAN;03 - DISPENSER DE AG;;0;;;;ANAVARRO;1025992;ALQUILER DISPENSER FRIO CALOR x MES;160;116;160;0;44;5000191042;30/9/2026;Servicios;CUMPLIDO PARCIAL;CRIMALDI BRUNO;MM01;31/12/2026;25/3/2026;10146181;10;1;25/3/2026;30/3/2026;C25;4500124266;10;0026;1;MPITTIA;7/4/2026;31/12/2026;C25;8;30/9/2026;;;;;;;;;;03 Cert Mensual;En curso;Verde;C25
00314 CASA Olavarría;1000085419;20;ZPAN;03 - DISPENSER DE AG;;0;;;;ANAVARRO;1013138;SERVICIO BOTELLON DE 20 LTS XUN;1600;881;1600;0;719;5000191042;30/9/2026;Servicios;CUMPLIDO PARCIAL;CRIMALDI BRUNO;MM01;31/12/2026;25/3/2026;10146181;20;1;25/3/2026;30/3/2026;C25;4500124266;20;0026;1;MPITTIA;7/4/2026;31/12/2026;C25;8;30/9/2026;;;;;;;;;;03 Cert Mensual;En curso;Verde;C25
00314 CASA Olavarría;1000086010;10;ZPAN;03 - CABLE;;0;;;;ANAVARRO;1022295;SERVICIO DE DIRECTV XMES;12;7;12;0;5;5000191040;30/9/2026;Servicios;CUMPLIDO PARCIAL;DIRECTV ARGENTINA S.A.;MR01;24/4/2027;6/4/2026;10146908;10;1;6/4/2026;7/4/2026;C25;4500124865;10;0314;1;MPITTIA;13/4/2026;24/4/2027;C25;7;30/9/2026;;;;;;;;;;03 Cert Mensual;En curso;Verde;C25
00314 CASA Olavarría;1000087382;10;ZPAN;POLIZA TANQUE;;0;;;;NLAFORNARO;1012967;POLIZA 285379 ENDOSO 9;1;1;1;0;0;5000172267;8/5/2026;Servicios;CUMPLIDO;FEDERACION PATRONAL SEG. S.A.;MR01;28/4/2027;28/4/2026;10148753;10;1;28/4/2026;28/4/2026;C16;4500127131;10;0314;1;LSORRENTINO;8/5/2026;28/4/2027;C16;1;8/5/2026;;;;;;;;;;Sin aclaración;En curso - Total recepcionado;;C16
00314 CASA Olavarría;1000088680;10;ZPAN;02 - TRANSPORTE PERS;;0;;;;ANAVARRO;1013113;TRANSPORTE DE PERSONAL XVIAJE;1200;457;1200;0;743;5000191325;2/10/2026;Servicios;CUMPLIDO PARCIAL;GANGAS REYES MARCELO DAVID;MM01;31/12/2026;19/5/2026;10150541;10;1;19/5/2026;20/5/2026;C25;4500129709;10;0026;1;MPITTIA;9/6/2026;31/12/2026;C25;9;2/10/2026;;;;;;;;;;02 Cert Quincenal;En curso;Verde;C25
00314 CASA Olavarría;1000089607;10;ZPAN;EXTENCION OC 4500121;;0;;;;ANAVARRO;1013113;TRANSPORTE DE PERSONAL X VIAJE;1200;458;1200;0;742;5000191331;2/10/2026;Servicios;CUMPLIDO PARCIAL;GANGAS REYES MARCELO DAVID;MM01;31/12/2026;3/6/2026;10151682;10;1;3/6/2026;8/6/2026;C25;4500130316;10;0026;1;MPITTIA;16/6/2026;31/12/2026;C25;9;2/10/2026;;;;;;;;;;Sin aclaración;En curso;;C25
00314 CASA Olavarría;1000089943;10;ZPAN;03 - RETIRO RESIDUOS;;0;;;;ANAVARRO;1022295;RECOLECCION DE RESIDUOS RSU XUN;48;8;48;0;40;5000191855;6/10/2026;Servicios;CUMPLIDO PARCIAL;TRANSPORTE MALVINAS SRL;MM01;31/5/2027;10/6/2026;10152115;10;1;10/6/2026;11/6/2026;C25;4500130343;10;0026;2;MPITTIA;17/6/2026;31/5/2027;C25;4;6/10/2026;;;;;;;;;;03 Cert Mensual;En curso;Verde;C25
00314 CASA Olavarría;1000089943;20;ZPAN;03 - RETIRO RESIDUOS;;0;;;;ANAVARRO;1022295;TASAS MUNICIPALES;1200000;214279;1200000;0;985721;5000191855;6/10/2026;Servicios;CUMPLIDO PARCIAL;TRANSPORTE MALVINAS SRL;MM01;31/5/2027;10/6/2026;10152115;20;1;10/6/2026;11/6/2026;C25;4500130343;20;0026;2;MPITTIA;17/6/2026;31/5/2027;C25;4;6/10/2026;;;;;;;;;;03 Cert Mensual;En curso;Verde;C25
00314 CASA Olavarría;1000090299;10;ZPAN;CAPACITACION EN OBRA;;0;;;;ANAVARRO;1022313;CAPACITACION CORPORATIVA x U;2;2;2;0;0;5000191959;7/10/2026;Servicios;CUMPLIDO;ARCANGEL PREVENCION DIGITAL SRL;MM01;31/10/2026;16/6/2026;10152491;10;1;16/6/2026;17/6/2026;C24;4500131716;10;0026;1;MPITTIA;1/7/2026;31/10/2026;C24;1;7/10/2026;;;;;;;;;;Sin aclaración;En curso - Próximo a vencer;;C24
00314 CASA Olavarría;1000090350;10;ZPAN;SERVICIO DE FLETE/PA;;0;;;;ANAVARRO;1012981;FLETE PAQUETERIA S DETALLE XUN;24000000;19581361;24000000;0;4418639;5000192159;8/10/2026;Servicios;CUMPLIDO PARCIAL;MP TRANSPORTES S.R.L.;MM01;31/12/2026;16/6/2026;10152550;10;1;16/6/2026;17/6/2026;C15;4500132438;10;0026;1;GDIAZ;10/7/2026;31/12/2026;C15;4;8/10/2026;;;;;;;;;;Sin aclaración;En curso;;C15
00314 CASA Olavarría;1000090888;10;ZPAN;ZPIN 4000006728 - SE;;0;;;;ANAVARRO;1034203;SERVICIO DE GOMERIA;5000000;0;5000000;0;5000000;;;Servicios;ADJUDICADO;BUSTAMANTE CARLOS ALBERTO;MM01;31/12/2026;26/6/2026;10153349;10;1;26/6/2026;29/6/2026;C25;4500132031;10;0026;1;MPITTIA;6/7/2026;31/12/2026;C25;0;;;;;;;;;;;Sin aclaración;En curso;;C25
00314 CASA Olavarría;1000091115;10;ZPAN;AFILADO DE BROCAS;;0;;;;ANAVARRO;1033687;AFILADO DE BROCA;2000;794;2000;0;1206;5000191049;30/9/2026;Servicios;CUMPLIDO PARCIAL;MARINA SOLEDAD SAENZ;MM01;31/12/2026;1/7/2026;10153642;10;1;1/7/2026;2/7/2026;C03;4500132178;10;0026;1;EFUNES;7/7/2026;31/12/2026;C03;6;30/9/2026;;;;;;;;;;Sin aclaración;En curso;;C03
00314 CASA Olavarría;1000091438;10;ZPAN;03 - TOPOGRAFIA;;0;;;;ANAVARRO;1027430;SERVICIO DE TOPOGRAFIA - VUELO CABAÑITAS;12;3;12;0;9;5000191041;30/9/2026;Servicios;CUMPLIDO PARCIAL;DOMINGUEZ ELIAS IVAN;MM01;28/7/2027;7/7/2026;10154048;40;1;13/7/2026;14/7/2026;C26;4500132661;30;0026;1;YCOLMAN;14/7/2026;28/7/2027;C26;3;30/9/2026;;;;;;;;;;03 Cert Mensual;En curso;Verde;C26
00314 CASA Olavarría;1000091438;20;ZPAN;03 - TOPOGRAFIA;;0;;;;ANAVARRO;1027430;SERVICIO DE TOPOGRAFIA - VUELO PROVIDENC;12;3;12;0;9;5000191041;30/9/2026;Servicios;CUMPLIDO PARCIAL;DOMINGUEZ ELIAS IVAN;MM01;28/7/2027;7/7/2026;10154048;20;1;7/7/2026;7/7/2026;C26;4500132661;10;0026;1;YCOLMAN;14/7/2026;28/7/2027;C26;3;30/9/2026;;;;;;;;;;03 Cert Mensual;En curso;Verde;C26
00314 CASA Olavarría;1000091438;30;ZPAN;03 - TOPOGRAFIA;;0;;;;ANAVARRO;1027430;SERVICIO DE TOPOGRAFIA - VUELO GRANITO;12;3;12;0;9;5000191041;30/9/2026;Servicios;CUMPLIDO PARCIAL;DOMINGUEZ ELIAS IVAN;MM01;28/7/2027;7/7/2026;10154048;30;1;7/7/2026;7/7/2026;C26;4500132661;20;0026;1;YCOLMAN;14/7/2026;28/7/2027;C26;3;30/9/2026;;;;;;;;;;03 Cert Mensual;En curso;Verde;C26
00314 CASA Olavarría;1000091442;10;ZPAN;EXTENCION OC 4500125;;0;;;;ANAVARRO;1022295;LICENCIAS DE USUARIO SOBEREYE;90;84;90;0;6;5000191044;30/9/2026;Servicios;CUMPLIDO PARCIAL;SAVE TRACK S.A.;MM01;31/10/2026;7/7/2026;10154052;10;1;7/7/2026;8/7/2026;C25;4500132459;10;0026;1;ALOPEZ;10/7/2026;31/10/2026;C25;3;30/9/2026;;;;;;;;;;Sin aclaración;En curso - Próximo a vencer;;C25
00314 CASA Olavarría;1000093279;10;ZPAN;EXTENCION OC 4500118;;0;;;;ANAVARRO;1034203;SERVICIO DE GOMERIA;10000000;0;10000000;0;10000000;;;Servicios;ADJUDICADO;ROJAS DIEGO HECTOR;MM01;31/12/2026;7/8/2026;10156821;10;1;7/8/2026;7/8/2026;C04;4500136276;10;0026;1;OBANEGA;21/8/2026;31/12/2026;C04;0;;;;;;;;;;;Sin aclaración;En curso;;C04
00314 CASA Olavarría;1000093280;10;ZPAN;EXTENCION OC 4500114;;0;;;;ANAVARRO;1012981;SERVICIO FLETE BS AS - OLAVARRIA;5000000;0;5000000;0;5000000;;;Servicios;ADJUDICADO;LOGISTICA VW S.A;MM01;1/5/2027;7/8/2026;10156825;10;1;7/8/2026;7/8/2026;C15;4500137427;10;0026;1;GDIAZ;2/9/2026;1/5/2027;C15;0;;;;;;;;;;;Sin aclaración;En curso;;C15
00314 CASA Olavarría;1000095316;10;ZPAN;03 - INTERNET;;0;;;;ANAVARRO;1034212;SERVICIO DE INTERNET STARLINK X MES;12;0;12;0;12;;;Servicios;ADJUDICADO;JAWIT S.A.;MM01;30/9/2027;11/9/2026;10160053;10;1;11/9/2026;14/9/2026;C25;4500139292;10;0026;1;MPITTIA;23/9/2026;30/9/2027;C25;0;;;;;;;;;;;03 Cert Mensual;En curso;;C25
00314 CASA Olavarría;1000096346;10;ZPAN;pedido Control de pl;;0;;;;ANAVARRO;1013139;SS CONTROL DE PLAGAS XUN;12;0;0;12;0;;;Servicios;SIN TRATAMIENTO;;MM01;30/9/2027;30/9/2026;10161482;10;1;30/9/2026;2/10/2026;C25;;0;;0;;;;;0;;;;;;;;;;;Sin aclaración;En curso;;C25
00314 CASA Olavarría;1000096349;10;ZPAN;pedido servicio sobr;;0;;;;ANAVARRO;1022295;LICENCIAS DE USUARIO SOBEREYE;168;0;0;168;0;;;Servicios;SIN TRATAMIENTO;;MM01;31/3/2027;30/9/2026;10161495;10;1;30/9/2026;2/10/2026;C25;;0;;0;;;;;0;;;;;;;;;;;Sin aclaración;En curso;;C25
00314 CASA Olavarría;1000096733;10;ZPAN;Reparacion cañeria c;;0;;;;ANAVARRO;1022295;reparacion de cañerias en cisterna;1;0;0;1;1;;;Servicios;SIN TRATAMIENTO;;MM01;28/10/2026;7/10/2026;10162143;10;1;7/10/2026;8/10/2026;C26;;0;;1;;;;;0;;;;;;;;;;;Sin aclaración;En curso - Próximo a vencer;;C26
00035 CASA SAN LUIS-MM;1000080676;10;ZPAN;03 - SERVICIO TOPOGR;;1;;;;MALCARAZ;1027430;SERVICIO DE TOPOGRAFIA x MES;12;9;12;0;3;5000191154;1/10/2026;Servicios;CUMPLIDO PARCIAL;GRUPO SICCTOP S.R.L.;MM01;9/1/2027;9/1/2026;10139943;10;1;9/1/2026;12/1/2026;C26;4500117334;10;0035;1;AGONZALEZ;13/1/2026;1/12/2026;C26;9;1/10/2026;;;;;;;;;;03 Cert Mensual;En curso;Verde;C26
00341 Mov. Suelos San Luis;1000080764;10;ZPAN;03 - SOBEREYE;;0;;;;MALCARAZ;1022295;LICENCIAS DE USUARIO SOBEREYE;132;96;132;0;36;5000188774;14/9/2026;Servicios;CUMPLIDO PARCIAL;SAVE TRACK S.A.;MR01;30/11/2026;10/1/2026;10140049;10;1;10/1/2026;12/1/2026;C25;4500117921;10;0341;1;MPITTIA;20/1/2026;30/11/2026;C25;8;14/9/2026;;;;;;;;;;03 Cert Mensual;En curso;Verde;C25
00341 Mov. Suelos San Luis;1000080788;10;ZPAN;03 -  INTENET OBRA;;0;;;;MALCARAZ;1025931;SERVICIO DE INTERNET X MES;11;8;11;0;3;5000191246;1/10/2026;Servicios;CUMPLIDO PARCIAL;JAWIT S.A.;MR01;30/11/2026;10/1/2026;10140067;10;1;10/1/2026;12/1/2026;C25;4500117664;10;0341;1;MPITTIA;16/1/2026;30/11/2026;C25;10;1/10/2026;;;;;;;;;;03 Cert Mensual;En curso;Verde;C25
00341 Mov. Suelos San Luis;1000083178;10;ZPAN;03 - AGUA OBRA;;0;;;;FALBARELLOS;1025992;ALQUILER DISPENSER FRIO CALOR x MES;120;30;120;0;90;5000183299;5/8/2026;Servicios;CUMPLIDO PARCIAL;ROBLA SRL;MR01;30/1/2027;18/2/2026;10143174;10;1;18/2/2026;19/2/2026;C25;4500121638;10;0341;1;MPITTIA;5/3/2026;27/2/2027;C25;5;5/8/2026;;;;;;;;;;03 Cert Mensual;En curso;Rojo;C25
00341 Mov. Suelos San Luis;1000083178;20;ZPAN;03 - AGUA OBRA;;0;;;;FALBARELLOS;1013138;SERVICIO BOTELLON DE 20 LTS XUN;1150;423;1150;0;727;5000183299;5/8/2026;Servicios;CUMPLIDO PARCIAL;ROBLA SRL;MR01;30/1/2027;18/2/2026;10143174;20;1;18/2/2026;19/2/2026;C25;4500121638;20;0341;1;MPITTIA;5/3/2026;27/2/2027;C25;5;5/8/2026;;;;;;;;;;03 Cert Mensual;En curso;Rojo;C25
00035 CASA SAN LUIS-MM;1000084409;10;ZPAN;SRVICIO RSV - 341;;0;;;;ANAVARRO;1054188;CAMARA ORBCOM FM5610;3;3;3;0;0;5000188577;11/9/2026;Materiales Stock;CUMPLIDO;AC SAT S.R.L.;MM01;30/3/2028;9/3/2026;10144911;10;1;9/3/2026;9/3/2026;C04;4500126945;40;0035;2;EFUNES;6/5/2026;30/3/2028;C04;4;11/9/2026;;;;;;;;;;Sin aclaración;En curso - Total recepcionado;;C04
00035 CASA SAN LUIS-MM;1000084409;20;ZPAN;SRVICIO RSV - 341;;0;;;;ANAVARRO;1054190;MONTAJE CAMARA ORBCOM;3;3;3;0;0;5000188577;11/9/2026;Materiales Stock;CUMPLIDO;AC SAT S.R.L.;MM01;30/3/2028;9/3/2026;10144911;20;1;9/3/2026;9/3/2026;C04;4500126945;50;0035;2;EFUNES;6/5/2026;30/3/2028;C04;4;11/9/2026;;;;;;;;;;Sin aclaración;En curso - Total recepcionado;;C04
00035 CASA SAN LUIS-MM;1000084409;30;ZPAN;SRVICIO RSV - 341;;0;;;;ANAVARRO;1054191;SERVICIO SOFWARE RSV FM6510;72;9;72;0;63;5000191871;6/10/2026;Materiales Stock;RECEPCIONADO PARCIAL;AC SAT S.R.L.;MM01;30/3/2028;9/3/2026;10144911;30;1;9/3/2026;9/3/2026;C04;4500126945;60;0035;2;EFUNES;6/5/2026;30/3/2028;C04;3;6/10/2026;;;;;;;;;;Sin aclaración;En curso;;C04
00341 Mov. Suelos San Luis;1000087781;10;ZPAN;03 - VIANDAS;;20;;;;FALBARELLOS;1013121;VIANDA ALMUERZO XUN;16380;4794;16380;0;11586;5000191254;1/10/2026;Servicios;CUMPLIDO;MIRASOLES SRL;MR01;1/6/2027;5/5/2026;10149240;10;1;5/5/2026;6/5/2026;C25;4500128666;10;;2;MPITTIA;27/5/2026;1/6/2027;C25;4;1/10/2026;;;;;;;;;;03 Cert Mensual;En curso;Verde;C25
00341 Mov. Suelos San Luis;1000087781;20;ZPAN;03 - VIANDAS;;20;;;;FALBARELLOS;1013121;SERVICIO ALMUERZO ASADO X 30KG;52;13;52;0;39;5000191254;1/10/2026;Servicios;CUMPLIDO;MIRASOLES SRL;MR01;1/6/2027;5/5/2026;10149240;20;1;5/5/2026;6/5/2026;C25;4500128666;20;;2;MPITTIA;27/5/2026;1/6/2027;C25;3;1/10/2026;;;;;;;;;;03 Cert Mensual;En curso;Verde;C25
00341 Mov. Suelos San Luis;1000089014;10;ZPAN;03 - VIGILANCIA PATR;;0;;;;FALBARELLOS;1013146;SERVICIO DE VIGILANCIA DIURNA XHS;4200;593;4200;0;3607;5000187708;7/9/2026;Servicios;CUMPLIDO PARCIAL;PROSEGUR SA;MR01;1/6/2027;26/5/2026;10150944;10;1;26/5/2026;26/5/2026;C25;4500129001;10;0341;1;MPITTIA;29/5/2026;1/6/2027;C25;2;7/9/2026;;;;;;;;;;03 Cert Mensual;En curso;Rojo;C25
00341 Mov. Suelos San Luis;1000089491;10;ZPAN;03 - SERVICIO REMISE;;0;;;;FALBARELLOS;1018251;TRASLADO DIARIO X KM;9000;8919;9000;0;81;5000184045;11/8/2026;Servicios;CUMPLIDO PARCIAL;DOMINGO MARTIN FERNANDO;MR01;31/10/2026;2/6/2026;10151506;10;1;2/6/2026;2/6/2026;C25;4500129675;10;0341;1;MPITTIA;8/6/2026;15/10/2026;C25;2;11/8/2026;;;;;;;;;;03 Cert Mensual;En curso - Próximo a vencer;Rojo;C25
00341 Mov. Suelos San Luis;1000091453;10;ZPAN;04 - DESAGOTE POZO C;;0;;;;FALBARELLOS;1013026;DESAGOTE DE POZO CIEGO;12;1;12;0;11;5000191428;2/10/2026;Servicios;CUMPLIDO PARCIAL;CROS SERVICIOS GENERALES SRL;MR01;28/7/2027;7/7/2026;10154090;10;1;7/7/2026;7/7/2026;C25;4500132284;10;0341;1;MPITTIA;8/7/2026;28/7/2027;C25;1;2/10/2026;;;;;;;;;;04 Cert a Demanda;En curso;;C25
00341 Mov. Suelos San Luis;1000091742;10;ZPAN;PROTOCOLO MAT. PARTI;;0;;;;FALBARELLOS;1022295;ANALISIS DE PART. TOTALES EN PUESTOS;4;0;4;0;4;;;Servicios;ADJUDICADO;LABORATORIO ECOCHEM S. A. S.;MR01;31/10/2026;13/7/2026;10154574;10;1;13/7/2026;20/7/2026;C25;4500136764;10;0341;3;MPITTIA;26/8/2026;20/10/2026;C25;0;;;;;;;;;;;Sin aclaración;En curso - Próximo a vencer;;C25
00035 CASA SAN LUIS-MM;1000092127;10;ZPAN;03 - SERVICIO TRASLA;;0;;;;FALBARELLOS;1013113;TRANSPORTE COMBI SAN LUIS - LA CALERA;900;189;900;0;711;5000191271;1/10/2026;Servicios;CUMPLIDO PARCIAL;THOMAS BUS S. R. L.;MM01;20/7/2027;20/7/2026;10155088;10;1;20/7/2026;20/7/2026;C25;4500133385;10;0035;1;MPITTIA;22/7/2026;7/8/2027;C25;3;1/10/2026;;;;;;;;;;03 Cert Mensual;En curso;Verde;C25
00035 CASA SAN LUIS-MM;1000092127;20;ZPAN;03 - SERVICIO TRASLA;;0;;;;FALBARELLOS;1013113;TRANSPORTE SAN LUIS - LA PUNTA;1680;362;1680;0;1318;5000191271;1/10/2026;Servicios;CUMPLIDO PARCIAL;THOMAS BUS S. R. L.;MM01;20/7/2027;20/7/2026;10155088;20;1;20/7/2026;20/7/2026;C25;4500133385;20;0035;1;MPITTIA;22/7/2026;7/8/2027;C25;3;1/10/2026;;;;;;;;;;03 Cert Mensual;En curso;Verde;C25
00035 CASA SAN LUIS-MM;1000092127;30;ZPAN;03 - SERVICIO TRASLA;;0;;;;FALBARELLOS;1013113;TRANSPORTE SAN LUIS - NOGOLI;480;87;480;0;393;5000191271;1/10/2026;Servicios;CUMPLIDO PARCIAL;THOMAS BUS S. R. L.;MM01;20/7/2027;20/7/2026;10155088;30;1;20/7/2026;20/7/2026;C25;4500133385;30;0035;1;MPITTIA;22/7/2026;7/8/2027;C25;3;1/10/2026;;;;;;;;;;03 Cert Mensual;En curso;Verde;C25
00035 CASA SAN LUIS-MM;1000092326;10;ZPAN;04 - MATAFUEGOS Y TU;;0;;;;FALBARELLOS;1013043;RECARGA DE MATAFUEGO - ADICIONALES;8000000;275488;8000000;0;7724512;5000187947;8/9/2026;Servicios;CUMPLIDO PARCIAL;MATAFUEGOS Y SERVICIOS SRL;MM01;22/6/2027;22/7/2026;10155401;10;1;22/7/2026;23/7/2026;C25;4500134367;10;0035;1;MPITTIA;31/7/2026;22/6/2027;C25;1;8/9/2026;;;;;;;;;;04 Cert a Demanda;En curso;;C25
00341 Mov. Suelos San Luis;1000093128;10;ZPAN;03 - SERVICIO REMISE;;0;;;;FALBARELLOS;1018251;TRASLADO DIARIO X KM;2000;366;2000;0;1634;5000190152;23/9/2026;Servicios;CUMPLIDO PARCIAL;DOMINGO MARTIN FERNANDO;MR01;31/12/2026;5/8/2026;10156576;10;1;5/8/2026;10/8/2026;C25;4500135432;10;0341;1;MPITTIA;12/8/2026;15/2/2027;C25;1;23/9/2026;;;;;;;;;;03 Cert Mensual;En curso;Verde;C25
00035 CASA SAN LUIS-MM;1000095513;10;ZPAN;04 - SERVICIO FLETE;;0;;;;FALBARELLOS;1012981;FLETE PAQUETERIA S DETALLE XUN;12;1;12;0;11;5000191111;30/9/2026;Servicios;CUMPLIDO PARCIAL;CABAÑEZ LAURA VERONICA;MM01;1/1/2027;15/9/2026;10160320;10;1;15/9/2026;16/9/2026;C15;4500139233;10;0035;1;GDIAZ;22/9/2026;1/1/2027;C15;1;30/9/2026;;;;;;;;;;04 Cert a Demanda;En curso;;C15
00035 CASA SAN LUIS-MM;1000095973;10;ZPAN;SERVICIO GOMERIA;;0;;;;FALBARELLOS;1034203;CAMBIO DE VÁLVULA;12;0;12;0;12;;;Servicios;ADJUDICADO;BUYAN LIZET;MM01;14/10/2026;23/9/2026;10161019;80;1;23/9/2026;29/9/2026;C04;4500140308;10;0035;1;EFUNES;6/10/2026;14/12/2026;C04;0;;;;;;;;;;;Sin aclaración;En curso - Próximo a vencer;;C04
00035 CASA SAN LUIS-MM;1000095973;20;ZPAN;SERVICIO GOMERIA;;0;;;;FALBARELLOS;1034203;ARME Y DESARME RUEDA CAMIONETA;12;0;12;0;12;;;Servicios;ADJUDICADO;BUYAN LIZET;MM01;14/10/2026;23/9/2026;10161019;90;1;23/9/2026;29/9/2026;C04;4500140308;20;0035;1;EFUNES;6/10/2026;14/12/2026;C04;0;;;;;;;;;;;Sin aclaración;En curso - Próximo a vencer;;C04
00035 CASA SAN LUIS-MM;1000095973;30;ZPAN;SERVICIO GOMERIA;;0;;;;FALBARELLOS;1034203;ARME Y DESARME RUEDA 295;12;0;12;0;12;;;Servicios;ADJUDICADO;BUYAN LIZET;MM01;14/10/2026;23/9/2026;10161019;100;1;23/9/2026;29/9/2026;C04;4500140308;30;0035;1;EFUNES;6/10/2026;14/12/2026;C04;0;;;;;;;;;;;Sin aclaración;En curso - Próximo a vencer;;C04
00035 CASA SAN LUIS-MM;1000095973;40;ZPAN;SERVICIO GOMERIA;;0;;;;FALBARELLOS;1034203;ARME Y DESARME RUEDA 1200;24;0;24;0;24;;;Servicios;ADJUDICADO;BUYAN LIZET;MM01;14/10/2026;23/9/2026;10161019;110;1;23/9/2026;29/9/2026;C04;4500140308;40;0035;1;EFUNES;6/10/2026;14/12/2026;C04;0;;;;;;;;;;;Sin aclaración;En curso - Próximo a vencer;;C04
00035 CASA SAN LUIS-MM;1000095973;50;ZPAN;SERVICIO GOMERIA;;0;;;;FALBARELLOS;1034203;EMPARCHE RUEDA CAMIONETA;12;0;12;0;12;;;Servicios;ADJUDICADO;BUYAN LIZET;MM01;14/10/2026;23/9/2026;10161019;120;1;23/9/2026;29/9/2026;C04;4500140308;50;0035;1;EFUNES;6/10/2026;14/12/2026;C04;0;;;;;;;;;;;Sin aclaración;En curso - Próximo a vencer;;C04
00035 CASA SAN LUIS-MM;1000095973;60;ZPAN;SERVICIO GOMERIA;;0;;;;FALBARELLOS;1034203;EMPARCHE RUEDA 295;40;0;40;0;40;;;Servicios;ADJUDICADO;BUYAN LIZET;MM01;14/10/2026;23/9/2026;10161019;130;1;23/9/2026;29/9/2026;C04;4500140308;60;0035;1;EFUNES;6/10/2026;14/12/2026;C04;0;;;;;;;;;;;Sin aclaración;En curso - Próximo a vencer;;C04
00035 CASA SAN LUIS-MM;1000095973;70;ZPAN;SERVICIO GOMERIA;;0;;;;FALBARELLOS;1034203;EMPARCHE RUEDA 1200;120;0;120;0;120;;;Servicios;ADJUDICADO;BUYAN LIZET;MM01;14/10/2026;23/9/2026;10161019;140;1;23/9/2026;29/9/2026;C04;4500140308;70;0035;1;EFUNES;6/10/2026;14/12/2026;C04;0;;;;;;;;;;;Sin aclaración;En curso - Próximo a vencer;;C04
00035 CASA SAN LUIS-MM;1000096344;10;ZPAN;CAPACITACION EN OBRA;;0;;;;FALBARELLOS;1022313;CAPACITACION CORPORATIVA x U;1;0;0;1;0;;;Servicios;SIN TRATAMIENTO;;MM01;21/10/2026;30/9/2026;10161479;10;1;30/9/2026;1/10/2026;C24;;0;;0;;;;;0;;;;;;;;;;;Sin aclaración;En curso - Próximo a vencer;;C24
00365 RIO TINTO;1000070246;10;ZPAN;OC ABIERTA CRIM VOLV;;0;;;;CSOSA;1042545;INSPECCION CRIM EQ. LIVIANO;30;9;9;21;21;5000155737;16/12/2025;Servicios;CUMPLIDO PARCIAL;CAMINOA S.A.;U365;31/12/2026;14/7/2025;10126110;10;1;14/7/2025;15/7/2025;C04;4500104118;10;4401;1;EREGALADO;21/7/2025;28/7/2027;C04;7;16/12/2025;;;;;;;;;;Sin aclaración;En curso;;C04
00365 RIO TINTO;1000070246;20;ZPAN;OC ABIERTA CRIM VOLV;;0;;;;CSOSA;1042546;INSPECCION CRIM EQ. PESADO;80;6;6;74;74;5000158309;13/1/2026;Servicios;CUMPLIDO PARCIAL;CAMINOA S.A.;U365;31/12/2026;14/7/2025;10126110;20;1;14/7/2025;15/7/2025;C04;4500104118;20;4401;1;EREGALADO;21/7/2025;28/7/2027;C04;4;13/1/2026;;;;;;;;;;Sin aclaración;En curso;;C04
00365 RIO TINTO;1000070247;10;ZPAN;OC ABIERTA CRIM SCAN;;0;;;;CSOSA;1042545;INSPECCION CRIM EQ. LIVIANO;15;11;11;4;4;5000167464;31/3/2026;Servicios;CUMPLIDO PARCIAL;SCANIA ARGENTINA S A;U365;31/12/2026;14/7/2025;10126111;10;1;14/7/2025;15/7/2025;C04;4500104116;10;4401;1;EREGALADO;21/7/2025;31/12/2026;C04;7;31/3/2026;;;;;;;;;;Sin aclaración;En curso;;C04
00365 RIO TINTO;1000070247;20;ZPAN;OC ABIERTA CRIM SCAN;;0;;;;CSOSA;1042546;INSPECCION CRIM EQ. PESADO;15;15;15;0;0;5000167411;31/3/2026;Servicios;CUMPLIDO;SCANIA ARGENTINA S A;U365;31/12/2026;14/7/2025;10126111;20;1;14/7/2025;15/7/2025;C04;4500104116;20;4401;1;EREGALADO;21/7/2025;31/12/2026;C04;2;31/3/2026;;;;;;;;;;Sin aclaración;En curso - Total recepcionado;;C04
00365 RIO TINTO;1000077482;10;ZPAN;BAÑOS QUIMICOS NUEVO;;0;;;;CSOSA;1022693;ALQUILER DE MODULO DE BANO X U;14;14;14;0;0;5000161258;6/2/2026;Servicios;CUMPLIDO;JUVEGUMER S. A. S.;U365;30/11/2026;11/11/2025;10135625;10;1;11/11/2025;12/11/2025;C25;4500114120;10;4401;1;MPITTIA;28/11/2025;30/11/2026;C25;3;6/2/2026;;;;;;;;;;Sin aclaración;En curso - Total recepcionado;;C25
00365 RIO TINTO;1000077482;20;ZPAN;BAÑOS QUIMICOS NUEVO;;0;;;;CSOSA;1013136;SERVICIO LIMPIEZA DESAGOTE BANO QUIMICO;12;12;12;0;0;5000161258;6/2/2026;Servicios;CUMPLIDO;JUVEGUMER S. A. S.;U365;30/11/2026;11/11/2025;10135625;20;1;11/11/2025;12/11/2025;C25;4500114120;20;4401;1;MPITTIA;28/11/2025;30/11/2026;C25;1;6/2/2026;;;;;;;;;;Sin aclaración;En curso - Total recepcionado;;C25
00365 RIO TINTO;1000081677;10;ZPAN;STARLINK CAMIONETAS;;0;;;;MGAUDELLI;1025931;SERVICIO DE INTERNET X MES;12;9;12;0;3;5000191257;1/10/2026;Servicios;CUMPLIDO PARCIAL;JAWIT S.A.;U365;1/3/2027;24/1/2026;10141298;10;1;24/1/2026;26/1/2026;C25;4500119083;10;4401;1;MPITTIA;3/2/2026;1/3/2027;C25;8;1/10/2026;;;;;;;;;;Sin aclaración;En curso;;C25
00365 RIO TINTO;1000081677;20;ZPAN;STARLINK CAMIONETAS;;0;;;;MGAUDELLI;1025931;SERVICIO DE INTERNET X MES;12;9;12;0;3;5000191257;1/10/2026;Servicios;CUMPLIDO PARCIAL;JAWIT S.A.;U365;1/3/2027;24/1/2026;10141298;20;1;1/2/2026;2/2/2026;C25;4500119083;20;4401;1;MPITTIA;3/2/2026;1/3/2027;C25;8;1/10/2026;;;;;;;;;;Sin aclaración;En curso;;C25
00365 RIO TINTO;1000083714;10;ZPAN;ATENCION PRIMARIA;;0;;;;CSOSA;1035274;ATENCION PRIMARIA EN GUARDIA;12;0;12;0;12;;;Servicios;ADJUDICADO;LABTEC S. R. L.;U365;31/3/2027;26/2/2026;10144003;10;1;26/2/2026;27/2/2026;C25;4500121966;10;4401;1;MPITTIA;9/3/2026;31/3/2027;C25;0;;;;;;;;;;;Sin aclaración;En curso;;C25
00365 RIO TINTO;1000085529;10;ZPAN;03 - M - INTERNET 2.;;0;;;;CSOSA;1025931;SERVICIO DE INTERNET X MES 2.5tb;12;3;12;0;9;5000179401;4/7/2026;Servicios;CUMPLIDO PARCIAL;JAWIT S.A.;U365;5/4/2027;26/3/2026;10146380;10;1;26/3/2026;27/3/2026;C25;4500124310;10;4401;1;MPITTIA;7/4/2026;5/4/2027;C25;5;4/7/2026;;;;;;;;;;03 Cert Mensual;En curso;Rojo;C25
00365 RIO TINTO;1000085948;10;ZPAN;BAÑOS QUIMICOS RENOV;;0;;;;CSOSA;1022693;ALQUILER DE MODULO DE BANO X U;38,06;38,06;38,06;0;0;5000181830;25/7/2026;Servicios;CUMPLIDO;AREA PABLO;U365;1/11/2026;2/4/2026;10146852;10;1;2/4/2026;4/4/2026;C25;4500124793;10;4401;1;MPITTIA;13/4/2026;1/11/2026;C25;3;25/7/2026;;;;;;;;;;Sin aclaración;En curso - Próximo a vencer;;C25
00365 RIO TINTO;1000085948;20;ZPAN;BAÑOS QUIMICOS RENOV;;0;;;;CSOSA;1013136;SERVICIO LIMPIEZA DESAGOTE BANO QUIMICO;26;26;26;0;0;5000175831;5/6/2026;Servicios;CUMPLIDO;AREA PABLO;U365;1/11/2026;2/4/2026;10146852;20;1;2/4/2026;4/4/2026;C25;4500124793;20;4401;1;MPITTIA;13/4/2026;1/11/2026;C25;2;5/6/2026;;;;;;;;;;Sin aclaración;En curso - Próximo a vencer;;C25
00365 RIO TINTO;1000086735;10;ZPAN;ESTUDIOS DE LABORATO;;20;;;;CSOSA;1022295;Ambiente Laboral MDHS 14/4 + NIOSH 7500;4;4;4;0;0;5000187469;5/9/2026;Servicios;CUMPLIDO;GRUPO INDUSER SRL;U365;20/10/2026;16/4/2026;10147867;10;1;16/4/2026;16/4/2026;C26;4500125557;10;4401;1;YCOLMAN;20/4/2026;23/8/2026;C26;1;5/9/2026;;;;;;;;;;Sin aclaración;En curso - Próximo a vencer;;C26
00365 RIO TINTO;1000086735;20;ZPAN;ESTUDIOS DE LABORATO;;20;;;;CSOSA;1022295;Ambiente Laboral Formaldehído NIOSH 2016;1;0;1;0;1;;;Servicios;ADJUDICADO;GRUPO INDUSER SRL;U365;20/10/2026;16/4/2026;10147867;20;1;16/4/2026;16/4/2026;C26;4500125557;20;4401;1;YCOLMAN;20/4/2026;23/8/2026;C26;0;;;;;;;;;;;Sin aclaración;En curso - Próximo a vencer;;C26
00365 RIO TINTO;1000086735;30;ZPAN;ESTUDIOS DE LABORATO;;20;;;;CSOSA;1022295;Ambiente Laboral MDHS 14/4 (06/2014);1;0;1;0;1;;;Servicios;ADJUDICADO;GRUPO INDUSER SRL;U365;20/10/2026;16/4/2026;10147867;30;1;16/4/2026;16/4/2026;C26;4500125557;30;4401;1;YCOLMAN;20/4/2026;23/8/2026;C26;0;;;;;;;;;;;Sin aclaración;En curso - Próximo a vencer;;C26
00365 RIO TINTO;1000086735;40;ZPAN;ESTUDIOS DE LABORATO;;20;;;;CSOSA;1022295;Ambiente Laboral Soldad SMAW NIOSH 7303;2;0;2;0;2;;;Servicios;ADJUDICADO;GRUPO INDUSER SRL;U365;20/10/2026;16/4/2026;10147867;40;1;16/4/2026;16/4/2026;C26;4500125557;40;4401;1;YCOLMAN;20/4/2026;23/8/2026;C26;0;;;;;;;;;;;Sin aclaración;En curso - Próximo a vencer;;C26
00365 RIO TINTO;1000087674;20;ZPAN;SUB CONTRATRO SUPERV;;20;;;;CSOSA;1012998;PRESENTACION DE INFORMES POSTERIORES;1;1;1;0;0;5000189415;17/9/2026;Servicios;CUMPLIDO;AOSA SA;U365;21/10/2026;3/5/2026;10149078;20;1;3/5/2026;5/5/2026;C26;4500127086;20;4401;1;YCOLMAN;7/5/2026;31/8/2026;C26;4;17/9/2026;;;;;;;;;;Sin aclaración;En curso - Próximo a vencer;;C26
00365 RIO TINTO;1000087674;30;ZPAN;SUB CONTRATRO SUPERV;;20;;;;CSOSA;1012998;STAND BY POR CAUSAS AJENAS;1;0;1;0;1;;;Servicios;ADJUDICADO;AOSA SA;U365;21/10/2026;3/5/2026;10149078;30;1;3/5/2026;5/5/2026;C26;4500127086;30;4401;1;YCOLMAN;7/5/2026;21/10/2026;C26;0;;;;;;;;;;;Sin aclaración;En curso - Próximo a vencer;;C26
00365 RIO TINTO;1000087674;40;ZPAN;SUB CONTRATRO SUPERV;;20;;;;CSOSA;1012998;ESTADÍA DE TRABAJO ADICIONAL;1;0;1;0;1;;;Servicios;ADJUDICADO;AOSA SA;U365;21/10/2026;3/5/2026;10149078;40;1;3/5/2026;5/5/2026;C26;4500127086;40;4401;1;YCOLMAN;7/5/2026;21/10/2026;C26;0;;;;;;;;;;;Sin aclaración;En curso - Próximo a vencer;;C26
00365 RIO TINTO;1000087920;10;ZPAN;ALQ IMPRESORAS;;0;;;;AFORTUNA;1026315;ALQUILER IMPRESORA BYN XMES;12;4;12;0;8;5000188024;8/9/2026;Servicios;CUMPLIDO PARCIAL;TECNICA Y SISTEMAS SRL;U365;30/5/2027;7/5/2026;10149479;10;1;7/5/2026;7/5/2026;C25;4500127573;10;4401;1;MPITTIA;13/5/2026;30/5/2027;C25;3;8/9/2026;;;;;;;;;;Sin aclaración;En curso;;C25
00365 RIO TINTO;1000087920;20;ZPAN;ALQ IMPRESORAS;;0;;;;AFORTUNA;1026315;ALQUILER IMPRESORA COLOR A3 XMES;12;4;12;0;8;5000188024;8/9/2026;Servicios;CUMPLIDO PARCIAL;TECNICA Y SISTEMAS SRL;U365;30/5/2027;7/5/2026;10149479;20;1;7/5/2026;7/5/2026;C25;4500127573;20;4401;1;MPITTIA;13/5/2026;30/5/2027;C25;3;8/9/2026;;;;;;;;;;Sin aclaración;En curso;;C25
00365 RIO TINTO;1000087920;30;ZPAN;ALQ IMPRESORAS;;0;;;;AFORTUNA;1026315;ALQUILER IMPRESORA COLOR A3 XMES;12;4;12;0;8;5000188024;8/9/2026;Servicios;CUMPLIDO PARCIAL;TECNICA Y SISTEMAS SRL;U365;30/5/2027;7/5/2026;10149479;30;1;7/5/2026;7/5/2026;C25;4500127573;30;4401;1;MPITTIA;13/5/2026;30/5/2027;C25;3;8/9/2026;;;;;;;;;;Sin aclaración;En curso;;C25
00365 RIO TINTO;1000087920;40;ZPAN;ALQ IMPRESORAS;;0;;;;AFORTUNA;1026181;COPIAS EXCEDENTES COLOR;20000;18598;20000;0;1402;5000188024;8/9/2026;Servicios;CUMPLIDO PARCIAL;TECNICA Y SISTEMAS SRL;U365;30/5/2027;7/5/2026;10149479;40;1;12/5/2026;12/5/2026;C25;4500127573;40;4401;1;MPITTIA;13/5/2026;30/5/2027;C25;3;8/9/2026;;;;;;;;;;Sin aclaración;En curso;;C25
00365 RIO TINTO;1000087920;50;ZPAN;ALQ IMPRESORAS;;0;;;;AFORTUNA;1026181;COPIAS EXCEDENTES BYN;20000;20000;20000;0;0;5000175829;5/6/2026;Servicios;CUMPLIDO;TECNICA Y SISTEMAS SRL;U365;30/5/2027;7/5/2026;10149479;50;1;12/5/2026;12/5/2026;C25;4500127573;50;4401;1;MPITTIA;13/5/2026;30/5/2027;C25;1;5/6/2026;;;;;;;;;;Sin aclaración;En curso - Total recepcionado;;C25
00365 RIO TINTO;1000088077;10;ZPAN;ALQ DISPENSER DE AGU;;0;;;;AFORTUNA;1025992;ALQUILER DISPENSER FRIO CALOR x MES;12;6;12;0;6;5000191967;7/10/2026;Servicios;CUMPLIDO PARCIAL;MELS S.R.L.;U365;30/4/2027;9/5/2026;10149712;10;1;9/5/2026;10/5/2026;C25;4500129162;10;4401;1;MPITTIA;2/6/2026;30/4/2027;C25;8;7/10/2026;;;;;;;;;;Sin aclaración;En curso;;C25
00365 RIO TINTO;1000088098;10;ZPAN;VIANDA BASE;;20;;;;CSOSA;1013121;VIANDA ALMUERZO XUN;600;453;600;0;147;5000190753;28/9/2026;Servicios;CUMPLIDO PARCIAL;ALEJO ROCIO JAZMIN;U365;31/12/2026;10/5/2026;10149730;10;1;10/5/2026;10/5/2026;C25;4500129278;10;4401;1;MPITTIA;3/6/2026;31/12/2026;C25;5;28/9/2026;;;;;;;;;;Sin aclaración;En curso;;C25
00365 RIO TINTO;1000088099;10;ZPAN;SUBCONTRATO FUSION D;;0;;;;CSOSA;1012995;Tubería PE-Xa PN12 (DIN 16892/16893);1171;900,361;1171;0;270,639;5000189610;18/9/2026;Servicios;CUMPLIDO PARCIAL;INGENIERIA MINERA S. A.;U365;30/11/2026;10/5/2026;10149732;10;1;10/5/2026;10/5/2026;C26;4500127757;10;4401;1;AGONZALEZ;14/5/2026;30/11/2026;C26;3;18/9/2026;;;;;;;;;;Sin aclaración;En curso;;C26
00365 RIO TINTO;1000088099;20;ZPAN;SUBCONTRATO FUSION D;;0;;;;CSOSA;1012995;"BRIDA A105 CL150 B16.47A FF PTFE 30""";21;0;21;0;21;;;Servicios;ADJUDICADO;INGENIERIA MINERA S. A.;U365;30/11/2026;10/5/2026;10149732;20;1;10/5/2026;10/5/2026;C26;4500127757;20;4401;1;AGONZALEZ;14/5/2026;30/11/2026;C26;0;;;;;;;;;;;Sin aclaración;En curso;;C26
00365 RIO TINTO;1000088099;30;ZPAN;SUBCONTRATO FUSION D;;0;;;;CSOSA;1012995;Adaptador Brida PE-Xa PN12 Patrón Largo;21;9;21;0;12;5000189613;18/9/2026;Servicios;CUMPLIDO PARCIAL;INGENIERIA MINERA S. A.;U365;30/11/2026;10/5/2026;10149732;30;1;10/5/2026;10/5/2026;C26;4500127757;30;4401;1;AGONZALEZ;14/5/2026;30/11/2026;C26;3;18/9/2026;;;;;;;;;;Sin aclaración;En curso;;C26
00365 RIO TINTO;1000088099;40;ZPAN;SUBCONTRATO FUSION D;;0;;;;CSOSA;1012995;Cople EF HDPE PE100 PN16 ISO 4427;174;136;174;0;38;5000189610;18/9/2026;Servicios;CUMPLIDO PARCIAL;INGENIERIA MINERA S. A.;U365;30/11/2026;10/5/2026;10149732;40;1;10/5/2026;10/5/2026;C26;4500127757;40;4401;1;AGONZALEZ;14/5/2026;30/11/2026;C26;3;18/9/2026;;;;;;;;;;Sin aclaración;En curso;;C26
00365 RIO TINTO;1000088099;50;ZPAN;SUBCONTRATO FUSION D;;0;;;;CSOSA;1012995;TEE PE100 ISO4427 PN16 ESPIGA LARGA;5;4;5;0;1;5000189610;18/9/2026;Servicios;CUMPLIDO PARCIAL;INGENIERIA MINERA S. A.;U365;30/11/2026;10/5/2026;10149732;50;1;10/5/2026;10/5/2026;C26;4500127757;50;4401;1;AGONZALEZ;14/5/2026;30/11/2026;C26;2;18/9/2026;;;;;;;;;;Sin aclaración;En curso;;C26
00365 RIO TINTO;1000088099;60;ZPAN;SUBCONTRATO FUSION D;;0;;;;CSOSA;1012995;Brida ciega A105 CL150 B16.47A PTFE FF;21;0;21;0;21;;;Servicios;ADJUDICADO;INGENIERIA MINERA S. A.;U365;30/11/2026;10/5/2026;10149732;60;1;10/5/2026;10/5/2026;C26;4500127757;60;4401;1;AGONZALEZ;14/5/2026;30/11/2026;C26;0;;;;;;;;;;;Sin aclaración;En curso;;C26
00365 RIO TINTO;1000088099;70;ZPAN;SUBCONTRATO FUSION D;;0;;;;CSOSA;1012995;CODO 45 LR PE-XA PN12 FAB 1.5D TANG;17;12;17;0;5;5000185223;20/8/2026;Servicios;CUMPLIDO PARCIAL;INGENIERIA MINERA S. A.;U365;30/11/2026;10/5/2026;10149732;70;1;10/5/2026;10/5/2026;C26;4500127757;70;4401;1;AGONZALEZ;14/5/2026;30/11/2026;C26;2;20/8/2026;;;;;;;;;;Sin aclaración;En curso;;C26
00365 RIO TINTO;1000088099;80;ZPAN;SUBCONTRATO FUSION D;;0;;;;CSOSA;1012995;CODO 90 LR PE-XA PN12 TANG 1.5D FAB;20;12;20;0;8;5000189610;18/9/2026;Servicios;CUMPLIDO PARCIAL;INGENIERIA MINERA S. A.;U365;30/11/2026;10/5/2026;10149732;80;1;10/5/2026;10/5/2026;C26;4500127757;80;4401;1;AGONZALEZ;14/5/2026;30/11/2026;C26;3;18/9/2026;;;;;;;;;;Sin aclaración;En curso;;C26
00365 RIO TINTO;1000088099;90;ZPAN;SUBCONTRATO FUSION D;;0;;;;CSOSA;1012995;PRUEBA HIDRAULICA;10;1;10;0;9;5000189610;18/9/2026;Servicios;CUMPLIDO PARCIAL;INGENIERIA MINERA S. A.;U365;30/11/2026;10/5/2026;10149732;90;1;10/5/2026;10/5/2026;C26;4500127757;90;4401;1;AGONZALEZ;14/5/2026;30/11/2026;C26;1;18/9/2026;;;;;;;;;;Sin aclaración;En curso;;C26
00365 RIO TINTO;1000088099;100;ZPAN;SUBCONTRATO FUSION D;;0;;;;CSOSA;1012995;Electrofusora MGSC EF-4000k;1;0,551;1;0;0,449;5000189610;18/9/2026;Servicios;CUMPLIDO PARCIAL;INGENIERIA MINERA S. A.;U365;30/11/2026;10/5/2026;10149732;100;1;10/5/2026;10/5/2026;C26;4500127757;100;4401;1;AGONZALEZ;14/5/2026;30/11/2026;C26;3;18/9/2026;;;;;;;;;;Sin aclaración;En curso;;C26
00365 RIO TINTO;1000088099;110;ZPAN;SUBCONTRATO FUSION D;;0;;;;CSOSA;1012995;Terminales de electrofusora;50;27,533;50;0;22,467;5000189610;18/9/2026;Servicios;CUMPLIDO PARCIAL;INGENIERIA MINERA S. A.;U365;30/11/2026;10/5/2026;10149732;110;1;10/5/2026;10/5/2026;C26;4500127757;110;4401;1;AGONZALEZ;14/5/2026;30/11/2026;C26;5;18/9/2026;;;;;;;;;;Sin aclaración;En curso;;C26
00365 RIO TINTO;1000088099;120;ZPAN;SUBCONTRATO FUSION D;;0;;;;CSOSA;1012995;Redondeador Mecánico GF d630-900;2;1,102;2;0;0,898;5000189610;18/9/2026;Servicios;CUMPLIDO PARCIAL;INGENIERIA MINERA S. A.;U365;30/11/2026;10/5/2026;10149732;120;1;10/5/2026;10/5/2026;C26;4500127757;120;4401;1;AGONZALEZ;14/5/2026;30/11/2026;C26;5;18/9/2026;;;;;;;;;;Sin aclaración;En curso;;C26
00365 RIO TINTO;1000088099;130;ZPAN;SUBCONTRATO FUSION D;;0;;;;CSOSA;1012995;Malacate Manual a Palanca  2 Ganchos;5;82,59;5;0;67,41;5000189610;18/9/2026;Servicios;ADJUDICADO;INGENIERIA MINERA S. A.;U365;30/11/2026;10/5/2026;10149732;130;1;10/5/2026;10/5/2026;C26;4500127757;130;4401;1;AGONZALEZ;14/5/2026;30/11/2026;C26;5;18/9/2026;;;;;;;;;;Sin aclaración;En curso;;C26
00365 RIO TINTO;1000088099;140;ZPAN;SUBCONTRATO FUSION D;;0;;;;CSOSA;1012995;Raspador giratorio GF RST 1000 d250-d100;2;1,102;2;0;0,898;5000189610;18/9/2026;Servicios;CUMPLIDO PARCIAL;INGENIERIA MINERA S. A.;U365;30/11/2026;10/5/2026;10149732;140;1;10/5/2026;10/5/2026;C26;4500127757;140;4401;1;AGONZALEZ;14/5/2026;30/11/2026;C26;5;18/9/2026;;;;;;;;;;Sin aclaración;En curso;;C26
00365 RIO TINTO;1000088099;150;ZPAN;SUBCONTRATO FUSION D;;0;;;;CSOSA;1012995;Raspador manual para tubo hdpe;5;82,59;5;0;67,41;5000189610;18/9/2026;Servicios;ADJUDICADO;INGENIERIA MINERA S. A.;U365;30/11/2026;10/5/2026;10149732;150;1;10/5/2026;10/5/2026;C26;4500127757;150;4401;1;AGONZALEZ;14/5/2026;30/11/2026;C26;5;18/9/2026;;;;;;;;;;Sin aclaración;En curso;;C26
00365 RIO TINTO;1000088099;160;ZPAN;SUBCONTRATO FUSION D;;0;;;;CSOSA;1012995;Biselador de tubos plásticos;5;82,59;5;0;67,41;5000189610;18/9/2026;Servicios;ADJUDICADO;INGENIERIA MINERA S. A.;U365;30/11/2026;10/5/2026;10149732;160;1;10/5/2026;10/5/2026;C26;4500127757;160;4401;1;AGONZALEZ;14/5/2026;30/11/2026;C26;5;18/9/2026;;;;;;;;;;Sin aclaración;En curso;;C26
00365 RIO TINTO;1000088099;170;ZPAN;SUBCONTRATO FUSION D;;0;;;;CSOSA;1012995;Pulverizador 2 Lts Manual;5;82,59;5;0;67,41;5000189610;18/9/2026;Servicios;ADJUDICADO;INGENIERIA MINERA S. A.;U365;30/11/2026;10/5/2026;10149732;170;1;10/5/2026;10/5/2026;C26;4500127757;170;4401;1;AGONZALEZ;14/5/2026;30/11/2026;C26;5;18/9/2026;;;;;;;;;;Sin aclaración;En curso;;C26
00365 RIO TINTO;1000088099;180;ZPAN;SUBCONTRATO FUSION D;;0;;;;CSOSA;1012995;Plan de HyS y MA;1;1;1;0;0;5000181437;22/7/2026;Servicios;CUMPLIDO;INGENIERIA MINERA S. A.;U365;30/11/2026;10/5/2026;10149732;180;1;10/5/2026;10/5/2026;C26;4500127757;180;4401;1;AGONZALEZ;14/5/2026;30/11/2026;C26;1;22/7/2026;;;;;;;;;;Sin aclaración;En curso - Total recepcionado;;C26
00365 RIO TINTO;1000088099;190;ZPAN;SUBCONTRATO FUSION D;;0;;;;CSOSA;1012995;Jefe de obra;1;0,551;1;0;0,449;5000189610;18/9/2026;Servicios;CUMPLIDO PARCIAL;INGENIERIA MINERA S. A.;U365;30/11/2026;10/5/2026;10149732;190;1;10/5/2026;10/5/2026;C26;4500127757;190;4401;1;AGONZALEZ;14/5/2026;30/11/2026;C26;3;18/9/2026;;;;;;;;;;Sin aclaración;En curso;;C26
00365 RIO TINTO;1000088099;200;ZPAN;SUBCONTRATO FUSION D;;0;;;;CSOSA;1012995;Supervisor de Calidad;1;0,551;1;0;0,449;5000189610;18/9/2026;Servicios;CUMPLIDO PARCIAL;INGENIERIA MINERA S. A.;U365;30/11/2026;10/5/2026;10149732;200;1;10/5/2026;10/5/2026;C26;4500127757;200;4401;1;AGONZALEZ;14/5/2026;30/11/2026;C26;3;18/9/2026;;;;;;;;;;Sin aclaración;En curso;;C26
00365 RIO TINTO;1000088099;210;ZPAN;SUBCONTRATO FUSION D;;0;;;;CSOSA;1012995;Capacitación y certificación de personal;10;10;10;0;863990;5000181437;22/7/2026;Servicios;CUMPLIDO;INGENIERIA MINERA S. A.;U365;30/11/2026;10/5/2026;10149732;210;1;10/5/2026;10/5/2026;C26;4500127757;210;4401;1;AGONZALEZ;14/5/2026;30/11/2026;C26;1;22/7/2026;;;;;;;;;;Sin aclaración;En curso;;C26
00365 RIO TINTO;1000088258;10;ZPAN;SS INTERNET STARLINK;;0;;;;AFORTUNA;1034212;SERVICIO DE INTERNET SATELITAL X MES;12;5;12;0;7;5000190084;23/9/2026;Servicios;CUMPLIDO PARCIAL;PRAXSYS SOLUCIONES S.R.L;U365;13/5/2027;13/5/2026;10150033;10;1;13/5/2026;13/5/2026;C25;4500128555;10;4401;1;MPITTIA;26/5/2026;13/5/2027;C25;5;23/9/2026;;;;;;;;;;Sin aclaración;En curso;;C25
00365 RIO TINTO;1000088320;10;ZPAN;POLIZA RC 415988;;0;;;;MGAUDELLI;1012957;SEGURO RESPONSABILIDAD CIVIL;1;1;1;0;0;5000173475;18/5/2026;Servicios;CUMPLIDO;LA MERIDIONAL CIA ARG DE SEGUROS S;U365;15/8/2027;13/5/2026;10150102;10;1;13/5/2026;13/5/2026;C16;4500127774;10;4401;1;JESPARZA;15/5/2026;15/8/2027;C16;1;18/5/2026;;;;;;;;;;Sin aclaración;En curso - Total recepcionado;;C16
00365 RIO TINTO;1000089327;10;ZPAN;ALQUIER  BAÑOS QUIMI;;0;;;;CSOSA;1013136;SERVICIO LIMPIEZA DESAGOTE BANO QUIMICO;1800;1278;1800;0;522;5000191267;1/10/2026;Servicios;CUMPLIDO PARCIAL;AREA PABLO;U365;31/12/2026;30/5/2026;10151297;10;1;30/5/2026;31/5/2026;C25;4500131182;10;4401;1;MPITTIA;25/6/2026;31/12/2026;C25;9;1/10/2026;;;;;;;;;;Sin aclaración;En curso;;C25
00365 RIO TINTO;1000089327;20;ZPAN;ALQUIER  BAÑOS QUIMI;;0;;;;CSOSA;1022693;ALQUILER DE MODULO DE BANO X U;150;100;150;0;50;5000191267;1/10/2026;Servicios;CUMPLIDO PARCIAL;AREA PABLO;U365;31/12/2026;30/5/2026;10151297;20;1;30/5/2026;31/5/2026;C25;4500131182;20;4401;1;MPITTIA;25/6/2026;31/12/2026;C25;6;1/10/2026;;;;;;;;;;Sin aclaración;En curso;;C25
00365 RIO TINTO;1000089805;10;ZPAN;OC ABIERTA TTE CARGA;;0;;;;CSOSA;1012979;FLETE PLAYO 6MT XVIAJE;10;5;10;0;5;5000185241;21/8/2026;Servicios;CUMPLIDO PARCIAL;CROSSDOX S. A. S.;U365;20/10/2026;8/6/2026;10151900;10;1;8/6/2026;8/6/2026;C15;4500131117;10;4401;1;GDIAZ;24/6/2026;20/10/2026;C15;7;21/8/2026;;;;;;;;;;Sin aclaración;En curso - Próximo a vencer;;C15
00365 RIO TINTO;1000090060;10;ZPAN;ALQUILER AUTOELEVADO;;20;;;;MFALERO;1033267;ALQUILER DE AUTOELEVADOR X MES;8;3;8;0;5;5000190791;29/9/2026;Servicios;CUMPLIDO PARCIAL;TSM EQUIPOS S. R. L.;U365;28/2/2027;11/6/2026;10152254;10;1;11/6/2026;11/6/2026;C04;4500130111;10;4401;1;GROSES;12/6/2026;28/2/2027;C04;2;29/9/2026;;;;;;;;;;Sin aclaración;En curso;;C04
00365 RIO TINTO;1000091289;10;ZPAN;SS CONTROL DE PLAGAS;;0;;;;CSOSA;1013139;SS CONTROL DE PLAGAS XUN;6;4;6;0;2;5000191546;4/10/2026;Servicios;CUMPLIDO PARCIAL;MORON ARANSAY OSCAR ALFREDO;U365;10/12/2026;3/7/2026;10153840;10;1;3/7/2026;3/7/2026;C25;4500132717;10;4401;1;ALOPEZ;15/7/2026;10/12/2026;C25;4;4/10/2026;;;;;;;;;;Sin aclaración;En curso;;C25
00365 RIO TINTO;1000092381;10;ZPAN;RENOV. AUTOELEV BASE;;20;;;;CSOSA;1042558;ALQUILER AUTOELEVADOR X MES;6;3;6;0;3;5000191968;7/10/2026;Servicios;CUMPLIDO PARCIAL;TSM EQUIPOS S. R. L.;U365;31/12/2026;23/7/2026;10155457;10;1;23/7/2026;27/7/2026;EFO;4500134413;10;UT08;1;WVENTURINI;3/8/2026;31/12/2026;EFO;3;7/10/2026;;;;;;;;;;Sin aclaración;En curso;;EFO
00365 RIO TINTO;1000092703;10;ZPAN;STARLINK CAMIONETA;;20;;;;CSOSA;1025931;SERVICIO DE INTERNET X MES 50 GB;7;3;7;0;4;5000191262;1/10/2026;Servicios;CUMPLIDO PARCIAL;JAWIT S.A.;U365;1/3/2027;28/7/2026;10155974;10;1;28/7/2026;29/7/2026;C25;4500134673;10;4401;2;MPITTIA;5/8/2026;1/3/2027;C25;3;1/10/2026;;;;;;;;;;Sin aclaración;En curso;;C25
00365 RIO TINTO;1000092703;20;ZPAN;STARLINK CAMIONETA;;20;;;;CSOSA;1013142;ACTIVACION SERV. SATELITAL;1;1;1;0;0;5000183596;7/8/2026;Servicios;CUMPLIDO;JAWIT S.A.;U365;1/3/2027;28/7/2026;10155974;20;1;4/8/2026;4/8/2026;C25;4500134673;20;4401;1;MPITTIA;5/8/2026;1/3/2027;C25;1;7/8/2026;;;;;;;;;;Sin aclaración;En curso - Total recepcionado;;C25
00365 RIO TINTO;1000092834;10;ZPAN;AMPLIACION 4TB INTER;;0;;;;MFALERO;1025931;SERVICIO DE INTERNET X MES 4TB;12;3;12;0;9;5000191259;1/10/2026;Servicios;CUMPLIDO PARCIAL;JAWIT S.A.;U365;31/8/2027;30/7/2026;10156134;10;1;30/7/2026;30/7/2026;C25;4500134811;10;4401;1;MPITTIA;6/8/2026;31/8/2027;C25;2;1/10/2026;;;;;;;;;;Sin aclaración;En curso;;C25
00365 RIO TINTO;1000093005;10;ZPAN;AQLUILER PLUMIN;;0;;;;CSOSA;1033267;ALQUILER PLUMÍN DE HAULOTTE 71004;4;0;4;0;4;;;Servicios;ADJUDICADO;IMG RENTAL SRL;U365;31/12/2026;3/8/2026;10156430;10;1;3/8/2026;3/8/2026;C04;4500134574;10;4401;1;WVENTURINI;4/8/2026;31/12/2026;C04;0;;;;;;;;;;;Sin aclaración;En curso;;C04
00365 RIO TINTO;1000093017;10;ZPAN;ALQUILER MOTOCOMPRES;;20;;;;CSOSA;1033267;ALQ Motocompresor TWT185D-7T;2;0;2;0;2;;;Servicios;ADJUDICADO;AGV MAQUINAS S.R.L.;U365;4/12/2026;4/8/2026;10156440;10;1;4/8/2026;4/8/2026;C35;4500134545;10;4401;1;FSOTO;4/8/2026;4/10/2026;C35;0;;;;;;;;;;;Sin aclaración;En curso;;C35
00365 RIO TINTO;1000093017;20;ZPAN;ALQUILER MOTOCOMPRES;;20;;;;CSOSA;1033267;ALQ Mangera de aire x25 metros;2;0;2;0;2;;;Servicios;ADJUDICADO;AGV MAQUINAS S.R.L.;U365;4/12/2026;4/8/2026;10156440;20;1;4/8/2026;4/8/2026;C35;4500134545;20;4401;1;FSOTO;4/8/2026;4/10/2026;C35;0;;;;;;;;;;;Sin aclaración;En curso;;C35
00365 RIO TINTO;1000093111;10;ZPAN;ALQ.TUBO/RECARGA GAS;;0;;;;MFALERO;1022295;FLETE CAMIONETA X TUBOS ALQUILADOS;6;1,235;6;0;4,765;5000185890;26/8/2026;Servicios;CUMPLIDO PARCIAL;CROSSDOX S. A. S.;U365;31/1/2027;4/8/2026;10156541;10;1;4/8/2026;4/8/2026;C25;4500134740;10;4401;1;MPITTIA;5/8/2026;31/1/2027;C25;2;26/8/2026;;;;;;;;;;Sin aclaración;En curso;;C25
00365 RIO TINTO;1000093111;20;ZPAN;ALQ.TUBO/RECARGA GAS;;0;;;;MFALERO;1035528;RECARGA DE ACETILENO (ALTA PUREZA) X M3;84;6;84;0;78;5000185890;26/8/2026;Servicios;CUMPLIDO PARCIAL;CROSSDOX S. A. S.;U365;31/1/2027;4/8/2026;10156541;20;1;4/8/2026;4/8/2026;C25;4500134740;20;4401;1;MPITTIA;5/8/2026;31/1/2027;C25;1;26/8/2026;;;;;;;;;;Sin aclaración;En curso;;C25
00365 RIO TINTO;1000093111;30;ZPAN;ALQ.TUBO/RECARGA GAS;;0;;;;MFALERO;1035528;RECARGA DE OXIGENO INDUSTRIAL X M3;120;8;120;0;112;5000185890;26/8/2026;Servicios;CUMPLIDO PARCIAL;CROSSDOX S. A. S.;U365;31/1/2027;4/8/2026;10156541;30;1;4/8/2026;4/8/2026;C25;4500134740;30;4401;1;MPITTIA;5/8/2026;31/1/2027;C25;1;26/8/2026;;;;;;;;;;Sin aclaración;En curso;;C25
00365 RIO TINTO;1000093111;40;ZPAN;ALQ.TUBO/RECARGA GAS;;0;;;;MFALERO;1035528;RECARGA DE CO2 X KG;216;0;216;0;216;;;Servicios;ADJUDICADO;CROSSDOX S. A. S.;U365;31/1/2027;4/8/2026;10156541;40;1;4/8/2026;4/8/2026;C25;4500134740;40;4401;1;MPITTIA;5/8/2026;31/1/2027;C25;0;;;;;;;;;;;Sin aclaración;En curso;;C25
00365 RIO TINTO;1000093111;50;ZPAN;ALQ.TUBO/RECARGA GAS;;0;;;;MFALERO;1035528;RECARGA TUBO DE OXIGENO;42;10;42;0;32;5000184007;11/8/2026;Servicios;CUMPLIDO PARCIAL;CROSSDOX S. A. S.;U365;31/1/2027;4/8/2026;10156541;50;1;4/8/2026;4/8/2026;C25;4500134740;50;4401;1;MPITTIA;5/8/2026;31/1/2027;C25;1;11/8/2026;;;;;;;;;;Sin aclaración;En curso;;C25
00365 RIO TINTO;1000093111;60;ZPAN;ALQ.TUBO/RECARGA GAS;;0;;;;MFALERO;1022295;ALQUILER TUBOS DE GASES X UN;24;1;24;0;23;5000184007;11/8/2026;Servicios;CUMPLIDO PARCIAL;CROSSDOX S. A. S.;U365;31/1/2027;4/8/2026;10156541;70;1;4/8/2026;4/8/2026;C25;4500134740;60;4401;1;MPITTIA;5/8/2026;31/1/2027;C25;1;11/8/2026;;;;;;;;;;Sin aclaración;En curso;;C25
00365 RIO TINTO;1000095222;10;ZPAN;EXT OC4500124550;;0;;;;MGAUDELLI;1013130;EXAMEN PREOCUPACIONAL BASICO XUN;200;13;200;0;187;5000191391;2/10/2026;Servicios;CUMPLIDO PARCIAL;MED LAB SALTA S.R.L.;U365;20/3/2027;10/9/2026;10159893;10;1;10/9/2026;10/9/2026;C25;4500139246;10;4401;1;MPITTIA;23/9/2026;20/3/2027;C25;1;2/10/2026;;;;;;;;;;Sin aclaración;En curso;;C25
00365 RIO TINTO;1000095500;10;ZPAN;EXT ALQ TERMOFUSORA;;0;;;;MGAUDELLI;1050642;ALQUILER TERMOFUSORA X MES;6;0;6;0;6;;;Servicios;ADJUDICADO;SM INDUSTRIA PLASTICA S. A. S.;U365;20/3/2027;14/9/2026;10160302;10;1;14/9/2026;15/9/2026;C23;4500138837;10;4401;1;JESPARZA;17/9/2026;20/3/2027;C23;0;;;;;;;;;;;Sin aclaración;En curso;;C23
00365 RIO TINTO;1000096053;10;ZPAN;WORKLIFT SA;;20;;;;CSOSA;1022295;INSPECCION ELEMENTOS IZAJE;1;1;1;0;0;5000191243;1/10/2026;Servicios;CUMPLIDO;WORKLIFT SA;U365;9/10/2026;25/9/2026;10161135;10;1;25/9/2026;26/9/2026;C35;4500139588;10;4401;1;FSOTO;26/9/2026;2/10/2026;C35;1;1/10/2026;;;;;;;;;;Sin aclaración;En curso - Próximo a vencer;;C35
00365 RIO TINTO;1000096053;20;ZPAN;WORKLIFT SA;;20;;;;CSOSA;1022295;INFORME/CERTIFICADO DE ELEMENTOS;2;2;2;0;0;5000191243;1/10/2026;Servicios;CUMPLIDO;WORKLIFT SA;U365;9/10/2026;25/9/2026;10161135;20;1;25/9/2026;26/9/2026;C35;4500139588;20;4401;1;FSOTO;26/9/2026;2/10/2026;C35;1;1/10/2026;;;;;;;;;;Sin aclaración;En curso - Próximo a vencer;;C35
00365 RIO TINTO;1000096079;10;ZPAN;RECARGA MATAFUEGOS;;20;;;;CSOSA;1013039;RECARGA DE MATAFUEGO 10KG;9;9;9;0;0;5000190977;30/9/2026;Servicios;CUMPLIDO;EXTINGNORT S.R.L.;U365;9/10/2026;25/9/2026;10161163;10;1;25/9/2026;26/9/2026;C35;4500139745;10;4401;1;FSOTO;29/9/2026;6/10/2026;C35;1;30/9/2026;;;;;;;;;;Sin aclaración;En curso - Próximo a vencer;;C35
00365 RIO TINTO;1000096079;20;ZPAN;RECARGA MATAFUEGOS;;20;;;;CSOSA;1013042;RECARGA DE MATAFUEGO 5KG;3;3;3;0;0;5000190977;30/9/2026;Servicios;CUMPLIDO;EXTINGNORT S.R.L.;U365;9/10/2026;25/9/2026;10161163;20;1;25/9/2026;26/9/2026;C35;4500139745;20;4401;1;FSOTO;29/9/2026;6/10/2026;C35;1;30/9/2026;;;;;;;;;;Sin aclaración;En curso - Próximo a vencer;;C35
00365 RIO TINTO;1000096161;10;ZPAN;REG VIAJES CHASIS;;20;;;;CSOSA;1012979;FLETE PLAYO 6MT XVIAJE;1;1;1;0;0;5000190594;27/9/2026;Servicios;CUMPLIDO;KAFRA MAYORISTA S. A.;U365;11/10/2026;27/9/2026;10161267;10;1;27/9/2026;27/9/2026;C01;4500139597;10;4401;1;CSOSA;27/9/2026;11/10/2026;C01;1;27/9/2026;;;;;;;;;;Sin aclaración;En curso - Próximo a vencer;;C01
00365 RIO TINTO;1000096223;10;ZPAN;RECARGA JAWIT;;20;;;;CSOSA;1013142;INSTALACION DE INTERNET XUN;4;0;0;4;0;;;Servicios;SIN TRATAMIENTO;;U365;13/10/2026;29/9/2026;10161359;10;1;29/9/2026;29/9/2026;C25;;0;;0;;;;;0;;;;;;;;;;;Sin aclaración;En curso - Próximo a vencer;;C25
00365 RIO TINTO;1000096391;10;ZPAN;AMPLIACION OC 45/125;;0;;;;MFALERO;1022295;SERVICIO LICENCIADO MEDIO AMBIENTE X MES;6;0;0;6;0;;;Servicios;SIN TRATAMIENTO;;U365;1/3/2027;30/9/2026;10161580;10;1;30/9/2026;1/10/2026;C25;;0;;0;;;;;0;;;;;;;;;;;Sin aclaración;En curso;;C25
00365 RIO TINTO;1000096415;10;ZPAN;REG.1-849 CROSSDOX;;0;;;;MFALERO;1022295;FLETE PLAYO 6MT XVIAJE;1;1;1;0;0;5000191433;2/10/2026;Servicios;CUMPLIDO;CROSSDOX S. A. S.;U365;15/10/2026;1/10/2026;10161655;10;1;1/10/2026;2/10/2026;C01;4500140098;10;4401;1;MFALERO;2/10/2026;15/10/2026;C01;1;2/10/2026;;;;;;;;;;Sin aclaración;En curso - Próximo a vencer;;C01
00365 RIO TINTO;1000096430;10;ZPAN;REG.4-8683 LABTEC-AT;;0;;;;MFALERO;1022295;CONSULTA CON CLÍNICA MEDICA;1;1;1;0;0;5000192114;8/10/2026;Servicios;CUMPLIDO;LABTEC S. R. L.;U365;15/10/2026;1/10/2026;10161665;10;1;1/10/2026;2/10/2026;C25;4500140403;10;4401;1;LHANCEVICH;7/10/2026;15/10/2026;C25;1;8/10/2026;;;;;;;;;;Sin aclaración;En curso - Próximo a vencer;;C25
00365 RIO TINTO;1000096430;20;ZPAN;REG.4-8683 LABTEC-AT;;0;;;;MFALERO;1022295;RX DE RODILLA FRENTE Y PERFIL;1;1;1;0;0;5000192114;8/10/2026;Servicios;CUMPLIDO;LABTEC S. R. L.;U365;15/10/2026;1/10/2026;10161665;20;1;1/10/2026;2/10/2026;C25;4500140403;20;4401;1;LHANCEVICH;7/10/2026;15/10/2026;C25;1;8/10/2026;;;;;;;;;;Sin aclaración;En curso - Próximo a vencer;;C25
00365 RIO TINTO;1000096430;30;ZPAN;REG.4-8683 LABTEC-AT;;0;;;;MFALERO;1022295;IC TRAUMATOLOGÍA;1;1;1;0;0;5000192114;8/10/2026;Servicios;CUMPLIDO;LABTEC S. R. L.;U365;15/10/2026;1/10/2026;10161665;30;1;1/10/2026;2/10/2026;C25;4500140403;30;4401;1;LHANCEVICH;7/10/2026;15/10/2026;C25;1;8/10/2026;;;;;;;;;;Sin aclaración;En curso - Próximo a vencer;;C25
00365 RIO TINTO;1000096430;40;ZPAN;REG.4-8683 LABTEC-AT;;0;;;;MFALERO;1022295;IC TRAUMATOLOGÍA;1;1;1;0;0;5000192114;8/10/2026;Servicios;CUMPLIDO;LABTEC S. R. L.;U365;15/10/2026;1/10/2026;10161665;40;1;1/10/2026;2/10/2026;C25;4500140403;40;4401;1;LHANCEVICH;7/10/2026;15/10/2026;C25;1;8/10/2026;;;;;;;;;;Sin aclaración;En curso - Próximo a vencer;;C25
00365 RIO TINTO;1000096506;10;ZPAN;REG. FACTURAS LABTEC;;0;;;;MFALERO;1022295;REG. FACT. 0004-00008284;1;1;1;0;0;5000191489;3/10/2026;Servicios;CUMPLIDO;LABTEC S. R. L.;U365;16/10/2026;2/10/2026;10161781;10;1;2/10/2026;2/10/2026;C01;4500140128;10;4401;1;MFALERO;3/10/2026;16/10/2026;C01;1;3/10/2026;;;;;;;;;;Sin aclaración;En curso - Próximo a vencer;;C01
00365 RIO TINTO;1000096506;20;ZPAN;REG. FACTURAS LABTEC;;0;;;;MFALERO;1022295;REG. FACT. 0004-00008494;1;1;1;0;0;5000191489;3/10/2026;Servicios;CUMPLIDO;LABTEC S. R. L.;U365;16/10/2026;2/10/2026;10161781;20;1;2/10/2026;2/10/2026;C01;4500140128;20;4401;1;MFALERO;3/10/2026;16/10/2026;C01;1;3/10/2026;;;;;;;;;;Sin aclaración;En curso - Próximo a vencer;;C01
00365 RIO TINTO;1000096548;10;ZPAN;REGUL.MES JULIO INTE;;0;;;;MFALERO;1013142;RECARGA INTERNET X 50GB;4;0;0;4;0;;;Servicios;SIN TRATAMIENTO;;U365;19/10/2026;5/10/2026;10161854;10;1;5/10/2026;5/10/2026;C25;;0;;0;;;;;0;;;;;;;;;;;Sin aclaración;En curso - Próximo a vencer;;C25
00365 RIO TINTO;1000096597;10;ZPAN;Formalizar Costuras-;;0;;;;MFALERO;1042083;JORNADA DE SERVICIO (HASTA 15 COSTURAS);5;0;5;0;5;;;Servicios;ADJUDICADO;DABER SERVICIOS INDUSTRIALES SRL;U365;19/10/2026;5/10/2026;10161912;10;1;5/10/2026;5/10/2026;C26;4500140307;10;4401;1;YCOLMAN;6/10/2026;19/10/2026;C26;0;;;;;;;;;;;Sin aclaración;En curso - Próximo a vencer;;C26
00368-YPF Acueducto TBH;1000070076;10;ZPAN;CERT 03 ALQUILER BOM;;0;;;;FALFARO;1033267;SERVICIO ALQUILER EQUIPOS;15;0,5;15;0;14,5;5000140444;1/8/2025;Servicios;CUMPLIDO;XYLEM WATER SOLUTIONS ARGENTINA S.R;MR01;31/7/2025;11/7/2025;10125904;10;1;11/7/2025;11/7/2025;C04;4500103787;10;0368;1;WVENTURINI;16/7/2025;31/10/2025;C04;1;1/8/2025;;;;;;;;;;Sin aclaración;Vencido con cant pendiente a recep;;C04
00368-YPF Acueducto TBH;1000096756;10;ZPAN;CERT 01 CONTROL PLAG;;0;;;;FALFARO;1013139;REGUL FACTURA 26294;1;0;0;1;0;;;Servicios;SIN TRATAMIENTO;;MR01;29/10/2026;8/10/2026;10162200;10;1;8/10/2026;8/10/2026;C25;;0;;0;;;;;0;;;;;;;;;;;Sin aclaración;En curso - Próximo a vencer;;C25
00369-YPF OLEODUCTO PR-LP PK-451;1000055716;10;ZPAN;ZPI 4000004584 atenc;;0;;4;14/11/2025;JBURON;1012846;servicio de atencion primaria x mes;10;9,5;9,5;0;0,5;5000140745;4/8/2025;Materiales genericos;RESPONDIDO;COOP. DE TRAB. SUM LAS FLORES LTDA.;MR01;4/11/2025;14/10/2024;10107629;10;1;14/10/2024;14/10/2024;C25;4500085889;10;0369;1;MPITTIA;16/10/2024;30/9/2025;C25;14;4/8/2025;;;;;;;;;;Sin aclaración;Vencido con cant pendiente a recep;;C25
00369-YPF OLEODUCTO PR-LP PK-451;1000056901;10;ZPAN;SERV VISTA DE OBRA;;2;;3;22/9/2025;JPIEDRABUENA;1012851;VISITA DE OBRA;4;1;1;3;3;5000118080;28/11/2024;Materiales genericos;CUMPLIDO;KUHN MATIAS DANIEL;MR01;30/8/2025;5/11/2024;10109125;10;1;5/11/2024;5/11/2024;C26;4500087308;10;0369;1;AGONZALEZ;6/11/2024;30/8/2025;C26;5;27/11/2024;;;;;;;;;;Sin aclaración;Vencido con cant pendiente a recep;;C26
00369-YPF OLEODUCTO PR-LP PK-451;1000062453;10;ZPAN;PM RASTREO SATELITAL;;2;;4;7/7/2026;JPIEDRABUENA;1025940;Comodato, instalación y llaves PIN;13;0;0;13;13;;;Servicios;RESPONDIDO;;MR01;11/3/2026;19/2/2025;10116060;10;1;19/2/2025;19/2/2025;C25;;0;;1;;;;;2;;;;;;;;;;;Sin aclaración;Vencido con cant pendiente a recep;;C25
00369-YPF OLEODUCTO PR-LP PK-451;1000062453;20;ZPAN;PM RASTREO SATELITAL;;2;;4;7/7/2026;JPIEDRABUENA;1025940;SERVICIO DE RASTREO SATELITAL VEHICUL XU;13;0;0;13;13;;;Servicios;RESPONDIDO;;MR01;11/3/2026;19/2/2025;10116060;20;1;19/2/2025;19/2/2025;C25;;0;;1;;;;;2;;;;;;;;;;;Sin aclaración;Vencido con cant pendiente a recep;;C25
00369-YPF OLEODUCTO PR-LP PK-451;1000068186;10;ZPAN;ZPI 4000005405 RESID;;0;;4;12/11/2025;JBURON;1013094;RECOLECCION DE RESIDUOS PELIGROSOS Y8;1600;0;0;1600;1600;;;Servicios;RESPONDIDO;;MR01;26/6/2025;5/6/2025;10123267;10;1;5/6/2025;5/6/2025;C24;;0;;1;;;;;2;;;;;;;;;;;Sin aclaración;Vencido con cant pendiente a recep;;C24
00369-YPF OLEODUCTO PR-LP PK-451;1000073822;10;ZPAN;EXTENCION OC 4500093;;0;;4;18/2/2026;JPIEDRABUENA;1025931;SERVICIO DE INTERNET X MES;1;0;0;1;1;;;Servicios;RESPONDIDO;;MR01;1/10/2025;11/9/2025;10130841;10;1;11/9/2025;11/9/2025;C25;;0;;1;;;;;0;;;;;;;;;;;Sin aclaración;Vencido con cant pendiente a recep;;C25
00369-YPF OLEODUCTO PR-LP PK-451;1000075312;10;ZPAN;P.90.554_END.7;;0;;1;21/7/2026;SANSALDI;1022028;P.EJEC_90.554_7;1;0;0;1;1;;;Servicios;INCOMPLETO;;MR01;29/1/2026;6/10/2025;10132647;10;1;6/10/2025;6/10/2025;C16;;0;;1;;;;;2;;;;;;;;;;;Sin aclaración;Vencido con cant pendiente a recep;;C16
00372 UTE 372 GEO POSCO II;1000070299;10;ZPAN;03 - SUP TOPOGRAFIA;;0;;;;MMOHR;1027430;SERVICIO DE TOPOGRAFIA x MES;3;3;3;0;0;5000151078;3/11/2025;Servicios;CUMPLIDO;ARQ&TOP S. R. L.;U003;15/11/2026;15/7/2025;10126175;10;1;15/7/2025;7/8/2025;C26;4500104167;10;4403;1;AGONZALEZ;21/7/2025;15/11/2026;C26;8;3/11/2025;;;;;;;;;;03 Cert Mensual;En curso - Próximo a vencer;Rojo;C26
00372 UTE 372 GEO POSCO II;1000072705;10;ZPAN;01 - RETIRO SOBRANTE;;0;;;;GLUNA;1022295;RETIRO MATERIAL SOBRANTE GEO;14;14;14;0;0;5000180210;12/7/2026;Servicios;RECEPCIONADO;PETIT PLAST SOCIEDAD ANONIMA;U003;30/10/2026;25/8/2025;10129303;10;1;25/8/2025;25/8/2025;C25;4500108829;10;4403;2;MPITTIA;18/9/2025;30/10/2026;C25;1;12/7/2026;;;;;;;;;;01 Cert Semanal;En curso - Próximo a vencer;Rojo;C25
00372 UTE 372 GEO POSCO II;1000073536;10;ZPAN;03 - TRANS PERS CATA;;0;10;;;NGONCALVEZ;1013113;SERV TTE PERSONAL COMBI CATAMARCA;3;3;3;0;0;5000147840;3/10/2025;Servicios;CUMPLIDO;PRODUCTOS SERVICIOS Y DISTRIBUCIONE;U003;30/10/2026;7/9/2025;10130407;10;1;7/9/2025;29/9/2025;C25;4500108017;10;4403;1;MPITTIA;8/9/2025;30/11/2026;C25;1;3/10/2025;;;;;;;;;;03 Cert Mensual;En curso - Próximo a vencer;Rojo;C25
00372 UTE 372 GEO POSCO II;1000073536;20;ZPAN;03 - TRANS PERS CATA;;0;10;;;NGONCALVEZ;1013113;SERV DE ESCOLTA CATAMARCA;5;5;5;0;0;5000151066;3/11/2025;Servicios;CUMPLIDO;PRODUCTOS SERVICIOS Y DISTRIBUCIONE;U003;30/10/2026;7/9/2025;10130407;20;1;7/9/2025;29/9/2025;C25;4500108017;20;4403;1;MPITTIA;8/9/2025;30/11/2026;C25;6;3/11/2025;;;;;;;;;;03 Cert Mensual;En curso - Próximo a vencer;Rojo;C25
00372 UTE 372 GEO POSCO II;1000073536;30;ZPAN;03 - TRANS PERS CATA;;0;;;;NGONCALVEZ;1013113;SNACK DE VIAJE;500;500;500;0;0;5000160811;3/2/2026;Servicios;CUMPLIDO;PRODUCTOS SERVICIOS Y DISTRIBUCIONE;U003;30/10/2026;7/9/2025;10130407;30;1;7/9/2025;29/9/2025;C25;4500108017;30;4403;1;MPITTIA;8/9/2025;30/11/2026;C25;7;3/2/2026;;;;;;;;;;03 Cert Mensual;En curso - Próximo a vencer;Rojo;C25
00372 UTE 372 GEO POSCO II;1000073536;40;ZPAN;03 - TRANS PERS CATA;;0;10;;;NGONCALVEZ;1013113;SERV TTE PERSONAL COLECTIVO CATAMARCA;2;2;2;0;0;5000151066;3/11/2025;Servicios;CUMPLIDO;PRODUCTOS SERVICIOS Y DISTRIBUCIONE;U003;30/10/2026;7/9/2025;10130407;40;1;7/9/2025;29/9/2025;C25;4500108017;40;4403;1;MPITTIA;8/9/2025;30/11/2026;C25;6;3/11/2025;;;;;;;;;;03 Cert Mensual;En curso - Próximo a vencer;Rojo;C25
00372 UTE 372 GEO POSCO II;1000073536;70;ZPAN;03 - TRANS PERS CATA;;0;10;;;NGONCALVEZ;1013113;TRANSP PERSONAL BELEN-POSCO COMBI;1;1;1;0;0;5000151431;5/11/2025;Servicios;CUMPLIDO;PRODUCTOS SERVICIOS Y DISTRIBUCIONE;U003;30/10/2026;7/9/2025;10130407;70;1;4/10/2025;6/10/2025;C25;4500111897;20;4403;1;MPITTIA;29/10/2025;30/10/2026;C25;7;5/11/2025;;;;;;;;;;03 Cert Mensual;En curso - Próximo a vencer;Rojo;C25
00372 UTE 372 GEO POSCO II;1000074691;10;ZPAN;01-PREOCUPACIONALES;;0;;;;NGONCALVEZ;1013130;EXAMEN PREOCUPACIONAL BASICO XUN;50;0;50;0;50;;;Servicios;ADJUDICADO;MED LAB SALTA S.R.L.;U003;31/12/2026;25/9/2025;10131864;10;1;25/9/2025;26/9/2025;C25;4500109516;10;4403;1;MPITTIA;26/9/2025;30/10/2026;C25;0;;;;;;;;;;;01 Cert Semanal;En curso;;C25
00372 UTE 372 GEO POSCO II;1000074829;10;ZPAN;03 - ATENCION PRIMAR;;0;;;;NGONCALVEZ;1022295;SERVICIO DE AUSENTISMO Y ATENCION PRIMAR;1800;1566;1800;0;234;5000187397;4/9/2026;Servicios;RECEPCIONADO PARCIAL;LABTEC S. R. L.;U003;13/10/2026;29/9/2025;10132042;10;1;29/9/2025;29/9/2025;C25;4500109709;10;4403;1;MPITTIA;30/9/2025;13/10/2026;C25;12;4/9/2026;;;;;;;;;;03 Cert Mensual;En curso - Próximo a vencer;Rojo;C25
00372 UTE 372 GEO POSCO II;1000077060;20;ZPAN;03 - ALQUILER BAÑOS;;0;10;;;NGONCALVEZ;1013136;SERVICIO LIMPIEZA DESAGOTE BANO QUIMICO;82;82;82;0;0;5000187468;5/9/2026;Servicios;CUMPLIDO;JUVEGUMER S. A. S.;U003;30/10/2026;3/11/2025;10135042;20;1;3/11/2025;3/11/2025;C25;4500113294;20;4403;2;MPITTIA;17/11/2025;30/9/2026;C25;26;5/9/2026;;;;;;;;;;03 Cert Mensual;En curso - Próximo a vencer;Rojo;C25
00372 UTE 372 GEO POSCO II;1000077426;10;ZPAN;04 - AGUA BIDON 20 l;;0;;;;NGONCALVEZ;1010725;BIDON DE AGUA 20 L.;200;81;200;0;119;5000190877;29/9/2026;Materiales usuales;RECEPCIONADO PARCIAL;ZAMBRANA SAMUEL;U003;30/10/2026;10/11/2025;10135540;10;1;10/11/2025;10/11/2025;C25;4500113920;10;4403;1;MPITTIA;26/11/2025;30/10/2026;C25;8;29/9/2026;;;;;;;;;;04 Cert a Demanda;En curso - Próximo a vencer;;C25
00372 UTE 372 GEO POSCO II;1000079643;60;ZPAN;04-RETIRO DE RESIDUO;;0;;;;GLUNA;1022295;FLETE;9;2;9;0;7;5000174380;26/5/2026;Servicios;RECEPCIONADO PARCIAL;BARRIOS FROILAN;U003;30/11/2026;15/12/2025;10138350;60;1;15/12/2025;26/1/2026;C25;4500117845;60;4403;1;MPITTIA;19/1/2026;29/10/2026;C25;7;26/5/2026;;;;;;;;;;04 Cert a Demanda;En curso;;C25
00372 UTE 372 GEO POSCO II;1000081668;10;ZPAN;02 - EXT TRANSP PERS;;0;10;;;NGONCALVEZ;1026128;REMIS EL EJE - TERM SANTA MARIA;12;12;12;0;0;5000179326;3/7/2026;Servicios;CUMPLIDO;FLORES OSCAR ARIEL;U003;30/10/2026;23/1/2026;10141286;10;1;23/1/2026;26/1/2026;C25;4500118789;10;4403;1;MPITTIA;29/1/2026;30/9/2026;C25;4;3/7/2026;;;;;;;;;;02 Cert Quincenal;En curso - Próximo a vencer;Rojo;C25
00372 UTE 372 GEO POSCO II;1000081668;20;ZPAN;02 - EXT TRANSP PERS;;0;10;;;NGONCALVEZ;1026128;REMIS TERM SANTA MARIA - EL EJE;7;7;7;0;0;5000174260;24/5/2026;Servicios;CUMPLIDO;FLORES OSCAR ARIEL;U003;30/10/2026;23/1/2026;10141286;20;1;23/1/2026;26/1/2026;C25;4500118789;20;4403;1;MPITTIA;29/1/2026;30/9/2026;C25;3;24/5/2026;;;;;;;;;;02 Cert Quincenal;En curso - Próximo a vencer;Rojo;C25
00372 UTE 372 GEO POSCO II;1000082855;10;ZPAN;01- SERV DE PAQUETER;;1;;;;GLUNA;1012981;PAQ  LA SEVILLANITA  ROS-SLA;5000000;2945470,32;5000000;0;2054529,68;5000191495;3/10/2026;Servicios;RECEPCIONADO PARCIAL;TRANSPORTES LA SEVILLANITA SRL;U003;26/10/2026;12/2/2026;10142818;10;1;12/2/2026;12/2/2026;C15;4500120184;10;4403;1;GDIAZ;18/2/2026;26/10/2026;C15;9;3/10/2026;;;;;;;;;;01 Cert Semanal;En curso - Próximo a vencer;Verde;C15
00372 UTE 372 GEO POSCO II;1000083039;10;ZPAN;02 - SERVICIO REMIS;;0;10;;;MMOHR;1026128;REMIS TERM BELEN- TERM SANTA MARIA;10;10;10;0;0;5000176902;14/6/2026;Servicios;CUMPLIDO;FLORES OSCAR ARIEL;U003;30/10/2026;15/2/2026;10143039;10;1;15/2/2026;18/2/2026;C24;4500120477;10;4403;1;MPITTIA;20/2/2026;30/9/2026;C24;3;14/6/2026;;;;;;;;;;02 Cert Quincenal;En curso - Próximo a vencer;Rojo;C24
00372 UTE 372 GEO POSCO II;1000083039;20;ZPAN;02 - SERVICIO REMIS;;0;;;;MMOHR;1026128;REMIS TERM SANTA MARIA- TERM EJE;12;12;12;0;0;5000180069;10/7/2026;Servicios;CUMPLIDO;FLORES OSCAR ARIEL;U003;30/10/2026;15/2/2026;10143039;20;1;15/2/2026;18/2/2026;C24;4500120477;20;4403;1;MPITTIA;20/2/2026;30/9/2026;C24;4;10/7/2026;;;;;;;;;;02 Cert Quincenal;En curso - Próximo a vencer;Rojo;C24
00372 UTE 372 GEO POSCO II;1000087672;10;ZPAN;03 LICENCIADO MED;;0;;;;MMOHR;1022295;SERVICIO LIC  MEDIO AMBIENTE X MES;6;4;6;0;2;5000187406;4/9/2026;Servicios;RECEPCIONADO PARCIAL;SORAIRE GUILLERMO FEDERICO;U003;3/11/2026;3/5/2026;10149075;10;1;3/5/2026;4/5/2026;C25;4500127673;10;4403;1;MPITTIA;14/5/2026;3/11/2026;C25;4;4/9/2026;;;;;;;;;;03 Cert Mensual;En curso - Próximo a vencer;Rojo;C25
00372 UTE 372 GEO POSCO II;1000088359;10;ZPAN;02 - VIANDAS DE COMI;;0;;;;AZAPANA;1013116;VIANDA ALMUERZO PUESTA EN OBRA XUN;11;11;11;0;0;5000176391;10/6/2026;Servicios;CUMPLIDO;ARAMAYO MARIA JULIETA;U003;15/5/2027;14/5/2026;10150161;10;1;14/5/2026;29/6/2026;C25;4500129718;10;4403;2;MPITTIA;9/6/2026;30/11/2026;C25;1;10/6/2026;;;;;;;;;;02 Cert Quincenal;En curso - Total recepcionado;;C25
00372 UTE 372 GEO POSCO II;1000088541;10;ZPAN;03 - TRANS PERSONAL;;0;;;;NGONCALVEZ;1013113;SERV TTE PERSONAL COLECTIVO BELEN-POSCO;20;13;20;0;7;5000191548;4/10/2026;Servicios;RECEPCIONADO PARCIAL;PRODUCTOS SERVICIOS Y DISTRIBUCIONE;U003;30/10/2026;16/5/2026;10150362;10;1;16/5/2026;18/5/2026;C25;4500128533;10;4403;1;MPITTIA;26/5/2026;31/10/2026;C25;7;4/10/2026;;;;;;;;;;03 Cert Mensual;En curso - Próximo a vencer;Verde;C25
00372 UTE 372 GEO POSCO II;1000088541;20;ZPAN;03 - TRANS PERSONAL;;0;;;;NGONCALVEZ;1013113;SERV DE ESCOLTA BELEN-POSCO;20;8;20;0;12;5000191548;4/10/2026;Servicios;RECEPCIONADO PARCIAL;PRODUCTOS SERVICIOS Y DISTRIBUCIONE;U003;30/10/2026;16/5/2026;10150362;20;1;16/5/2026;18/5/2026;C25;4500128533;20;4403;1;MPITTIA;26/5/2026;31/10/2026;C25;5;4/10/2026;;;;;;;;;;03 Cert Mensual;En curso - Próximo a vencer;Verde;C25
00372 UTE 372 GEO POSCO II;1000089401;10;ZPAN;02-SERV REMIS- RASGI;;0;;;;MMOHR;1026128;REMIS TERM BELEN - TERM ANDAGALA;12;12;12;0;0;5000184717;16/8/2026;Servicios;CUMPLIDO;RASGIDO GASTON ANDRES;U003;10/10/2026;1/6/2026;10151366;10;1;1/6/2026;2/6/2026;C24;4500129984;10;4403;1;MPITTIA;11/6/2026;1/9/2026;C24;6;16/8/2026;;;;;;;;;;02 Cert Quincenal;En curso - Próximo a vencer;Rojo;C24
00372 UTE 372 GEO POSCO II;1000089401;20;ZPAN;02-SERV REMIS- RASGI;;0;;;;MMOHR;1026128;REMIS TERM BELEN - TERM TINOGASTA;7;7;7;0;0;5000182070;28/7/2026;Servicios;CUMPLIDO;RASGIDO GASTON ANDRES;U003;10/10/2026;1/6/2026;10151366;20;1;1/6/2026;2/6/2026;C24;4500129984;20;4403;1;MPITTIA;11/6/2026;1/9/2026;C24;6;28/7/2026;;;;;;;;;;02 Cert Quincenal;En curso - Próximo a vencer;Rojo;C24
00372 UTE 372 GEO POSCO II;1000089401;30;ZPAN;02-SERV REMIS- RASGI;;0;;;;MMOHR;1026128;REMIS TERM ANDAGALA- TERM BELEN;12;12;12;0;0;5000188692;12/9/2026;Servicios;CUMPLIDO;RASGIDO GASTON ANDRES;U003;10/10/2026;1/6/2026;10151366;30;1;1/6/2026;2/6/2026;C24;4500129984;30;4403;1;MPITTIA;11/6/2026;1/9/2026;C24;5;12/9/2026;;;;;;;;;;02 Cert Quincenal;En curso - Próximo a vencer;Rojo;C24
00372 UTE 372 GEO POSCO II;1000089401;40;ZPAN;02-SERV REMIS- RASGI;;0;;;;MMOHR;1026128;REMIS TERM FIAMBALA - TERM BELEN;12;0;12;0;12;;;Servicios;ADJUDICADO;RASGIDO GASTON ANDRES;U003;10/10/2026;1/6/2026;10151366;40;1;1/6/2026;2/6/2026;C24;4500129984;40;4403;1;MPITTIA;11/6/2026;30/10/2026;C24;0;;;;;;;;;;;02 Cert Quincenal;En curso - Próximo a vencer;;C24
00372 UTE 372 GEO POSCO II;1000089401;50;ZPAN;02-SERV REMIS- RASGI;;0;;;;MMOHR;1026128;REMIS TERM TINOGASTA - TERM BELEN;12;12;12;0;0;5000188692;12/9/2026;Servicios;CUMPLIDO;RASGIDO GASTON ANDRES;U003;10/10/2026;1/6/2026;10151366;50;1;1/6/2026;2/6/2026;C24;4500129984;50;4403;1;MPITTIA;11/6/2026;1/9/2026;C24;7;12/9/2026;;;;;;;;;;02 Cert Quincenal;En curso - Próximo a vencer;Rojo;C24
00372 UTE 372 GEO POSCO II;1000089401;60;ZPAN;02-SERV REMIS- RASGI;;0;;;;MMOHR;1026128;REMIS TERM BELEN - TERM FIAMBALA;12;0;12;0;12;;;Servicios;ADJUDICADO;RASGIDO GASTON ANDRES;U003;10/10/2026;1/6/2026;10151366;60;1;1/6/2026;2/6/2026;C24;4500129984;60;4403;1;MPITTIA;11/6/2026;30/10/2026;C24;0;;;;;;;;;;;02 Cert Quincenal;En curso - Próximo a vencer;;C24
00372 UTE 372 GEO POSCO II;1000089583;10;ZPAN;03- TRANSP PERSONAL;;0;;;;MMOHR;1013113;SERV DE ESCOLTA SALTA-POSCO;12;10;12;0;2;5000188407;10/9/2026;Servicios;RECEPCIONADO PARCIAL;TRANSPORTE TMS S. A. S.;U003;10/10/2026;3/6/2026;10151623;10;1;3/6/2026;25/6/2026;C25;4500131174;10;4403;1;MPITTIA;25/6/2026;30/10/2026;C25;3;10/9/2026;;;;;;;;;;03 Cert Mensual;En curso - Próximo a vencer;Verde;C25
00372 UTE 372 GEO POSCO II;1000089583;20;ZPAN;03- TRANSP PERSONAL;;0;;;;MMOHR;1013113;SERV COLECTIVO SALTA-POSCO;12;12;12;0;0;5000187800;8/9/2026;Servicios;CUMPLIDO;TRANSPORTE TMS S. A. S.;U003;10/10/2026;3/6/2026;10151623;20;1;3/6/2026;25/6/2026;C25;4500131174;20;4403;1;MPITTIA;25/6/2026;3/9/2026;C25;2;8/9/2026;;;;;;;;;;03 Cert Mensual;En curso - Próximo a vencer;Verde;C25
00372 UTE 372 GEO POSCO II;1000089886;10;ZPAN;01 - VTV;;0;;;;MMOHR;1022295;SERVICIO VTV CAMIONETA;8;8;8;0;0;5000181715;24/7/2026;Servicios;CUMPLIDO;PLANTA REVESA SRL;U003;23/10/2026;9/6/2026;10152055;10;1;9/6/2026;9/6/2026;C01;4500129754;10;4403;1;AZAPANA;9/6/2026;30/8/2026;C01;3;24/7/2026;;;;;;;;;;01 Cert Semanal;En curso - Próximo a vencer;Rojo;C01
00372 UTE 372 GEO POSCO II;1000091642;10;ZPAN;03 - BAÑOS;;0;10;;;NGONCALVEZ;1013136;EXEDENTE SERVICIO LIMPIEZA DESAGOTE BANO;33;33;33;0;0;5000187468;5/9/2026;Servicios;CUMPLIDO;JUVEGUMER S. A. S.;U003;24/10/2026;10/7/2026;10154389;10;1;10/7/2026;13/7/2026;C25;4500132831;10;4403;1;ALOPEZ;15/7/2026;24/10/2026;C25;4;5/9/2026;;;;;;;;;;03 Cert Mensual;En curso - Próximo a vencer;Rojo;C25
00372 UTE 372 GEO POSCO II;1000091681;10;ZPAN;03 - BAÑOS;;0;;;;NGONCALVEZ;1022693;ALQUILER DE MODULO DE BANO X U;35;20;35;0;15;5000187468;5/9/2026;Servicios;RECEPCIONADO PARCIAL;JUVEGUMER S. A. S.;U003;26/11/2026;12/7/2026;10154477;10;1;12/7/2026;13/7/2026;C25;4500133109;10;4403;1;MPITTIA;20/7/2026;26/11/2026;C25;2;5/9/2026;;;;;;;;;;03 Cert Mensual;En curso;Rojo;C25
00372 UTE 372 GEO POSCO II;1000091686;10;ZPAN;02 - TRANSP EN SITIO;;0;;;;NGONCALVEZ;1048595;TRANSPORTE DE PERSONAL XMES EN SITIO;2;1,5;2;0;0,5;5000189477;18/9/2026;Servicios;RECEPCIONADO PARCIAL;TRANSPORTE TMS S. A. S.;U003;27/10/2026;13/7/2026;10154497;10;1;13/7/2026;14/7/2026;C25;4500133222;10;4403;1;MPITTIA;21/7/2026;27/10/2026;C25;3;18/9/2026;;;;;;;;;;02 Cert Quincenal;En curso - Próximo a vencer;Rojo;C25
00372 UTE 372 GEO POSCO II;1000091748;10;ZPAN;03 - IMPRESORAS;;0;;;;NGONCALVEZ;1026131;ALQ IMPRESORA MULTIF COLOR A3 X MES;3;2;3;0;1;5000187467;5/9/2026;Servicios;RECEPCIONADO PARCIAL;TECNICA Y SISTEMAS SRL;U003;27/11/2026;13/7/2026;10154579;10;1;13/7/2026;14/7/2026;C25;4500133125;10;4403;1;MPITTIA;20/7/2026;27/11/2026;C25;2;5/9/2026;;;;;;;;;;03 Cert Mensual;En curso;Rojo;C25
00372 UTE 372 GEO POSCO II;1000091748;20;ZPAN;03 - IMPRESORAS;;0;;;;NGONCALVEZ;1026130;ALQ IMPRESORA MULTIF BYN A3 x MES;3;2;3;0;1;5000187467;5/9/2026;Servicios;RECEPCIONADO PARCIAL;TECNICA Y SISTEMAS SRL;U003;27/11/2026;13/7/2026;10154579;20;1;13/7/2026;14/7/2026;C25;4500133125;20;4403;1;MPITTIA;20/7/2026;27/11/2026;C25;2;5/9/2026;;;;;;;;;;03 Cert Mensual;En curso;Rojo;C25
00372 UTE 372 GEO POSCO II;1000092565;140;ZPAN;01 - PIM-57;;0;;;;MMOHR;1026923;SERVICIO CERTIFICACION VALVULA;2;2;2;0;0;5000190305;24/9/2026;Servicios;CUMPLIDO;DABER SERVICIOS INDUSTRIALES SRL;U003;10/10/2026;27/7/2026;10155752;140;1;13/8/2026;13/8/2026;C01;4500135710;140;4403;1;AZAPANA;14/8/2026;23/9/2026;C01;2;24/9/2026;;;;;;;;;;01 Cert Semanal;En curso - Próximo a vencer;Rojo;C01
00372 UTE 372 GEO POSCO II;1000093016;10;ZPAN;03- TRANS CATAMARCA;;0;;;;MMOHR;1013113;SNACK DE VIAJE - CATAMARCA;200;178;200;0;22;5000191547;4/10/2026;Servicios;RECEPCIONADO PARCIAL;PRODUCTOS SERVICIOS Y DISTRIBUCIONE;U003;30/11/2026;4/8/2026;10156439;10;1;4/8/2026;4/8/2026;C25;4500134824;10;4403;1;MPITTIA;6/8/2026;30/10/2026;C25;2;4/10/2026;;;;;;;;;;03 Cert Mensual;En curso;Verde;C25
00372 UTE 372 GEO POSCO II;1000093365;10;ZPAN;01 - RETIRO GEO LIBA;;0;;;;NGONCALVEZ;1012973;FLETE SEMIRREMOLQUE 13,5MT XVIAJE;5;0;5;0;5;;;Servicios;ADJUDICADO;LIBAN S.A.;U003;24/11/2026;10/8/2026;10156985;10;1;10/8/2026;10/8/2026;C15;4500137330;10;4403;1;GDIAZ;1/9/2026;24/11/2026;C15;0;;;;;;;;;;;01 Cert Semanal;En curso;;C15
00372 UTE 372 GEO POSCO II;1000093372;10;ZPAN;01 - RETIRO CARTON I;;0;;;;NGONCALVEZ;1012974;FLETE SEMIRREMOLQUE 14,5MT XVIAJE JAMA;5;2;5;0;3;5000192125;8/10/2026;Servicios;RECEPCIONADO PARCIAL;CAMPO BRAVO S. A. S.;U003;24/10/2026;10/8/2026;10157005;10;1;10/8/2026;10/8/2026;C15;4500139019;10;4403;2;GDIAZ;21/9/2026;24/10/2026;C15;3;8/10/2026;;;;;;;;;;01 Cert Semanal;En curso - Próximo a vencer;Verde;C15
00372 UTE 372 GEO POSCO II;1000094093;10;ZPAN;01 - RETIRO SOBRANTE;;0;;;;MMOHR;1022295;RETIRO MATERIAL SOBRANTE GEO (1V=30M3);50;0;50;0;50;;;Servicios;ADJUDICADO;PETIT PLAST SOCIEDAD ANONIMA;U003;30/10/2026;21/8/2026;10158155;10;1;21/8/2026;24/8/2026;C25;4500137690;10;4403;1;MPITTIA;4/9/2026;30/10/2026;C25;0;;;;;;;;;;;01 Cert Semanal;En curso - Próximo a vencer;;C25
00372 UTE 372 GEO POSCO II;1000094183;10;ZPAN;01 - SERV REMIS RASG;;0;;;;MMOHR;1026128;REMIS TERM BELEN - TERM ANDAGALA;12;8;12;0;4;5000190592;27/9/2026;Servicios;RECEPCIONADO PARCIAL;RASGIDO GASTON ANDRES;U003;2/11/2026;23/8/2026;10158297;10;1;23/8/2026;24/8/2026;C24;4500137422;10;4403;1;MPITTIA;2/9/2026;2/11/2026;C24;3;27/9/2026;;;;;;;;;;01 Cert Semanal;En curso - Próximo a vencer;Rojo;C24
00372 UTE 372 GEO POSCO II;1000094183;20;ZPAN;01 - SERV REMIS RASG;;0;;;;MMOHR;1026128;REMIS TERM BELEN - TERM TINOGASTA;12;5;12;0;7;5000191539;3/10/2026;Servicios;RECEPCIONADO PARCIAL;RASGIDO GASTON ANDRES;U003;2/11/2026;23/8/2026;10158297;20;1;23/8/2026;24/8/2026;C24;4500137422;20;4403;1;MPITTIA;2/9/2026;2/11/2026;C24;3;3/10/2026;;;;;;;;;;01 Cert Semanal;En curso - Próximo a vencer;Verde;C24
00372 UTE 372 GEO POSCO II;1000094183;30;ZPAN;01 - SERV REMIS RASG;;0;;;;MMOHR;1026128;REMIS TERM ANGALA - TERM BELEN;12;3;12;0;9;5000191539;3/10/2026;Servicios;RECEPCIONADO PARCIAL;RASGIDO GASTON ANDRES;U003;2/11/2026;23/8/2026;10158297;30;1;23/8/2026;24/8/2026;C24;4500137422;30;4403;1;MPITTIA;2/9/2026;2/11/2026;C24;1;3/10/2026;;;;;;;;;;01 Cert Semanal;En curso - Próximo a vencer;Verde;C24
00372 UTE 372 GEO POSCO II;1000094183;40;ZPAN;01 - SERV REMIS RASG;;0;;;;MMOHR;1026128;REMIS PEÑON/LAGUNA- TERM BELEN;12;2;12;0;10;5000188057;8/9/2026;Servicios;RECEPCIONADO PARCIAL;RASGIDO GASTON ANDRES;U003;2/11/2026;23/8/2026;10158297;40;1;23/8/2026;24/8/2026;C24;4500137422;40;4403;1;MPITTIA;2/9/2026;2/11/2026;C24;2;8/9/2026;;;;;;;;;;01 Cert Semanal;En curso - Próximo a vencer;Rojo;C24
00372 UTE 372 GEO POSCO II;1000094657;10;ZPAN;03 - TRANSP PERSONAL;;0;;;;MMOHR;1013113;SNACK DE VIAJE SALTA;600;600;600;0;0;5000191550;4/10/2026;Servicios;CUMPLIDO;TRANSPORTE TMS S. A. S.;U003;30/10/2026;31/8/2026;10159019;10;1;31/8/2026;1/9/2026;C25;4500137227;10;4403;1;MPITTIA;1/9/2026;30/10/2026;C25;3;4/10/2026;;;;;;;;;;03 Cert Mensual;En curso - Próximo a vencer;Verde;C25
00372 UTE 372 GEO POSCO II;1000094657;20;ZPAN;03 - TRANSP PERSONAL;;0;;;;MMOHR;1013113;SERV COLECTIVO SALTA-POSCO;12;10;12;0;2;5000191550;4/10/2026;Servicios;RECEPCIONADO PARCIAL;TRANSPORTE TMS S. A. S.;U003;30/10/2026;31/8/2026;10159019;20;1;31/8/2026;1/9/2026;C25;4500137227;20;4403;1;MPITTIA;1/9/2026;30/10/2026;C25;2;4/10/2026;;;;;;;;;;03 Cert Mensual;En curso - Próximo a vencer;Verde;C25
00372 UTE 372 GEO POSCO II;1000094812;10;ZPAN;01 - EXEDENTES TYS;;0;;;;NGONCALVEZ;1022295;EXD A COLOR;2283;2283;2283;0;0;5000188655;12/9/2026;Servicios;CUMPLIDO;TECNICA Y SISTEMAS SRL;U003;10/10/2026;3/9/2026;10159321;10;1;3/9/2026;3/9/2026;C25;4500137964;10;4403;1;MPITTIA;8/9/2026;17/9/2026;C25;1;12/9/2026;;;;;;;;;;01 Cert Semanal;En curso - Próximo a vencer;Rojo;C25
00372 UTE 372 GEO POSCO II;1000094812;20;ZPAN;01 - EXEDENTES TYS;;0;;;;NGONCALVEZ;1022295;EXD B/N;60;60;60;0;0;5000188655;12/9/2026;Servicios;CUMPLIDO;TECNICA Y SISTEMAS SRL;U003;10/10/2026;3/9/2026;10159321;20;1;3/9/2026;3/9/2026;C25;4500137964;20;4403;1;MPITTIA;8/9/2026;17/9/2026;C25;1;12/9/2026;;;;;;;;;;01 Cert Semanal;En curso - Próximo a vencer;Rojo;C25
00372 UTE 372 GEO POSCO II;1000095207;10;ZPAN;CERT 01 BAÑOS QUIMIC;;0;;;;FALFARO;1013136;SERV LIMPIEZA BAÑO HASTA 10 UND;24;0;24;0;24;;;Servicios;ADJUDICADO;JUVEGUMER S. A. S.;U003;31/12/2026;9/9/2026;10159856;10;1;9/9/2026;10/9/2026;C25;4500139803;10;4403;1;MPITTIA;30/9/2026;23/9/2026;C25;0;;;;;;;;;;;Sin aclaración;En curso;;C25
00372 UTE 372 GEO POSCO II;1000095207;20;ZPAN;CERT 01 BAÑOS QUIMIC;;0;;;;FALFARO;1022693;ALQUILER DE MODULO DE BANO X UND;39;0;39;0;39;;;Servicios;ADJUDICADO;JUVEGUMER S. A. S.;U003;31/12/2026;9/9/2026;10159856;20;1;10/9/2026;10/9/2026;C25;4500139803;20;4403;1;MPITTIA;30/9/2026;23/9/2026;C25;0;;;;;;;;;;;Sin aclaración;En curso;;C25
00372 UTE 372 GEO POSCO II;1000095207;30;ZPAN;CERT 01 BAÑOS QUIMIC;;0;;;;FALFARO;1013136;SERV LIMPIEZA DE BAÑO X UND EXT;72;0;72;0;72;;;Servicios;ADJUDICADO;JUVEGUMER S. A. S.;U003;31/12/2026;9/9/2026;10159856;30;1;12/9/2026;2/10/2026;C25;4500140245;10;4403;1;MPITTIA;6/10/2026;31/12/2026;C25;0;;;;;;;;;;;Sin aclaración;En curso;;C25
00372 UTE 372 GEO POSCO II;1000095210;10;ZPAN;CERT 01 INTERNET;;0;;;;FALFARO;1025931;SERVICIO DE INTERNET X MES;3;1;3;0;2;5000191493;3/10/2026;Servicios;RECEPCIONADO PARCIAL;JAWIT S.A.;U003;31/12/2026;10/9/2026;10159858;10;1;10/9/2026;10/9/2026;C25;4500139245;10;4403;1;MPITTIA;23/9/2026;30/11/2026;C25;1;3/10/2026;;;;;;;;;;Sin aclaración;En curso;;C25
00372 UTE 372 GEO POSCO II;1000095291;10;ZPAN;01 - MOV POSCO PALPA;;0;;;;NGONCALVEZ;1012974;SEMIRREMOLQUE POSCO-PALPALA;5;1;5;0;4;5000191496;3/10/2026;Servicios;RECEPCIONADO PARCIAL;INTREC SAS;U003;30/10/2026;11/9/2026;10160010;10;1;11/9/2026;11/9/2026;C15;4500139524;10;4403;1;GDIAZ;25/9/2026;30/10/2026;C15;1;3/10/2026;;;;;;;;;;01 Cert Semanal;En curso - Próximo a vencer;Verde;C15
00372 UTE 372 GEO POSCO II;1000095426;10;ZPAN;03 - IMPRESORAS EXT;;0;;;;NGONCALVEZ;1026130;ALQ IMPRESORA MULTIF BYN A3 x MES;2;0;2;0;2;;;Servicios;ADJUDICADO;TECNICA Y SISTEMAS SRL;U003;26/12/2026;12/9/2026;10160154;10;1;12/9/2026;14/9/2026;C25;4500139931;30;4403;1;JESPARZA;1/10/2026;26/12/2026;C25;0;;;;;;;;;;;03 Cert Mensual;En curso;;C25
00372 UTE 372 GEO POSCO II;1000095426;20;ZPAN;03 - IMPRESORAS EXT;;0;;;;NGONCALVEZ;1026131;ALQ IMPRESORA MULTIF COLOR A3 X MES;2;0;2;0;2;;;Servicios;ADJUDICADO;TECNICA Y SISTEMAS SRL;U003;26/12/2026;12/9/2026;10160154;20;1;12/9/2026;14/9/2026;C25;4500139931;40;4403;1;JESPARZA;1/10/2026;26/12/2026;C25;0;;;;;;;;;;;03 Cert Mensual;En curso;;C25
00372 UTE 372 GEO POSCO II;1000095427;10;ZPAN;02 - TRANSP EN SITIO;;0;;;;NGONCALVEZ;1048595;TRANSPORTE DE PERSONAL XMES EN SITIO;2;0;2;0;2;;;Servicios;ADJUDICADO;TRANSPORTE TMS S. A. S.;U003;26/12/2026;12/9/2026;10160156;10;1;12/9/2026;14/9/2026;C25;4500139296;10;4403;1;MPITTIA;23/9/2026;26/12/2026;C25;0;;;;;;;;;;;02 Cert Quincenal;En curso;;C25
00372 UTE 372 GEO POSCO II;1000095428;10;ZPAN;03 - TRANSP PERS SLA;;0;;;;NGONCALVEZ;1013113;SNACK DE VIAJE SALTA;600;75;600;0;525;5000191549;4/10/2026;Servicios;RECEPCIONADO PARCIAL;TRANSPORTE TMS S. A. S.;U003;26/12/2026;12/9/2026;10160157;10;1;12/9/2026;14/9/2026;C25;4500139298;10;4403;1;MPITTIA;23/9/2026;30/10/2026;C25;1;4/10/2026;;;;;;;;;;03 Cert Mensual;En curso;Verde;C25
00372 UTE 372 GEO POSCO II;1000095428;20;ZPAN;03 - TRANSP PERS SLA;;0;;;;NGONCALVEZ;1013113;SERV COLECTIVO SALTA-POSCO;12;0;12;0;12;;;Servicios;ADJUDICADO;TRANSPORTE TMS S. A. S.;U003;26/12/2026;12/9/2026;10160157;20;1;12/9/2026;14/9/2026;C25;4500139298;20;4403;1;MPITTIA;23/9/2026;30/10/2026;C25;0;;;;;;;;;;;03 Cert Mensual;En curso;;C25
00372 UTE 372 GEO POSCO II;1000095428;30;ZPAN;03 - TRANSP PERS SLA;;0;;;;NGONCALVEZ;1013113;SERV DE ESCOLTA SALTA-POSCO;12;5;12;0;7;5000191549;4/10/2026;Servicios;RECEPCIONADO PARCIAL;TRANSPORTE TMS S. A. S.;U003;26/12/2026;12/9/2026;10160157;30;1;12/9/2026;14/9/2026;C25;4500139298;30;4403;1;MPITTIA;23/9/2026;30/10/2026;C25;1;4/10/2026;;;;;;;;;;03 Cert Mensual;En curso;Verde;C25
00372 UTE 372 GEO POSCO II;1000095446;10;ZPAN;01 - EXT TRANSP PERS;;0;;;;NGONCALVEZ;1026128;REMIS TERM SANTA MARIA - EL EJE;10;3;10;0;7;5000191492;3/10/2026;Servicios;RECEPCIONADO PARCIAL;FLORES OSCAR ARIEL;U003;28/11/2026;14/9/2026;10160190;10;1;14/9/2026;15/9/2026;C24;4500139809;10;4403;1;MPITTIA;30/9/2026;28/11/2026;C24;1;3/10/2026;;;;;;;;;;01 Cert Semanal;En curso;Verde;C24
00372 UTE 372 GEO POSCO II;1000095709;10;ZPAN;03- EXT ATENCION PRI;;0;;;;MMOHR;1022295;SERVICIO DE AUSENTISMO Y ATENCION PRIMAR;800;0;0;800;0;;;Servicios;SIN TRATAMIENTO;;U003;18/12/2026;18/9/2026;10160598;10;1;18/9/2026;21/9/2026;C25;;0;;0;;;;;0;;;;;;;;;;;03 Cert Mensual;En curso;;C25
00372 UTE 372 GEO POSCO II;1000095712;10;ZPAN;03- EXT ALQ IMPRESOR;;0;;;;MMOHR;1026131;ALQ IMPRESORA MULTIF COLOR A3 X MES;3;0;3;0;3;;;Servicios;ADJUDICADO;TECNICA Y SISTEMAS SRL;U003;18/12/2026;18/9/2026;10160601;10;1;18/9/2026;21/9/2026;C25;4500139931;10;4403;1;JESPARZA;1/10/2026;18/12/2026;C25;0;;;;;;;;;;;03 Cert Mensual;En curso;;C25
00372 UTE 372 GEO POSCO II;1000095712;20;ZPAN;03- EXT ALQ IMPRESOR;;0;;;;MMOHR;1026130;ALQ IMPRESORA MULTIF BYN A3 x MES;3;0;3;0;3;;;Servicios;ADJUDICADO;TECNICA Y SISTEMAS SRL;U003;18/12/2026;18/9/2026;10160601;20;1;18/9/2026;21/9/2026;C25;4500139931;20;4403;1;JESPARZA;1/10/2026;18/12/2026;C25;0;;;;;;;;;;;03 Cert Mensual;En curso;;C25
00372 UTE 372 GEO POSCO II;1000095746;30;ZPAN;PED AGUA X 500;;1;;;;MMOHR;1012979;FLETE PLAYO 6MT XVIAJE;1;0;0;1;0;;;Servicios;SIN TRATAMIENTO;;U003;2/10/2026;18/9/2026;10160699;30;1;18/9/2026;21/9/2026;C01;;0;;0;;;;;0;;;;;;;;;;;Sin aclaración;Vencido con cant pendiente a recep;;C01
00372 UTE 372 GEO POSCO II;1000096156;10;ZPAN;01 - VTV;;0;;;;MMOHR;1022295;SERVICIO VTV CAMIONETA;2;0;2;0;2;;;Servicios;ADJUDICADO;PLANTA REVESA SRL;U003;19/10/2026;27/9/2026;10161262;10;1;27/9/2026;28/9/2026;C01;4500139736;10;4403;1;AZAPANA;29/9/2026;19/10/2026;C01;0;;;;;;;;;;;01 Cert Semanal;En curso - Próximo a vencer;;C01
00372 UTE 372 GEO POSCO II;1000096158;10;ZPAN;REG FAC 4-8663;;0;;;;MMOHR;1022295;REG ATENCION MEDICA;1;0;1;0;1;;;Servicios;ADJUDICADO;LABTEC S. R. L.;U003;19/10/2026;27/9/2026;10161264;10;1;27/9/2026;28/9/2026;C25;4500140430;20;4403;1;LHANCEVICH;7/10/2026;19/10/2026;C25;0;;;;;;;;;;;Sin aclaración;En curso - Próximo a vencer;;C25
00372 UTE 372 GEO POSCO II;1000096159;10;ZPAN;REG FAC 4-8664;;0;;;;MMOHR;1022295;REG ATENCION MEDICA;1;0;1;0;1;;;Servicios;ADJUDICADO;LABTEC S. R. L.;U003;19/10/2026;27/9/2026;10161265;10;1;27/9/2026;28/9/2026;C25;4500140430;10;4403;1;LHANCEVICH;7/10/2026;19/10/2026;C25;0;;;;;;;;;;;Sin aclaración;En curso - Próximo a vencer;;C25
00372 UTE 372 GEO POSCO II;1000096168;10;ZPAN;04-EXT INTERNET;;1;;;;MMOHR;1025931;SERVICIO DE INTERNET X MES;1;0;0;1;0;;;Servicios;SIN TRATAMIENTO;;U003;12/10/2026;28/9/2026;10161278;10;1;28/9/2026;28/9/2026;C25;;0;;0;;;;;0;;;;;;;;;;;04 Cert a Demanda;En curso - Próximo a vencer;;C25
00372 UTE 372 GEO POSCO II;1000096693;10;ZPAN;CERT 01 MEDIO AMBIEN;;0;;;;FALFARO;1022295;FORMALIZAR FACT 170 MEDIO AMBIENTE;1;0;0;1;0;;;Servicios;SIN TRATAMIENTO;;U003;21/10/2026;7/10/2026;10162068;10;1;7/10/2026;8/10/2026;C25;;0;;0;;;;;0;;;;;;;;;;;Sin aclaración;En curso - Próximo a vencer;;C25
00374 TERMINAL PUNTA COLORADA;1000061511;30;ZPAN;04-EXAMEN EPO DE LEY;;0;;;;JIBANEZ;1013130;Ergometria x un;;47;50;0;3;5000185524;22/8/2026;Servicios;CUMPLIDO PARCIAL;MAINETE JAVIER ALBERTO;MR01;31/12/2026;4/2/2025;10114913;50;1;18/2/2025;18/2/2025;C25;4500093891;10;0374;1;MPITTIA;19/2/2025;30/12/2026;C25;10;22/8/2026;;;;;;;;;;04 Cert a Demanda;En curso;;C25
00374 TERMINAL PUNTA COLORADA;1000061511;40;ZPAN;04-EXAMEN EPO DE LEY;;0;;;;JIBANEZ;1013130;Fondo de ojo;;2;50;0;48;5000126465;6/3/2025;Servicios;CUMPLIDO PARCIAL;MAINETE JAVIER ALBERTO;MR01;31/12/2026;4/2/2025;10114913;60;1;18/2/2025;18/2/2025;C25;4500093891;20;0374;1;MPITTIA;19/2/2025;30/12/2026;C25;2;6/3/2025;;;;;;;;;;04 Cert a Demanda;En curso;;C25
00374 TERMINAL PUNTA COLORADA;1000061548;10;ZPAN;POLIZA CAUCIÓN TANQU;;0;;;;NLAFORNARO;1012967;POLIZA DE CAUCIÓN TANQUE DE COMBUSTIBLE;;1;1;0;0;5000124733;13/2/2025;Servicios;CUMPLIDO;FEDERACION PATRONAL SEG. S.A.;MR01;31/1/2028;5/2/2025;10114952;10;1;5/2/2025;5/2/2025;C16;4500093522;10;0374;1;JESPARZA;13/2/2025;31/1/2028;C16;1;13/2/2025;;;;;;;;;;Sin aclaración;En curso - Total recepcionado;;C16
00374 TERMINAL PUNTA COLORADA;1000064526;10;ZPAN;02-VIATICOS 374 - DI;;0;;;;DSUAREZ;1013024;VIATICOS IVA 10,5;;50000000;50000000;0;0;5000151362;5/11/2025;Servicios;CUMPLIDO;SA IMPORTADORA Y EXP. DE LA PA;MR01;31/12/2026;4/4/2025;10118650;10;1;4/4/2025;4/4/2025;C25;4500096820;10;0374;1;MPITTIA;9/4/2025;31/12/2025;C25;17;5/11/2025;;;;;;;;;;02 Cert Quincenal;En curso - Total recepcionado;;C25
00374 TERMINAL PUNTA COLORADA;1000064526;20;ZPAN;02-VIATICOS 374 - DI;;0;;;;DSUAREZ;1013024;VIATICOS IVA EXENTO;;10558141,98;50000000;0;39441858,02;5000188503;11/9/2026;Servicios;CUMPLIDO PARCIAL;SA IMPORTADORA Y EXP. DE LA PA;MR01;31/12/2026;4/4/2025;10118650;20;1;4/4/2025;4/4/2025;C25;4500096820;20;0374;1;MPITTIA;9/4/2025;30/12/2026;C25;35;11/9/2026;;;;;;;;;;02 Cert Quincenal;En curso;Rojo;C25
00374 TERMINAL PUNTA COLORADA;1000065015;10;ZPAN;04-SERVICIO RECARGA;;0;;;;JIBANEZ;1035994;RECARGA DE MATAFUEGO 1 KG;;9;9;0;0;5000171627;5/5/2026;Servicios;CUMPLIDO;ESCUDERO VIVIANA ANGELICA;MR01;31/12/2026;11/4/2025;10119229;10;1;11/4/2025;11/4/2025;C25;4500097646;10;0374;1;MPITTIA;23/4/2025;30/6/2026;C25;6;5/5/2026;;;;;;;;;;04 Cert a Demanda;En curso - Total recepcionado;;C25
00374 TERMINAL PUNTA COLORADA;1000065015;20;ZPAN;04-SERVICIO RECARGA;;0;;;;JIBANEZ;1013041;RECARGA DE MATAFUEGO 2,5KG;;10;10;0;0;5000152199;12/11/2025;Servicios;CUMPLIDO;ESCUDERO VIVIANA ANGELICA;MR01;31/12/2026;11/4/2025;10119229;20;1;11/4/2025;11/4/2025;C25;4500097646;20;0374;1;MPITTIA;23/4/2025;5/12/2025;C25;4;12/11/2025;;;;;;;;;;04 Cert a Demanda;En curso - Total recepcionado;;C25
00374 TERMINAL PUNTA COLORADA;1000065015;30;ZPAN;04-SERVICIO RECARGA;;0;;;;JIBANEZ;1013042;RECARGA DE MATAFUEGO 5KG;;45;45;0;0;5000171627;5/5/2026;Servicios;CUMPLIDO;ESCUDERO VIVIANA ANGELICA;MR01;31/12/2026;11/4/2025;10119229;30;1;11/4/2025;11/4/2025;C25;4500097646;30;0374;1;MPITTIA;23/4/2025;30/6/2026;C25;8;5/5/2026;;;;;;;;;;04 Cert a Demanda;En curso - Total recepcionado;;C25
00374 TERMINAL PUNTA COLORADA;1000065015;40;ZPAN;04-SERVICIO RECARGA;;0;;;;JIBANEZ;1013039;RECARGA DE MATAFUEGO 10KG;;24;24;0;0;5000139187;18/7/2025;Servicios;CUMPLIDO;ESCUDERO VIVIANA ANGELICA;MR01;31/12/2026;11/4/2025;10119229;40;1;11/4/2025;11/4/2025;C25;4500097646;40;0374;1;MPITTIA;23/4/2025;5/12/2025;C25;2;18/7/2025;;;;;;;;;;04 Cert a Demanda;En curso - Total recepcionado;;C25
00374 TERMINAL PUNTA COLORADA;1000070447;10;ZPAN;04-Servicios Medicos;;0;;;;DSUAREZ;1042633;NOMENCLADOR BIOQ UNIF;;0;30;0;30;;;Materiales usuales;ADJUDICADO;LABOR AUSTRAL SRL;MR01;31/12/2026;17/7/2025;10126339;10;1;17/7/2025;17/7/2025;C25;4500104914;10;0374;1;MPITTIA;30/7/2025;31/12/2026;C25;0;;;;;;;;;;;04 Cert a Demanda;En curso;;C25
00374 TERMINAL PUNTA COLORADA;1000070447;20;ZPAN;04-Servicios Medicos;;0;;;;DSUAREZ;1042634;US GASTO RADIOLÓGICO;;30;30;0;0;5000142460;18/8/2025;Servicios;CUMPLIDO;LABOR AUSTRAL SRL;MR01;31/12/2026;17/7/2025;10126339;20;1;17/7/2025;17/7/2025;C25;4500104914;20;0374;1;MPITTIA;30/7/2025;31/12/2026;C25;1;18/8/2025;;;;;;;;;;04 Cert a Demanda;En curso - Total recepcionado;;C25
00374 TERMINAL PUNTA COLORADA;1000070447;30;ZPAN;04-Servicios Medicos;;0;;;;DSUAREZ;1042635;GALENO RADIOLÓGICO;;6,75;30;0;23,25;5000142460;18/8/2025;Servicios;CUMPLIDO PARCIAL;LABOR AUSTRAL SRL;MR01;31/12/2026;17/7/2025;10126339;30;1;17/7/2025;17/7/2025;C25;4500104914;30;0374;1;MPITTIA;30/7/2025;31/12/2026;C25;1;18/8/2025;;;;;;;;;;04 Cert a Demanda;En curso;;C25
00374 TERMINAL PUNTA COLORADA;1000070447;40;ZPAN;04-Servicios Medicos;;0;;;;DSUAREZ;1042636;ESTUDIO ECOGRAFÍA;;0;10;0;10;;;Servicios;ADJUDICADO;LABOR AUSTRAL SRL;MR01;31/12/2026;17/7/2025;10126339;40;1;17/7/2025;17/7/2025;C25;4500104914;40;0374;1;MPITTIA;30/7/2025;31/12/2026;C25;0;;;;;;;;;;;04 Cert a Demanda;En curso;;C25
00374 TERMINAL PUNTA COLORADA;1000070447;50;ZPAN;04-Servicios Medicos;;0;;;;DSUAREZ;1042637;CONSULTA MÉDICA GUARDIA;;0;50;0;50;;;Servicios;ADJUDICADO;LABOR AUSTRAL SRL;MR01;31/12/2026;17/7/2025;10126339;50;1;17/7/2025;17/7/2025;C25;4500104914;50;0374;1;MPITTIA;30/7/2025;31/12/2026;C25;0;;;;;;;;;;;04 Cert a Demanda;En curso;;C25
00374 TERMINAL PUNTA COLORADA;1000070447;60;ZPAN;04-Servicios Medicos;;0;;;;DSUAREZ;1042638;CONSULTA MÉDICA CLÍNICO;;2;50;0;48;5000142460;18/8/2025;Servicios;CUMPLIDO PARCIAL;LABOR AUSTRAL SRL;MR01;31/12/2026;17/7/2025;10126339;60;1;17/7/2025;17/7/2025;C25;4500104914;60;0374;1;MPITTIA;30/7/2025;31/12/2026;C25;1;18/8/2025;;;;;;;;;;04 Cert a Demanda;En curso;;C25
00374 TERMINAL PUNTA COLORADA;1000070447;70;ZPAN;04-Servicios Medicos;;0;;;;DSUAREZ;1042639;SESIÓN TRAUMATOLOGÍA;;0;30;0;30;;;Servicios;ADJUDICADO;LABOR AUSTRAL SRL;MR01;31/12/2026;17/7/2025;10126339;70;1;17/7/2025;17/7/2025;C25;4500104914;70;0374;1;MPITTIA;30/7/2025;31/12/2026;C25;0;;;;;;;;;;;04 Cert a Demanda;En curso;;C25
00374 TERMINAL PUNTA COLORADA;1000070447;80;ZPAN;04-Servicios Medicos;;0;;;;DSUAREZ;1042640;APLICACIÓN INYECTABLES;;0;50;0;50;;;Servicios;ADJUDICADO;LABOR AUSTRAL SRL;MR01;31/12/2026;17/7/2025;10126339;80;1;17/7/2025;17/7/2025;C25;4500104914;80;0374;1;MPITTIA;30/7/2025;31/12/2026;C25;0;;;;;;;;;;;04 Cert a Demanda;En curso;;C25
00374 TERMINAL PUNTA COLORADA;1000070447;90;ZPAN;04-Servicios Medicos;;0;;;;DSUAREZ;1042641;SESIÓN CURACIÓN MEDICA;;0;50;0;50;;;Servicios;ADJUDICADO;LABOR AUSTRAL SRL;MR01;31/12/2026;17/7/2025;10126339;90;1;17/7/2025;17/7/2025;C25;4500104914;90;0374;1;MPITTIA;30/7/2025;31/12/2026;C25;0;;;;;;;;;;;04 Cert a Demanda;En curso;;C25
00374 TERMINAL PUNTA COLORADA;1000070447;100;ZPAN;04-Servicios Medicos;;0;;;;DSUAREZ;1042642;SESIÓN CURACIÓN MÉDICA QUEMADO;;0;10;0;10;;;Servicios;ADJUDICADO;LABOR AUSTRAL SRL;MR01;31/12/2026;17/7/2025;10126339;100;1;17/7/2025;17/7/2025;C25;4500104914;100;0374;1;MPITTIA;30/7/2025;31/12/2026;C25;0;;;;;;;;;;;04 Cert a Demanda;En curso;;C25
00374 TERMINAL PUNTA COLORADA;1000070447;110;ZPAN;04-Servicios Medicos;;0;;;;DSUAREZ;1042643;SESIÓN KINESIOLOGÍA;;0;30;0;30;;;Servicios;ADJUDICADO;LABOR AUSTRAL SRL;MR01;31/12/2026;17/7/2025;10126339;110;1;17/7/2025;17/7/2025;C25;4500104914;110;0374;1;MPITTIA;30/7/2025;31/12/2026;C25;0;;;;;;;;;;;04 Cert a Demanda;En curso;;C25
00374 TERMINAL PUNTA COLORADA;1000070447;120;ZPAN;04-Servicios Medicos;;0;;;;DSUAREZ;1042644;GASTO ADM MÉDICO POR SINIESTRO;;3;50;0;47;5000150412;28/10/2025;Servicios;CUMPLIDO PARCIAL;LABOR AUSTRAL SRL;MR01;31/12/2026;17/7/2025;10126339;120;1;17/7/2025;17/7/2025;C25;4500104914;120;0374;1;MPITTIA;30/7/2025;31/12/2026;C25;2;28/10/2025;;;;;;;;;;04 Cert a Demanda;En curso;;C25
00374 TERMINAL PUNTA COLORADA;1000070923;10;ZPAN;04 /4000005393-OXIGE;;0;;;;JIBANEZ;1013105;ALQUILER TUBOS DE OXIGENO;;6;6;0;0;5000142586;19/8/2025;Servicios;CUMPLIDO;ESCUDERO VIVIANA ANGELICA;MR01;31/12/2026;25/7/2025;10126920;40;1;25/7/2025;26/7/2025;C24;4500105360;20;0374;1;MPITTIA;6/8/2025;31/12/2026;C24;1;19/8/2025;;;;;;;;;;04 Cert a Demanda;En curso - Total recepcionado;;C24
00374 TERMINAL PUNTA COLORADA;1000070923;20;ZPAN;04 /4000005393-OXIGE;;0;;;;JIBANEZ;1035528;RECARGA TUBO DE OXIGENO;;4;6;0;2;5000189088;16/9/2026;Servicios;CUMPLIDO PARCIAL;ESCUDERO VIVIANA ANGELICA;MR01;31/12/2026;25/7/2025;10126920;50;1;25/7/2025;26/7/2025;C24;4500105360;30;0374;1;MPITTIA;6/8/2025;31/12/2026;C24;4;16/9/2026;;;;;;;;;;04 Cert a Demanda;En curso;;C24
00374 TERMINAL PUNTA COLORADA;1000070923;30;ZPAN;04 /4000005393-OXIGE;;0;;;;JIBANEZ;1013105;ALQUILER TUBOS DE ACETILENO;;6;6;0;0;5000142586;19/8/2025;Servicios;CUMPLIDO;ESCUDERO VIVIANA ANGELICA;MR01;31/12/2026;25/7/2025;10126920;30;1;25/7/2025;26/7/2025;C24;4500105360;10;0374;1;MPITTIA;6/8/2025;31/12/2026;C24;1;19/8/2025;;;;;;;;;;04 Cert a Demanda;En curso - Total recepcionado;;C24
00374 TERMINAL PUNTA COLORADA;1000070923;40;ZPAN;04 /4000005393-OXIGE;;0;;;;JIBANEZ;1013106;RECARGA TUBO DE ACETILENO;;20,6;41;0;20,4;5000185942;26/8/2026;Servicios;CUMPLIDO PARCIAL;ESCUDERO VIVIANA ANGELICA;MR01;31/12/2026;25/7/2025;10126920;60;1;25/7/2025;26/7/2025;C24;4500105360;40;0374;1;MPITTIA;6/8/2025;31/12/2026;C24;3;26/8/2026;;;;;;;;;;04 Cert a Demanda;En curso;;C24
00374 TERMINAL PUNTA COLORADA;1000073348;10;ZPAN;04-ZPI 4000005921 -;;0;;;;MREYNA;1046069;RECOLECCION DE RESIDUOS PELIGROSOS Y9;;0;1;0;1;;;Servicios;ADJUDICADO;SOLUCIONES AMBIENTALES PATAGONIA;MR01;31/12/2026;3/9/2025;10130205;10;1;3/9/2025;4/9/2025;C25;4500108416;10;0374;1;MPITTIA;12/9/2025;31/12/2026;C25;0;;;;;;;;;;;04 Cert a Demanda;En curso;;C25
00374 TERMINAL PUNTA COLORADA;1000073819;10;ZPAN;04-EXTENSION OC 4500;;0;;;;MREYNA;1013041;RECARGA DE MATAFUEGO 2,5KG;;6;10;0;4;5000171623;5/5/2026;Servicios;CUMPLIDO PARCIAL;ESCUDERO VIVIANA ANGELICA;MR01;31/12/2026;11/9/2025;10130836;10;1;11/9/2025;12/9/2025;C25;4500108756;10;0374;1;MPITTIA;17/9/2025;31/12/2026;C25;3;5/5/2026;;;;;;;;;;04 Cert a Demanda;En curso;;C25
00374 TERMINAL PUNTA COLORADA;1000075064;20;ZPAN;01-ZPIN HIELO Y ALQ;;0;;;;MREYNA;1035446;SERVICIO ALQUILER DE FREEZER X MES;;3;6;0;3;5000162316;17/2/2026;Servicios;CUMPLIDO PARCIAL;CARRIZO PATRICIA DEL CARMEN;MR01;31/12/2026;1/10/2025;10132341;20;1;1/10/2025;2/10/2025;C25;4500110662;20;0374;1;MPITTIA;14/10/2025;31/12/2026;C25;3;17/2/2026;;;;;;;;;;01 Cert Semanal;En curso;Rojo;C25
00374 TERMINAL PUNTA COLORADA;1000075064;30;ZPAN;01-ZPIN HIELO Y ALQ;;0;;;;MREYNA;1035446;SERVICIO ALQUILER DE FREEZER X MES;;0;6;0;6;;;Servicios;ADJUDICADO;CARRIZO PATRICIA DEL CARMEN;MR01;31/12/2026;1/10/2025;10132341;30;1;1/10/2025;2/10/2025;C25;4500110662;30;0374;1;MPITTIA;14/10/2025;31/12/2026;C25;0;;;;;;;;;;;01 Cert Semanal;En curso;;C25
00374 TERMINAL PUNTA COLORADA;1000075595;10;ZPAN;03 - ALQUILER BAÑOS;;0;;;;JIBANEZ;1022693;ALQUILER DE MODULO DE BANO X U;;360;360;0;0;5000182777;1/8/2026;Servicios;CUMPLIDO;ECOPORTATILES SA;MR01;30/10/2026;9/10/2025;10133087;10;1;9/10/2025;10/10/2025;C25;4500110817;10;0374;1;MPITTIA;15/10/2025;30/10/2026;C25;10;1/8/2026;;;;;;;;;;03 Cert Mensual;En curso - Próximo a vencer;Rojo;C25
00374 TERMINAL PUNTA COLORADA;1000075595;20;ZPAN;03 - ALQUILER BAÑOS;;0;;;;JIBANEZ;1013136;SERVICIO LIMPIEZA DESAGOTE BANO QUIMICO;;8640;8640;0;0;5000186742;1/9/2026;Servicios;CUMPLIDO;ECOPORTATILES SA;MR01;30/10/2026;9/10/2025;10133087;20;1;9/10/2025;10/10/2025;C25;4500110817;20;0374;1;MPITTIA;15/10/2025;30/10/2026;C25;11;1/9/2026;;;;;;;;;;03 Cert Mensual;En curso - Próximo a vencer;Rojo;C25
00374 TERMINAL PUNTA COLORADA;1000075595;30;ZPAN;03 - ALQUILER BAÑOS;;0;;;;JIBANEZ;1047100;ALQUILER DE MODULO BAÑO 6MT X MES;;24;24;0;0;5000179015;2/7/2026;Servicios;CUMPLIDO;ECOPORTATILES SA;MR01;30/10/2026;9/10/2025;10133087;30;1;9/10/2025;10/10/2025;C25;4500110817;30;0374;1;MPITTIA;15/10/2025;30/10/2026;C25;9;2/7/2026;;;;;;;;;;03 Cert Mensual;En curso - Próximo a vencer;Rojo;C25
00374 TERMINAL PUNTA COLORADA;1000075595;40;ZPAN;03 - ALQUILER BAÑOS;;0;;;;JIBANEZ;1013136;SERVICIO LIMPIEZA DESAGOTE BANO QUIMICO;;576;576;0;0;5000182777;1/8/2026;Servicios;CUMPLIDO;ECOPORTATILES SA;MR01;30/10/2026;9/10/2025;10133087;40;1;9/10/2025;10/10/2025;C25;4500110817;40;0374;1;MPITTIA;15/10/2025;30/10/2026;C25;10;1/8/2026;;;;;;;;;;03 Cert Mensual;En curso - Próximo a vencer;Rojo;C25
00374 TERMINAL PUNTA COLORADA;1000075601;10;ZPAN;03-OC SERVICIO INTER;;0;;;;JIBANEZ;1025931;SERV. INTERNET X MES - 50G - MOVIL;;12;12;0;0;5000191468;2/10/2026;Servicios;CUMPLIDO;JAWIT S.A.;MR01;30/1/2027;9/10/2025;10133090;10;1;9/10/2025;2/5/2026;C25;4500110746;10;0374;1;MPITTIA;15/10/2025;30/1/2027;C25;12;2/10/2026;;;;;;;;;;03 Cert Mensual;En curso - Total recepcionado;;C25
00374 TERMINAL PUNTA COLORADA;1000075601;20;ZPAN;03-OC SERVICIO INTER;;0;;;;JIBANEZ;1025931;SERV. INTERNET X MES - 50G - OLIVARES;;12;12;0;0;5000191468;2/10/2026;Servicios;CUMPLIDO;JAWIT S.A.;MR01;30/1/2027;9/10/2025;10133090;20;1;9/10/2025;13/10/2025;C25;4500110746;20;0374;1;MPITTIA;15/10/2025;30/1/2027;C25;12;2/10/2026;;;;;;;;;;03 Cert Mensual;En curso - Total recepcionado;;C25
00374 TERMINAL PUNTA COLORADA;1000075601;30;ZPAN;03-OC SERVICIO INTER;;0;10;4;6/1/2026;JIBANEZ;1025931;SERV. INTERNET X MES -  1TB - BASE SG;;1;1;0;0;5000154514;4/12/2025;Servicios;CUMPLIDO;JAWIT S.A.;MR01;30/1/2027;9/10/2025;10133090;30;1;9/10/2025;9/10/2025;C25;4500110746;30;0374;1;MPITTIA;15/10/2025;30/1/2027;C25;3;4/12/2025;;;;;;;;;;03 Cert Mensual;En curso - Total recepcionado;;C25
00374 TERMINAL PUNTA COLORADA;1000075601;40;ZPAN;03-OC SERVICIO INTER;;0;;;;JIBANEZ;1025931;SERV. INTERNET X MES -  2,5TB - OBRADOR;;5;5;0;0;5000168456;9/4/2026;Servicios;CUMPLIDO;JAWIT S.A.;MR01;30/1/2027;9/10/2025;10133090;40;1;9/10/2025;13/10/2025;C25;4500110746;40;0374;1;MPITTIA;15/10/2025;30/1/2027;C25;9;9/4/2026;;;;;;;;;;03 Cert Mensual;En curso - Total recepcionado;;C25
00374 TERMINAL PUNTA COLORADA;1000075601;50;ZPAN;03-OC SERVICIO INTER;;0;;;;JIBANEZ;1025931;SERV. INTERNET X MES - 500G - JEFATURA;;0;12;0;12;;;Servicios;ADJUDICADO;JAWIT S.A.;MR01;30/1/2027;9/10/2025;10133090;50;1;9/10/2025;13/10/2025;C25;4500110746;50;0374;1;MPITTIA;15/10/2025;30/1/2027;C25;0;;;;;;;;;;;03 Cert Mensual;En curso;;C25
00374 TERMINAL PUNTA COLORADA;1000076010;10;ZPAN;04-INCOPORACION MODU;;0;;;;MREYNA;1013130;Módulo N° 1 - Tareas Livianas;;88;100;0;12;5000167753;6/4/2026;Servicios;CUMPLIDO PARCIAL;MAINETE JAVIER ALBERTO;MR01;30/12/2026;16/10/2025;10133583;10;1;16/10/2025;16/10/2025;C25;4500111090;10;0374;1;MPITTIA;17/10/2025;30/12/2026;C25;1;6/4/2026;;;;;;;;;;04 Cert a Demanda;En curso;;C25
00374 TERMINAL PUNTA COLORADA;1000076010;20;ZPAN;04-INCOPORACION MODU;;0;;;;MREYNA;1013130;Módulo N° 3 - Tareas de Altura;;96;100;0;4;5000175457;3/6/2026;Servicios;CUMPLIDO PARCIAL;MAINETE JAVIER ALBERTO;MR01;30/12/2026;16/10/2025;10133583;20;1;16/10/2025;16/10/2025;C25;4500111090;20;0374;1;MPITTIA;17/10/2025;30/12/2026;C25;4;3/6/2026;;;;;;;;;;04 Cert a Demanda;En curso;;C25
00374 TERMINAL PUNTA COLORADA;1000076010;30;ZPAN;04-INCOPORACION MODU;;0;;;;MREYNA;1013130;Módulo N° 4 - Conductores de Vehículos;;100;100;0;0;5000168655;11/4/2026;Servicios;CUMPLIDO;MAINETE JAVIER ALBERTO;MR01;30/12/2026;16/10/2025;10133583;30;1;16/10/2025;16/10/2025;C25;4500111090;30;0374;1;MPITTIA;17/10/2025;30/6/2026;C25;3;11/4/2026;;;;;;;;;;04 Cert a Demanda;En curso - Total recepcionado;;C25
00374 TERMINAL PUNTA COLORADA;1000076010;50;ZPAN;04-INCOPORACION MODU;;0;;;;MREYNA;1013130;Estudios según Modulo 2 S/ ergo;;3;100;0;97;5000185521;22/8/2026;Servicios;CUMPLIDO PARCIAL;MAINETE JAVIER ALBERTO;MR01;30/12/2026;16/10/2025;10133583;50;1;16/10/2025;16/10/2025;C25;4500111090;50;0374;1;MPITTIA;17/10/2025;30/12/2026;C25;2;22/8/2026;;;;;;;;;;04 Cert a Demanda;En curso;;C25
00374 TERMINAL PUNTA COLORADA;1000076010;60;ZPAN;04-INCOPORACION MODU;;0;;;;MREYNA;1013130;Estudios según Modulo 6 S/ ergo;;89;100;0;11;5000165360;13/3/2026;Servicios;CUMPLIDO PARCIAL;MAINETE JAVIER ALBERTO;MR01;30/12/2026;16/10/2025;10133583;60;1;16/10/2025;16/10/2025;C25;4500111090;60;0374;1;MPITTIA;17/10/2025;30/12/2026;C25;1;13/3/2026;;;;;;;;;;04 Cert a Demanda;En curso;;C25
00374 TERMINAL PUNTA COLORADA;1000076674;10;ZPAN;04-CONTROL ALCOHOL Y;;0;;;;MREYNA;1022295;CONTROL DE ALCOHOL Y DROGAS;;177;180;0;3;5000175456;3/6/2026;Servicios;CUMPLIDO PARCIAL;MAINETE JAVIER ALBERTO;MR01;30/12/2026;28/10/2025;10134557;10;1;28/10/2025;29/10/2025;C25;4500111904;10;0374;1;MPITTIA;29/10/2025;30/12/2026;C25;6;3/6/2026;;;;;;;;;;04 Cert a Demanda;En curso;;C25
00374 TERMINAL PUNTA COLORADA;1000076683;10;ZPAN;04-ADICIONALES OC 45;;0;;;;MREYNA;1013131;CONVERSION MODULO 2 AL MODULO 3/4/5;;7;100;0;93;5000156336;20/12/2025;Servicios;CUMPLIDO PARCIAL;MAINETE JAVIER ALBERTO;MR01;30/12/2026;28/10/2025;10134565;10;1;28/10/2025;29/10/2025;C25;4500111901;10;0374;1;MPITTIA;29/10/2025;31/12/2026;C25;1;20/12/2025;;;;;;;;;;04 Cert a Demanda;En curso;;C25
00374 TERMINAL PUNTA COLORADA;1000076683;20;ZPAN;04-ADICIONALES OC 45;;0;;;;MREYNA;1013131;ESPIROMETRÍA;;26;100;0;74;5000185525;22/8/2026;Servicios;CUMPLIDO PARCIAL;MAINETE JAVIER ALBERTO;MR01;30/12/2026;28/10/2025;10134565;20;1;28/10/2025;29/10/2025;C25;4500111901;20;0374;1;MPITTIA;29/10/2025;31/12/2026;C25;2;22/8/2026;;;;;;;;;;04 Cert a Demanda;En curso;;C25
00374 TERMINAL PUNTA COLORADA;1000076774;10;ZPAN;03-EXTENSION OC 4500;;0;;;;MREYNA;1035446;REPRESENTACION TECNICA;;9;13;0;4;5000185936;26/8/2026;Servicios;CUMPLIDO PARCIAL;SAN ROMAN GONZALO ARIEL;MR01;31/12/2026;29/10/2025;10134679;10;1;29/10/2025;30/10/2025;C25;4500113181;10;0374;1;MPITTIA;14/11/2025;31/12/2026;C25;9;26/8/2026;;;;;;;;;;03 Cert Mensual;En curso;Rojo;C25
00374 TERMINAL PUNTA COLORADA;1000077138;10;ZPAN;04-POLIZA RC OBRA CI;;0;;;;NLAFORNARO;1012957;poliza rc 455585 374 obra civil;;1;1;0;0;5000153821;28/11/2025;Servicios;CUMPLIDO;SANCOR COOP. DE SEG. LTDA.;MR01;22/1/2027;4/11/2025;10135141;10;1;4/11/2025;4/11/2025;C16;4500113220;10;0374;1;JESPARZA;14/11/2025;22/1/2027;C16;1;28/11/2025;;;;;;;;;;04 Cert a Demanda;En curso - Total recepcionado;;C16
00374 TERMINAL PUNTA COLORADA;1000077149;10;ZPAN;03 - Lavandería Play;;0;;;;DSUAREZ;1013077;SERV LAVANDERIA 1/2 CAJON;;500;500;0;0;5000179250;3/7/2026;Servicios;CUMPLIDO;MALDONADO ELVA;MR01;31/12/2026;4/11/2025;10135151;10;1;4/11/2025;4/11/2025;C25;4500112708;10;0374;1;MPITTIA;10/11/2025;31/12/2026;C25;7;3/7/2026;;;;;;;;;;03 Cert Mensual;En curso - Total recepcionado;;C25
00374 TERMINAL PUNTA COLORADA;1000077149;20;ZPAN;03 - Lavandería Play;;0;;;;DSUAREZ;1013077;SERV LAVANDERIA 1 CAJON COMPLETO;;500;500;0;0;5000171870;6/5/2026;Servicios;CUMPLIDO;MALDONADO ELVA;MR01;31/12/2026;4/11/2025;10135151;20;1;4/11/2025;4/11/2025;C25;4500112708;20;0374;1;MPITTIA;10/11/2025;31/12/2026;C25;8;6/5/2026;;;;;;;;;;03 Cert Mensual;En curso - Total recepcionado;;C25
00374 TERMINAL PUNTA COLORADA;1000077198;10;ZPAN;02-Regularizacion La;;0;;;;DSUAREZ;1013024;VIATICOS IVA 10,5 REGULARIZACION;;89070;89070;0;0;5000152247;12/11/2025;Servicios;CUMPLIDO;SA IMPORTADORA Y EXP. DE LA PA;MR01;25/11/2026;5/11/2025;10135203;10;1;5/11/2025;15/11/2025;C25;4500112959;10;0374;1;MPITTIA;12/11/2025;25/11/2025;C25;1;12/11/2025;;;;;;;;;;02 Cert Quincenal;En curso - Total recepcionado;;C25
00374 TERMINAL PUNTA COLORADA;1000077198;20;ZPAN;02-Regularizacion La;;0;;;;DSUAREZ;1013024;VIATICOS IVA 10,5;;50000000;50000000;0;0;5000170951;28/4/2026;Servicios;CUMPLIDO;SA IMPORTADORA Y EXP. DE LA PA;MR01;25/11/2026;5/11/2025;10135203;20;1;5/11/2025;5/11/2025;C25;4500112960;20;0374;1;MPITTIA;12/11/2025;30/6/2026;C25;7;28/4/2026;;;;;;;;;;02 Cert Quincenal;En curso - Total recepcionado;;C25
00374 TERMINAL PUNTA COLORADA;1000077673;10;ZPAN;03- Transporte VA Ci;;0;;;;DSUAREZ;1022295;COMBI 19 PAX - N° 1;;12;12;0;0;5000187170;3/9/2026;Servicios;CUMPLIDO;TRANSPORTES VA S.R.L.;MR01;31/12/2026;13/11/2025;10135861;10;1;13/11/2025;14/11/2025;C25;4500114466;10;0374;1;MPITTIA;2/12/2025;31/12/2026;C25;12;3/9/2026;;;;;;;;;;03 Cert Mensual;En curso - Total recepcionado;;C25
00374 TERMINAL PUNTA COLORADA;1000077673;20;ZPAN;03- Transporte VA Ci;;0;;;;DSUAREZ;1022295;COMBI 19 PAX - N° 2;;12;12;0;0;5000187170;3/9/2026;Servicios;CUMPLIDO;TRANSPORTES VA S.R.L.;MR01;31/12/2026;13/11/2025;10135861;20;1;13/11/2025;14/11/2025;C25;4500114466;20;0374;1;MPITTIA;2/12/2025;31/12/2026;C25;12;3/9/2026;;;;;;;;;;03 Cert Mensual;En curso - Total recepcionado;;C25
00374 TERMINAL PUNTA COLORADA;1000077673;30;ZPAN;03- Transporte VA Ci;;0;;;;DSUAREZ;1022295;COMBI 19 PAX - N° 3;;12;12;0;0;5000187170;3/9/2026;Servicios;CUMPLIDO;TRANSPORTES VA S.R.L.;MR01;31/12/2026;13/11/2025;10135861;30;1;13/11/2025;14/11/2025;C25;4500114466;30;0374;1;MPITTIA;2/12/2025;31/12/2026;C25;12;3/9/2026;;;;;;;;;;03 Cert Mensual;En curso - Total recepcionado;;C25
00374 TERMINAL PUNTA COLORADA;1000077673;40;ZPAN;03- Transporte VA Ci;;0;;;;DSUAREZ;1022295;COMBI 19 PAX - N° 4;;12;12;0;0;5000187170;3/9/2026;Servicios;CUMPLIDO;TRANSPORTES VA S.R.L.;MR01;31/12/2026;13/11/2025;10135861;40;1;13/11/2025;14/11/2025;C25;4500114466;40;0374;1;MPITTIA;2/12/2025;31/12/2026;C25;12;3/9/2026;;;;;;;;;;03 Cert Mensual;En curso - Total recepcionado;;C25
00374 TERMINAL PUNTA COLORADA;1000077677;10;ZPAN;03- Transp Las Gruta;;0;;;;DSUAREZ;1013113;COLECTIVO 44 PAX - N° 1 x VIAJE;;315;315;0;0;5000164537;7/3/2026;Servicios;CUMPLIDO;LAS GRUTAS S A;MR01;31/12/2026;13/11/2025;10135863;10;1;13/11/2025;14/11/2025;C25;4500114323;10;0374;1;MPITTIA;1/12/2025;31/12/2026;C25;3;7/3/2026;;;;;;;;;;03 Cert Mensual;En curso - Total recepcionado;;C25
00374 TERMINAL PUNTA COLORADA;1000077677;20;ZPAN;03- Transp Las Gruta;;0;;;;DSUAREZ;1013113;COLECTIVO 44 PAX - N° 2 x VIAJE;;315;315;0;0;5000175392;3/6/2026;Servicios;CUMPLIDO;LAS GRUTAS S A;MR01;31/12/2026;13/11/2025;10135863;20;1;13/11/2025;14/11/2025;C25;4500114323;20;0374;1;MPITTIA;1/12/2025;31/12/2026;C25;4;3/6/2026;;;;;;;;;;03 Cert Mensual;En curso - Total recepcionado;;C25
00374 TERMINAL PUNTA COLORADA;1000077677;30;ZPAN;03- Transp Las Gruta;;0;;;;DSUAREZ;1013113;COLECTIVO 44 PAX - N° 3 x VIAJE;;315;315;0;0;5000183233;5/8/2026;Servicios;CUMPLIDO;LAS GRUTAS S A;MR01;31/12/2026;13/11/2025;10135863;30;1;13/11/2025;14/11/2025;C25;4500114323;30;0374;1;MPITTIA;1/12/2025;31/12/2026;C25;3;5/8/2026;;;;;;;;;;03 Cert Mensual;En curso - Total recepcionado;;C25
00374 TERMINAL PUNTA COLORADA;1000077677;40;ZPAN;03- Transp Las Gruta;;0;;;;DSUAREZ;1013113;COLECTIVO 44 PAX - N° 4 LINEA;;315;315;0;0;5000179246;3/7/2026;Servicios;CUMPLIDO;LAS GRUTAS S A;MR01;31/12/2026;13/11/2025;10135863;40;1;13/11/2025;14/11/2025;C25;4500114323;40;0374;1;MPITTIA;1/12/2025;31/12/2026;C25;5;3/7/2026;;;;;;;;;;03 Cert Mensual;En curso - Total recepcionado;;C25
00374 TERMINAL PUNTA COLORADA;1000077677;50;ZPAN;03- Transp Las Gruta;;0;;;;DSUAREZ;1013113;COLECTIVO 44 PAX - N° 5 LINEA;;265;315;0;50;5000191594;5/10/2026;Servicios;CUMPLIDO PARCIAL;LAS GRUTAS S A;MR01;31/12/2026;13/11/2025;10135863;50;1;13/11/2025;14/11/2025;C25;4500114323;50;0374;1;MPITTIA;1/12/2025;31/12/2026;C25;4;5/10/2026;;;;;;;;;;03 Cert Mensual;En curso;Verde;C25
00374 TERMINAL PUNTA COLORADA;1000077679;10;ZPAN;03 - Agua Bidon Noal;;0;;;;DSUAREZ;1025992;ALQUILER DISPENSER FRIO CALOR x MES;;66;72;0;6;5000191332;2/10/2026;Servicios;CUMPLIDO PARCIAL;NOALE CLAUDIA ELISABETH VIVIANA;MR01;31/12/2026;13/11/2025;10135865;10;1;13/11/2025;14/11/2025;C25;4500114127;10;0374;1;MPITTIA;28/11/2025;3/12/2026;C25;11;2/10/2026;;;;;;;;;;03 Cert Mensual;En curso;Verde;C25
00374 TERMINAL PUNTA COLORADA;1000077679;20;ZPAN;03 - Agua Bidon Noal;;0;;;;DSUAREZ;1022295;BIDON DE AGUA X 20LTS;;2859;3500;0;641;5000191332;2/10/2026;Servicios;CUMPLIDO PARCIAL;NOALE CLAUDIA ELISABETH VIVIANA;MR01;31/12/2026;13/11/2025;10135865;20;1;13/11/2025;14/11/2025;C25;4500114127;20;0374;1;MPITTIA;28/11/2025;3/12/2026;C25;11;2/10/2026;;;;;;;;;;03 Cert Mensual;En curso;Verde;C25
00374 TERMINAL PUNTA COLORADA;1000077683;10;ZPAN;03 - Agua Bidon Paz;;0;;;;DSUAREZ;1025992;ALQUILER DISPENSER FRIO CALOR x MES;;116;144;0;28;5000191334;2/10/2026;Servicios;CUMPLIDO PARCIAL;PAZ PABLO FABIAN;MR01;31/12/2026;13/11/2025;10135870;10;1;13/11/2025;14/11/2025;C25;4500115290;10;0374;1;MPITTIA;12/12/2025;31/12/2026;C25;10;2/10/2026;;;;;;;;;;03 Cert Mensual;En curso;Verde;C25
00374 TERMINAL PUNTA COLORADA;1000077683;20;ZPAN;03 - Agua Bidon Paz;;0;;;;DSUAREZ;1022295;BIDON DE AGUA X 20LTS;;4843;5500;0;657;5000191334;2/10/2026;Servicios;CUMPLIDO PARCIAL;PAZ PABLO FABIAN;MR01;31/12/2026;13/11/2025;10135870;20;1;13/11/2025;14/11/2025;C25;4500115290;20;0374;1;MPITTIA;12/12/2025;31/12/2026;C25;10;2/10/2026;;;;;;;;;;03 Cert Mensual;En curso;Verde;C25
00374 TERMINAL PUNTA COLORADA;1000077704;10;ZPAN;03-Transporte Forane;;0;;;;DSUAREZ;1022295;TRANSPORTE PASAJEROS FORANEO 19PAX x MES;;3;12;0;9;5000164540;7/3/2026;Servicios;CUMPLIDO PARCIAL;PAZ DIEGO ADRIAN;MR01;31/12/2026;13/11/2025;10135903;10;1;13/11/2025;14/11/2025;C25;4500114906;10;0374;1;MPITTIA;9/12/2025;31/12/2026;C25;5;7/3/2026;;;;;;;;;;03 Cert Mensual;En curso;Rojo;C25
00374 TERMINAL PUNTA COLORADA;1000077705;10;ZPAN;03-Control de Plagas;;0;;;;DSUAREZ;1013139;PLAN COMPLETO CONTROL DE PLAGAS X MES;;9;12;0;3;5000191376;2/10/2026;Servicios;CUMPLIDO PARCIAL;MOLINA SOTO MATIAS FABIAN;MR01;31/12/2026;13/11/2025;10135904;10;1;13/11/2025;14/11/2025;C25;4500115871;10;0374;1;MPITTIA;21/12/2025;31/12/2026;C25;9;2/10/2026;;;;;;;;;;03 Cert Mensual;En curso;Verde;C25
00374 TERMINAL PUNTA COLORADA;1000077950;10;ZPAN;03 - EXTENSION OC 45;;0;;;;MREYNA;1036581;SERVICIO ALQ. GARITA DE SEG PUNTA2 XMES;;6;6;0;0;5000177585;20/6/2026;Servicios;CUMPLIDO;ECOPORTATILES SA;MR01;5/12/2026;17/11/2025;10136111;10;1;17/11/2025;28/11/2025;C03;4500114265;10;0374;1;EFUNES;1/12/2025;30/7/2026;C03;6;20/6/2026;;;;;;;;;;03 Cert Mensual;En curso - Total recepcionado;;C03
00374 TERMINAL PUNTA COLORADA;1000077950;20;ZPAN;03 - EXTENSION OC 45;;0;;;;MREYNA;1036581;AIRE ACONDICIONADO PARA GARITA X MES;;6;6;0;0;5000177585;20/6/2026;Servicios;CUMPLIDO;ECOPORTATILES SA;MR01;5/12/2026;17/11/2025;10136111;20;1;17/11/2025;28/11/2025;C03;4500114265;20;0374;1;EFUNES;1/12/2025;30/7/2026;C03;6;20/6/2026;;;;;;;;;;03 Cert Mensual;En curso - Total recepcionado;;C03
00374 TERMINAL PUNTA COLORADA;1000077950;30;ZPAN;03 - EXTENSION OC 45;;0;;;;MREYNA;1036581;SERVICIO ALQ. GARITA DE SEG POZO X MES;;6;6;0;0;5000177585;20/6/2026;Servicios;CUMPLIDO;ECOPORTATILES SA;MR01;5/12/2026;17/11/2025;10136111;30;1;17/11/2025;28/11/2025;C03;4500114265;30;0374;1;EFUNES;1/12/2025;30/7/2026;C03;6;20/6/2026;;;;;;;;;;03 Cert Mensual;En curso - Total recepcionado;;C03
00374 TERMINAL PUNTA COLORADA;1000077950;40;ZPAN;03 - EXTENSION OC 45;;0;;;;MREYNA;1036581;SERVICIO ALQ. GARITA DE SEG SIERRA X MES;;6;6;0;0;5000177585;20/6/2026;Servicios;CUMPLIDO;ECOPORTATILES SA;MR01;5/12/2026;17/11/2025;10136111;40;1;17/11/2025;28/11/2025;C03;4500114265;40;0374;1;EFUNES;1/12/2025;30/7/2026;C03;6;20/6/2026;;;;;;;;;;03 Cert Mensual;En curso - Total recepcionado;;C03
00374 TERMINAL PUNTA COLORADA;1000077950;50;ZPAN;03 - EXTENSION OC 45;;0;;;;MREYNA;1036581;SERVICIO ALQ. GARITA DE SEG PUNTA X MES;;6;6;0;0;5000177585;20/6/2026;Servicios;CUMPLIDO;ECOPORTATILES SA;MR01;5/12/2026;17/11/2025;10136111;50;1;17/11/2025;28/11/2025;C03;4500114265;50;0374;1;EFUNES;1/12/2025;30/7/2026;C03;6;20/6/2026;;;;;;;;;;03 Cert Mensual;En curso - Total recepcionado;;C03
00374 TERMINAL PUNTA COLORADA;1000077962;10;ZPAN;03 - RSU DADAM;;0;;;;DSUAREZ;1035384;ALQ Y RETIRO DE RSU - OBRA A PMY;;29;29;0;0;5000168081;7/4/2026;Servicios;CUMPLIDO;DADAM HNOS S.R.L;MR01;30/12/2026;17/11/2025;10136131;10;1;17/11/2025;2/6/2026;C25;4500116730;10;0374;1;MPITTIA;6/1/2026;30/12/2026;C25;3;7/4/2026;;;;;;;;;;03 Cert Mensual;En curso - Total recepcionado;;C25
00374 TERMINAL PUNTA COLORADA;1000077962;20;ZPAN;03 - RSU DADAM;;0;;;;DSUAREZ;1035384;RESIDUOS RSU X TN;;13,9;13,9;0;0;5000168081;7/4/2026;Servicios;CUMPLIDO;DADAM HNOS S.R.L;MR01;30/12/2026;17/11/2025;10136131;20;1;17/11/2025;2/6/2026;C25;4500116730;20;0374;1;MPITTIA;6/1/2026;30/12/2026;C25;3;7/4/2026;;;;;;;;;;03 Cert Mensual;En curso - Total recepcionado;;C25
00374 TERMINAL PUNTA COLORADA;1000078012;10;ZPAN;03 - Trat Residuos P;;0;;;;DSUAREZ;1036090;FLETE TTE CAMION CISTERNA RES PELIG;;2;6;0;4;5000191853;6/10/2026;Servicios;CUMPLIDO PARCIAL;SOLUCIONES AMBIENTALES PATAGONIA;MR01;31/12/2026;18/11/2025;10136216;10;1;18/11/2025;19/11/2025;C25;4500114988;10;0374;1;MPITTIA;10/12/2025;31/12/2026;C25;1;6/10/2026;;;;;;;;;;03 Cert Mensual;En curso;Verde;C25
00374 TERMINAL PUNTA COLORADA;1000078012;20;ZPAN;03 - Trat Residuos P;;0;;;;DSUAREZ;1036089;FLETE TTE CAMION RES PELIGROSOS SEDE;;6;6;0;0;5000184419;13/8/2026;Servicios;CUMPLIDO;SOLUCIONES AMBIENTALES PATAGONIA;MR01;31/12/2026;18/11/2025;10136216;20;1;18/11/2025;19/11/2025;C25;4500114988;20;0374;1;MPITTIA;10/12/2025;31/12/2026;C25;5;13/8/2026;;;;;;;;;;03 Cert Mensual;En curso - Total recepcionado;;C25
00374 TERMINAL PUNTA COLORADA;1000078012;30;ZPAN;03 - Trat Residuos P;;0;;;;DSUAREZ;1036084;TRAT RESIDUOS PELIGROSOS Y5;;20,47;25;0;4,53;5000191853;6/10/2026;Servicios;CUMPLIDO PARCIAL;SOLUCIONES AMBIENTALES PATAGONIA;MR01;31/12/2026;18/11/2025;10136216;30;1;18/11/2025;19/11/2025;C25;4500114988;30;0374;1;MPITTIA;10/12/2025;31/12/2026;C25;5;6/10/2026;;;;;;;;;;03 Cert Mensual;En curso;Verde;C25
00374 TERMINAL PUNTA COLORADA;1000078012;40;ZPAN;03 - Trat Residuos P;;0;;;;DSUAREZ;1042559;TRAT. DE RESIDUOS PELIGROSOS Y15 (TON);;17,59;25;0;7,41;5000191853;6/10/2026;Servicios;CUMPLIDO PARCIAL;SOLUCIONES AMBIENTALES PATAGONIA;MR01;31/12/2026;18/11/2025;10136216;40;1;18/11/2025;19/11/2025;C25;4500114988;40;0374;1;MPITTIA;10/12/2025;31/12/2026;C25;5;6/10/2026;;;;;;;;;;03 Cert Mensual;En curso;Verde;C25
00374 TERMINAL PUNTA COLORADA;1000078012;50;ZPAN;03 - Trat Residuos P;;0;;;;DSUAREZ;1036085;TRAT Y DISP FINAL RES PELIGROSOS Y44;;0;2;0;2;;;Servicios;ADJUDICADO;SOLUCIONES AMBIENTALES PATAGONIA;MR01;31/12/2026;18/11/2025;10136216;50;1;18/11/2025;19/11/2025;C25;4500114988;50;0374;1;MPITTIA;10/12/2025;31/12/2026;C25;0;;;;;;;;;;;03 Cert Mensual;En curso;;C25
00374 TERMINAL PUNTA COLORADA;1000078012;60;ZPAN;03 - Trat Residuos P;;0;;;;DSUAREZ;1036088;ALQ CONTENEDOR PARA RES PELIGROSOS;;20;48;0;28;5000171909;6/5/2026;Servicios;CUMPLIDO PARCIAL;SOLUCIONES AMBIENTALES PATAGONIA;MR01;31/12/2026;18/11/2025;10136216;60;1;18/11/2025;19/11/2025;C25;4500114988;60;0374;1;MPITTIA;10/12/2025;31/12/2026;C25;3;6/5/2026;;;;;;;;;;03 Cert Mensual;En curso;Rojo;C25
00374 TERMINAL PUNTA COLORADA;1000078020;10;ZPAN;03-Viandas Punta Nor;;0;;;;DSUAREZ;1013116;VIANDA ALMUERZO LINEA CALIENTE XUN;;92002;112000;0;19998;5000190095;23/9/2026;Servicios;CUMPLIDO PARCIAL;PUNTA NORTE S.R.L.;MR01;31/12/2026;18/11/2025;10136224;10;1;18/11/2025;19/11/2025;C25;4500115636;10;0374;1;MPITTIA;17/12/2025;31/12/2026;C25;17;23/9/2026;;;;;;;;;;03 Cert Mensual;En curso;Verde;C25
00374 TERMINAL PUNTA COLORADA;1000078822;10;ZPAN;03 - SERV DE INTERNE;;0;;;;JIBANEZ;1025931;SERV. INTERNET X MES -  1TB - BASE SG;;3;12;0;9;5000189156;16/9/2026;Servicios;CUMPLIDO PARCIAL;TELEFONICA MOVILES ARG. S.A. (MOVIS;MR01;30/12/2026;2/12/2025;10137255;10;1;2/12/2025;2/12/2025;C25;4500115860;10;0374;1;MPITTIA;20/12/2025;30/12/2026;C25;3;16/9/2026;;;;;;;;;;03 Cert Mensual;En curso;Verde;C25
00374 TERMINAL PUNTA COLORADA;1000079292;10;ZPAN;03- 5ta Combi - Tras;;0;;;;DSUAREZ;1022295;COMBI MOVIMIENTOS INTERNOS X MES;;12;12;0;0;5000187170;3/9/2026;Servicios;CUMPLIDO;TRANSPORTES VA S.R.L.;MR01;31/12/2026;10/12/2025;10137888;10;1;10/12/2025;11/12/2025;C25;4500116042;10;0374;1;MPITTIA;23/12/2025;31/12/2026;C25;12;3/9/2026;;;;;;;;;;03 Cert Mensual;En curso - Total recepcionado;;C25
00374 TERMINAL PUNTA COLORADA;1000079621;10;ZPAN;POLIZA DE TANQUE;;0;;;;NLAFORNARO;1012967;poliza de tanque 449421 endoso 2;;1;1;0;0;5000156814;29/12/2025;Servicios;CUMPLIDO;FEDERACION PATRONAL SEG. S.A.;MR01;31/1/2027;15/12/2025;10138320;10;1;15/12/2025;16/12/2025;C16;4500116275;10;0374;1;JESPARZA;29/12/2025;31/1/2027;C16;1;29/12/2025;;;;;;;;;;Sin aclaración;En curso - Total recepcionado;;C16
00374 TERMINAL PUNTA COLORADA;1000079638;10;ZPAN;04 - Rayos X Bisotto;;0;;;;DSUAREZ;1022295;SERVICIO RAYOS X BISOTTO;;0;30;0;30;;;Servicios;ADJUDICADO;LABORATORIO  ANA BISOTTO;MR01;30/12/2026;15/12/2025;10138347;10;1;15/12/2025;16/12/2025;C25;4500117381;10;0374;1;MPITTIA;14/1/2026;30/12/2026;C25;0;;;;;;;;;;;04 Cert a Demanda;En curso;;C25
00374 TERMINAL PUNTA COLORADA;1000079656;10;ZPAN;03 - Medio Ambiente;;0;;;;DSUAREZ;1025973;SS HIG. SEG. Y MEDIO AMB. XMES;;7;12;0;5;5000188576;11/9/2026;Servicios;CUMPLIDO PARCIAL;CAUQUEN SRL;MR01;31/12/2026;16/12/2025;10138358;10;1;16/12/2025;16/12/2025;C25;4500116734;10;0374;1;MPITTIA;6/1/2026;31/12/2026;C25;7;11/9/2026;;;;;;;;;;03 Cert Mensual;En curso;Verde;C25
00374 TERMINAL PUNTA COLORADA;1000079957;10;ZPAN;04 - EXTENSION OC 45;;0;;;;MREYNA;1035489;SERVICIO RECARGA TUBO GAS 45 KG;;40;40;0;0;5000177583;20/6/2026;Servicios;CUMPLIDO;AIRALDE VICTOR NICOLAS;MR01;13/10/2026;22/12/2025;10138842;10;1;22/12/2025;22/12/2025;C25;4500117294;10;0374;1;MPITTIA;13/1/2026;30/6/2026;C25;12;20/6/2026;;;;;;;;;;04 Cert a Demanda;En curso - Próximo a vencer;;C25
00374 TERMINAL PUNTA COLORADA;1000079957;20;ZPAN;04 - EXTENSION OC 45;;0;;;;MREYNA;1035491;SERVICIO RECARGA TUBO GAS 10 KG;;10;10;0;0;5000173781;20/5/2026;Servicios;CUMPLIDO;AIRALDE VICTOR NICOLAS;MR01;13/10/2026;22/12/2025;10138842;20;1;22/12/2025;22/12/2025;C25;4500117294;20;0374;1;MPITTIA;13/1/2026;30/6/2026;C25;6;20/5/2026;;;;;;;;;;04 Cert a Demanda;En curso - Próximo a vencer;;C25
00374 TERMINAL PUNTA COLORADA;1000080470;10;ZPAN;CMD - Cintia Alarcon;;0;;;;DSUAREZ;1022295;CURSO MANEJO DEFENSIVO;;6;6;0;0;5000161113;5/2/2026;Servicios;CUMPLIDO;BUSTOS MARIA LORENA;MR01;10/10/2026;6/1/2026;10139655;10;1;6/1/2026;6/1/2026;374;4500116759;10;0374;1;WDILLMAN;6/1/2026;9/2/2026;374;1;5/2/2026;;;;;;;;;;Sin aclaración;En curso - Próximo a vencer;;374
00374 TERMINAL PUNTA COLORADA;1000080632;10;ZPAN;03- Vigilancia Priva;;0;;;;DSUAREZ;1013147;SERV VIGIL OBRADOR SIERRA GRANDE;;4317;5760;0;1443;5000190699;28/9/2026;Servicios;CUMPLIDO PARCIAL;ARCE JAIME WALTER;MR01;31/12/2026;8/1/2026;10139903;10;1;8/1/2026;9/1/2026;C25;4500118284;10;0374;1;MPITTIA;23/1/2026;31/12/2026;C25;9;28/9/2026;;;;;;;;;;03 Cert Mensual;En curso;Verde;C25
00374 TERMINAL PUNTA COLORADA;1000080632;20;ZPAN;03- Vigilancia Priva;;0;;;;DSUAREZ;1013147;SERV VIGIL OBRADOR PUNTA COLORADA;;3930,25;5760;0;1829,75;5000190699;28/9/2026;Servicios;CUMPLIDO PARCIAL;ARCE JAIME WALTER;MR01;31/12/2026;8/1/2026;10139903;30;1;8/1/2026;9/1/2026;C25;4500118284;30;0374;1;MPITTIA;23/1/2026;31/12/2026;C25;9;28/9/2026;;;;;;;;;;03 Cert Mensual;En curso;Verde;C25
00374 TERMINAL PUNTA COLORADA;1000080632;30;ZPAN;03- Vigilancia Priva;;0;;;;DSUAREZ;1013147;SERV VIGIL POZO OLIVARES PUNTA COLORADA;;1806;1920;0;114;5000178096;25/6/2026;Servicios;CUMPLIDO PARCIAL;ARCE JAIME WALTER;MR01;31/12/2026;8/1/2026;10139903;20;1;8/1/2026;9/1/2026;C25;4500118284;20;0374;1;MPITTIA;23/1/2026;31/12/2026;C25;6;25/6/2026;;;;;;;;;;03 Cert Mensual;En curso;Rojo;C25
00374 TERMINAL PUNTA COLORADA;1000080916;10;ZPAN;02-Viaticos 21% La A;;0;;;;DSUAREZ;1013024;VIATICOS 21%;;199999999,2;199999999,2;0;0;5000176123;8/6/2026;Servicios;CUMPLIDO;SA IMPORTADORA Y EXP. DE LA PA;MR01;31/12/2026;13/1/2026;10140200;10;1;13/1/2026;13/1/2026;C25;4500117785;10;0374;1;MPITTIA;19/1/2026;31/12/2026;C25;12;8/6/2026;;;;;;;;;;02 Cert Quincenal;En curso - Total recepcionado;;C25
00374 TERMINAL PUNTA COLORADA;1000081358;10;ZPAN;03 - Alquiler BQ y l;;0;;;;DSUAREZ;1022693;ALQUILER BAÑO QUIMICO X MES;;96;96;0;0;5000191324;2/10/2026;Servicios;CUMPLIDO;ECOPORTATILES SA;MR01;20/1/2027;20/1/2026;10140795;10;1;20/1/2026;20/1/2026;C25;4500118607;10;0374;1;MPITTIA;28/1/2026;20/1/2027;C25;3;2/10/2026;;;;;;;;;;03 Cert Mensual;En curso - Total recepcionado;;C25
00374 TERMINAL PUNTA COLORADA;1000081358;20;ZPAN;03 - Alquiler BQ y l;;0;;;;DSUAREZ;1013136;SERVICIO LIMPIEZA DESAGOTE BANO QUIMICO;;1192;2500;0;1308;5000191324;2/10/2026;Servicios;CUMPLIDO PARCIAL;ECOPORTATILES SA;MR01;20/1/2027;20/1/2026;10140795;20;1;20/1/2026;20/1/2026;C25;4500118607;20;0374;1;MPITTIA;28/1/2026;20/1/2027;C25;2;2/10/2026;;;;;;;;;;03 Cert Mensual;En curso;Verde;C25
00374 TERMINAL PUNTA COLORADA;1000081581;10;ZPAN;04-Extension Modulo;;0;;;;DSUAREZ;1013130;Módulo N° 5 - Esp Confinado REG FC6A45;;24;24;0;0;5000160014;28/1/2026;Servicios;CUMPLIDO;MAINETE JAVIER ALBERTO;MR01;31/12/2026;23/1/2026;10141177;10;1;23/1/2026;23/1/2026;C25;4500118496;10;0374;1;MPITTIA;26/1/2026;30/4/2026;C25;1;28/1/2026;;;;;;;;;;04 Cert a Demanda;En curso - Total recepcionado;;C25
00374 TERMINAL PUNTA COLORADA;1000081581;20;ZPAN;04-Extension Modulo;;0;;;;DSUAREZ;1013130;Módulo N° 5 - Espacios Confinados;;74;100;0;26;5000185522;22/8/2026;Servicios;CUMPLIDO PARCIAL;MAINETE JAVIER ALBERTO;MR01;31/12/2026;23/1/2026;10141177;20;1;23/1/2026;23/1/2026;C25;4500118616;10;0374;1;MPITTIA;28/1/2026;31/12/2026;C25;4;22/8/2026;;;;;;;;;;04 Cert a Demanda;En curso;;C25
00374 TERMINAL PUNTA COLORADA;1000082262;10;ZPAN;03- Transp Las Gruta;;0;;;;JIBANEZ;1013113;COLECTIVO 44 PAX - N° 6 x VIAJE;;240;240;0;0;5000191594;5/10/2026;Servicios;CUMPLIDO;LAS GRUTAS S A;MR01;31/12/2026;3/2/2026;10142026;10;1;3/2/2026;3/2/2026;C25;4500119963;10;0374;1;MPITTIA;12/2/2026;31/12/2026;C25;4;5/10/2026;;;;;;;;;;03 Cert Mensual;En curso - Total recepcionado;;C25
00374 TERMINAL PUNTA COLORADA;1000082262;20;ZPAN;03- Transp Las Gruta;;0;;;;JIBANEZ;1013113;COLECTIVO 44 PAX - N° 7 x VIAJE;;32;240;0;208;5000191594;5/10/2026;Servicios;CUMPLIDO PARCIAL;LAS GRUTAS S A;MR01;31/12/2026;3/2/2026;10142026;20;1;3/2/2026;3/2/2026;C25;4500119963;20;0374;1;MPITTIA;12/2/2026;31/12/2026;C25;1;5/10/2026;;;;;;;;;;03 Cert Mensual;En curso;Verde;C25
00374 TERMINAL PUNTA COLORADA;1000082384;10;ZPAN;03-Servicio Dosimetr;;0;;;;DSUAREZ;1042203;SERV DE DOSIMETRIA ANTONIO AYM X MES;;8;12;0;4;5000191378;2/10/2026;Servicios;CUMPLIDO PARCIAL;ASOC.CIVIL PROF TECRADIOL ROSA;MR01;24/12/2026;4/2/2026;10142264;10;1;4/2/2026;4/2/2026;C24;4500119666;10;0374;1;MPITTIA;9/2/2026;24/12/2026;C24;8;2/10/2026;;;;;;;;;;03 Cert Mensual;En curso;Verde;C24
00374 TERMINAL PUNTA COLORADA;1000082384;20;ZPAN;03-Servicio Dosimetr;;0;;;;DSUAREZ;1042203;SERV DE DOSIMETRIA SOFIA HERNA X MES;;8;12;0;4;5000191378;2/10/2026;Servicios;CUMPLIDO PARCIAL;ASOC.CIVIL PROF TECRADIOL ROSA;MR01;24/12/2026;4/2/2026;10142264;20;1;4/2/2026;4/2/2026;C24;4500119666;20;0374;1;MPITTIA;9/2/2026;24/12/2026;C24;8;2/10/2026;;;;;;;;;;03 Cert Mensual;En curso;Verde;C24
00374 TERMINAL PUNTA COLORADA;1000082384;30;ZPAN;03-Servicio Dosimetr;;0;;;;DSUAREZ;1042203;SERV DE DOSIMETRIA EMILIANO LEAL X MES;;8;12;0;4;5000191378;2/10/2026;Servicios;CUMPLIDO PARCIAL;ASOC.CIVIL PROF TECRADIOL ROSA;MR01;24/12/2026;4/2/2026;10142264;30;1;4/2/2026;4/2/2026;C24;4500119666;30;0374;1;MPITTIA;9/2/2026;24/12/2026;C24;8;2/10/2026;;;;;;;;;;03 Cert Mensual;En curso;Verde;C24
00374 TERMINAL PUNTA COLORADA;1000082384;40;ZPAN;03-Servicio Dosimetr;;0;;;;DSUAREZ;1042203;SERV DE DOSIMETRIA JONATAN VAZQUEZ X MES;;8;12;0;4;5000191378;2/10/2026;Servicios;CUMPLIDO PARCIAL;ASOC.CIVIL PROF TECRADIOL ROSA;MR01;24/12/2026;4/2/2026;10142264;40;1;4/2/2026;4/2/2026;C24;4500119666;40;0374;1;MPITTIA;9/2/2026;24/12/2026;C24;8;2/10/2026;;;;;;;;;;03 Cert Mensual;En curso;Verde;C24
00374 TERMINAL PUNTA COLORADA;1000082558;10;ZPAN;03 - Medico en Obra;;0;;;;DSUAREZ;1013024;VIATICOS COMBUSTIBLE MAINETE;;13;50;0;37;5000175451;3/6/2026;Servicios;CUMPLIDO PARCIAL;MAINETE JAVIER ALBERTO;MR01;31/12/2026;7/2/2026;10142487;10;1;7/2/2026;7/2/2026;C25;4500123150;10;0374;1;MPITTIA;23/3/2026;31/12/2026;C25;3;3/6/2026;;;;;;;;;;03 Cert Mensual;En curso;Rojo;C25
00374 TERMINAL PUNTA COLORADA;1000082558;20;ZPAN;03 - Medico en Obra;;0;;;;DSUAREZ;1013024;VIATICOS COMBUSTIBLE MAINETE FC196;;2;2;0;0;5000162823;23/2/2026;Servicios;CUMPLIDO;MAINETE JAVIER ALBERTO;MR01;31/12/2026;7/2/2026;10142487;20;1;7/2/2026;7/2/2026;C25;4500120242;20;0374;1;MPITTIA;18/2/2026;30/6/2026;C25;1;23/2/2026;;;;;;;;;;03 Cert Mensual;En curso - Total recepcionado;;C25
00374 TERMINAL PUNTA COLORADA;1000082575;20;ZPAN;REG-REC INTER/JAWIT-;;0;;;;MALCARAZ;1022295;RECARGA STARLINK 50 GB;;10;10;0;0;5000165410;13/3/2026;Servicios;CUMPLIDO;JAWIT S.A.;MR01;28/2/2027;7/2/2026;10142501;20;1;18/2/2026;19/2/2026;C25;4500120415;20;0374;1;MPITTIA;20/2/2026;28/2/2027;C25;1;13/3/2026;;;;;;;;;;Sin aclaración;En curso - Total recepcionado;;C25
00374 TERMINAL PUNTA COLORADA;1000083371;10;ZPAN;03 - ALQUILER BAÑOS;;0;;;;JIBANEZ;1047100;ALQUILER DE MODULO BAÑO 6MT X MES;;14;24;0;10;5000191324;2/10/2026;Servicios;CUMPLIDO PARCIAL;ECOPORTATILES SA;MR01;28/2/2027;21/2/2026;10143466;10;1;21/2/2026;24/2/2026;C25;4500121508;10;0374;1;MPITTIA;4/3/2026;28/2/2027;C25;4;2/10/2026;;;;;;;;;;03 Cert Mensual;En curso;Verde;C25
00374 TERMINAL PUNTA COLORADA;1000083371;20;ZPAN;03 - ALQUILER BAÑOS;;0;;;;JIBANEZ;1013136;SERVICIO LIMPIEZA DESAGOTE BANO QUIMICO;;188;576;0;388;5000191324;2/10/2026;Servicios;CUMPLIDO PARCIAL;ECOPORTATILES SA;MR01;28/2/2027;21/2/2026;10143466;20;1;21/2/2026;24/2/2026;C25;4500121508;20;0374;1;MPITTIA;4/3/2026;28/2/2027;C25;3;2/10/2026;;;;;;;;;;03 Cert Mensual;En curso;Verde;C25
00374 TERMINAL PUNTA COLORADA;1000083445;10;ZPAN;03 - SERVICIO MINBUS;;0;;;;SFERNANDEZ;1022295;MINIBUS TRANSPORTE FORANEOS  24PAX X MES;;8;10;0;2;5000191490;3/10/2026;Servicios;CUMPLIDO PARCIAL;PAZ DIEGO ADRIAN;MR01;31/12/2026;23/2/2026;10143583;10;1;23/2/2026;24/2/2026;C25;4500120745;10;0374;1;MPITTIA;24/2/2026;31/12/2026;C25;8;3/10/2026;;;;;;;;;;03 Cert Mensual;En curso;Verde;C25
00374 TERMINAL PUNTA COLORADA;1000083839;10;ZPAN;03 - VIATICOS INGEAP;;0;;;;JIBANEZ;1042086;VIATICOS X DIA;;802;1300;0;498;5000189536;18/9/2026;Servicios;CUMPLIDO PARCIAL;INGEAP S.A.S.;MR01;1/12/2026;27/2/2026;10144137;10;1;27/2/2026;28/2/2026;C26;4500121520;10;0374;1;AGONZALEZ;4/3/2026;1/12/2026;C26;13;18/9/2026;;;;;;;;;;03 Cert Mensual;En curso;Verde;C26
00374 TERMINAL PUNTA COLORADA;1000083866;10;ZPAN;03-AUTOELEVADOR - EX;;0;;;;JIBANEZ;1033267;SERVICIO ALQUILER AUTOELEVADOR X MES;;7;9;0;2;5000188581;11/9/2026;Servicios;CUMPLIDO PARCIAL;GRUAS SAN BLAS S.A;MR01;31/12/2026;28/2/2026;10144172;10;1;28/2/2026;2/3/2026;C04;4500121562;10;0374;1;WVENTURINI;4/3/2026;31/12/2026;C04;6;11/9/2026;;;;;;;;;;03 Cert Mensual;En curso;Verde;C04
00374 TERMINAL PUNTA COLORADA;1000085833;10;ZPAN;03-Servicio Botellon;;0;;;;DSUAREZ;1022295;BIDON DE AGUA X 20LTS;;379;3600;0;3221;5000191329;2/10/2026;Servicios;CUMPLIDO PARCIAL;KRIGER ALEJANDRO SEBASTIAN;MR01;31/12/2026;31/3/2026;10146693;10;1;31/3/2026;31/3/2026;C25;4500124511;10;0374;1;MPITTIA;9/4/2026;31/12/2026;C25;6;2/10/2026;;;;;;;;;;03 Cert Mensual;En curso;Verde;C25
00374 TERMINAL PUNTA COLORADA;1000085958;20;ZPAN;04 - Hielo en Obra;;0;;;;DSUAREZ;1017912;SERVICIO HIELO POR BOLSON 10KG XUN;;230;2000;0;1770;5000171586;5/5/2026;Servicios;CUMPLIDO PARCIAL;CARRIZO PATRICIA DEL CARMEN;MR01;30/12/2026;2/4/2026;10146862;20;1;2/4/2026;2/4/2026;C25;4500124414;20;0374;1;MPITTIA;8/4/2026;30/12/2026;C25;2;5/5/2026;;;;;;;;;;04 Cert a Demanda;En curso;;C25
00374 TERMINAL PUNTA COLORADA;1000086236;10;ZPAN;03- RSU SAPSA;;0;;;;DSUAREZ;1035384;ALQUILER DE CONTENEDORES RESIDUOS X MES;;78,9;132;0;53,1;5000191858;6/10/2026;Servicios;CUMPLIDO PARCIAL;SOLUCIONES AMBIENTALES PATAGONIA;MR01;31/12/2026;8/4/2026;10147211;10;1;8/4/2026;9/4/2026;C25;4500124877;10;0374;1;MPITTIA;13/4/2026;31/12/2026;C25;6;6/10/2026;;;;;;;;;;03 Cert Mensual;En curso;Verde;C25
00374 TERMINAL PUNTA COLORADA;1000086236;20;ZPAN;03- RSU SAPSA;;0;;;;DSUAREZ;1035384;RESIDUOS HUMEDOS VERDE RSU X TN;;20;20;0;0;5000184423;13/8/2026;Servicios;CUMPLIDO;SOLUCIONES AMBIENTALES PATAGONIA;MR01;31/12/2026;8/4/2026;10147211;20;1;8/4/2026;9/4/2026;C25;4500124877;20;0374;1;MPITTIA;13/4/2026;31/12/2026;C25;5;13/8/2026;;;;;;;;;;03 Cert Mensual;En curso - Total recepcionado;;C25
00374 TERMINAL PUNTA COLORADA;1000086236;30;ZPAN;03- RSU SAPSA;;0;;;;DSUAREZ;1035384;RESIDUOS RECICLABLES AMARILLO RSU X TN;;50;50;0;0;5000187021;3/9/2026;Servicios;CUMPLIDO;SOLUCIONES AMBIENTALES PATAGONIA;MR01;31/12/2026;8/4/2026;10147211;30;1;8/4/2026;9/4/2026;C25;4500124877;30;0374;1;MPITTIA;13/4/2026;31/12/2026;C25;6;3/9/2026;;;;;;;;;;03 Cert Mensual;En curso - Total recepcionado;;C25
00374 TERMINAL PUNTA COLORADA;1000086236;40;ZPAN;03- RSU SAPSA;;0;;;;DSUAREZ;1035384;RESIDUOS RECICLABLES INDUS AZUL RSU X TN;;5;5;0;0;5000191858;6/10/2026;Servicios;CUMPLIDO;SOLUCIONES AMBIENTALES PATAGONIA;MR01;31/12/2026;8/4/2026;10147211;40;1;8/4/2026;9/4/2026;C25;4500124877;40;0374;1;MPITTIA;13/4/2026;31/12/2026;C25;2;6/10/2026;;;;;;;;;;03 Cert Mensual;En curso - Total recepcionado;;C25
00374 TERMINAL PUNTA COLORADA;1000086236;50;ZPAN;03- RSU SAPSA;;0;;;;DSUAREZ;1035384;FLETE TRANSPORTE CONTENEDOR 5MT3 X UN;;146;264;0;118;5000191858;6/10/2026;Servicios;CUMPLIDO PARCIAL;SOLUCIONES AMBIENTALES PATAGONIA;MR01;31/12/2026;8/4/2026;10147211;50;1;8/4/2026;9/4/2026;C25;4500124877;50;0374;1;MPITTIA;13/4/2026;31/12/2026;C25;7;6/10/2026;;;;;;;;;;03 Cert Mensual;En curso;Verde;C25
00374 TERMINAL PUNTA COLORADA;1000086368;10;ZPAN;04 - ESTUDIOS PSICOM;;0;;;;JIBANEZ;1013130;ESTUDIO PSICOMETRICOS X UN;;27;50;0;23;5000185523;22/8/2026;Servicios;CUMPLIDO PARCIAL;MAINETE JAVIER ALBERTO;MR01;31/12/2026;10/4/2026;10147351;10;1;10/4/2026;11/4/2026;C25;4500125184;10;0374;1;MPITTIA;16/4/2026;30/12/2026;C25;3;22/8/2026;;;;;;;;;;04 Cert a Demanda;En curso;;C25
00374 TERMINAL PUNTA COLORADA;1000086833;30;ZPAN;04 - HORMIGON P/OBRA;;0;;;;SFERNANDEZ;1012984;SERVICIO BOMBA H° TELESCOPICA;;6;15;0;9;5000183363;5/8/2026;Servicios;CUMPLIDO PARCIAL;CEMENTOS & CONSTRUCCIONES CF S. A.;MR01;25/10/2026;18/4/2026;10148038;30;1;18/4/2026;20/4/2026;C18;4500128279;30;0374;1;JESPARZA;21/5/2026;25/10/2026;C18;3;5/8/2026;;;;;;;;;;04 Cert a Demanda;En curso - Próximo a vencer;;C18
00374 TERMINAL PUNTA COLORADA;1000086833;40;ZPAN;04 - HORMIGON P/OBRA;;0;;;;SFERNANDEZ;1012983;SERVICIO DE BOMBEO;;283;1200;0;917;5000183363;5/8/2026;Servicios;CUMPLIDO PARCIAL;CEMENTOS & CONSTRUCCIONES CF S. A.;MR01;25/10/2026;18/4/2026;10148038;40;1;18/4/2026;20/4/2026;C18;4500128279;40;0374;1;JESPARZA;21/5/2026;25/10/2026;C18;3;5/8/2026;;;;;;;;;;04 Cert a Demanda;En curso - Próximo a vencer;;C18
00374 TERMINAL PUNTA COLORADA;1000087204;10;ZPAN;04-Remis Obra 374;;0;;;;DSUAREZ;1022296;SERVICIO REMIS POR KM - ANDRADE;;15000;15000;0;0;5000180311;13/7/2026;Servicios;CUMPLIDO;ANDRADE ERIC ALEXIS;MR01;31/12/2026;24/4/2026;10148538;10;1;24/4/2026;26/5/2026;C25;4500127369;10;0374;1;MPITTIA;12/5/2026;31/12/2026;C25;9;13/7/2026;;;;;;;;;;04 Cert a Demanda;En curso - Total recepcionado;;C25
00374 TERMINAL PUNTA COLORADA;1000087204;20;ZPAN;04-Remis Obra 374;;0;;;;DSUAREZ;1022296;SERVICIO REMIS POR KM - FIBER;;7964;30000;0;22036;5000187175;3/9/2026;Servicios;CUMPLIDO PARCIAL;HINOFUENTES HECTOR BELENCO;MR01;31/12/2026;24/4/2026;10148538;20;1;24/4/2026;24/4/2026;C25;4500126712;20;0374;1;MPITTIA;5/5/2026;31/12/2026;C25;1;3/9/2026;;;;;;;;;;04 Cert a Demanda;En curso;;C25
00374 TERMINAL PUNTA COLORADA;1000087214;10;ZPAN;04- EXTENSION DIRECT;;0;;;;SFERNANDEZ;1012981;FLETE PAQUETERIA DIRECTO SUR-;;10000000;10000000;0;0;5000181721;24/7/2026;Servicios;CUMPLIDO;DIRECTO SUR S. R. L.;MR01;31/12/2026;24/4/2026;10148546;10;1;24/4/2026;24/4/2026;C15;4500128657;10;0374;1;GDIAZ;27/5/2026;31/12/2026;C15;6;24/7/2026;;;;;;;;;;04 Cert a Demanda;En curso - Total recepcionado;;C15
00374 TERMINAL PUNTA COLORADA;1000087485;20;ZPAN;Regularizacion La An;;0;;;;DSUAREZ;1013024;VIATICOS 10,5%;;50000000;50000000;0;0;5000185544;22/8/2026;Servicios;CUMPLIDO;SA IMPORTADORA Y EXP. DE LA PA;MR01;19/12/2026;28/4/2026;10148831;20;1;28/4/2026;29/4/2026;C25;4500126903;20;0374;2;MPITTIA;6/5/2026;19/12/2026;C25;8;22/8/2026;;;;;;;;;;Sin aclaración;En curso - Total recepcionado;;C25
00374 TERMINAL PUNTA COLORADA;1000087492;10;ZPAN;03 - SERVICIO DE GOM;;0;;;;JIBANEZ;1034203;DESARME/ARME+ REP. liviano;;59;100;0;41;5000191309;2/10/2026;Servicios;CUMPLIDO PARCIAL;CONTRERAS BRIAN ALEXANDER;MR01;31/12/2026;29/4/2026;10148857;10;1;29/4/2026;29/4/2026;C04;4500126452;10;0374;1;GROSES;30/4/2026;31/12/2026;C04;5;2/10/2026;;;;;;;;;;03 Cert Mensual;En curso;Verde;C04
00374 TERMINAL PUNTA COLORADA;1000087492;20;ZPAN;03 - SERVICIO DE GOM;;0;;;;JIBANEZ;1034203;DESARME/ARME+ REP. camion s/camara;;20;80;0;60;5000191309;2/10/2026;Servicios;CUMPLIDO PARCIAL;CONTRERAS BRIAN ALEXANDER;MR01;31/12/2026;29/4/2026;10148857;20;1;29/4/2026;29/4/2026;C04;4500126452;20;0374;1;GROSES;30/4/2026;31/12/2026;C04;4;2/10/2026;;;;;;;;;;03 Cert Mensual;En curso;Verde;C04
00374 TERMINAL PUNTA COLORADA;1000087492;30;ZPAN;03 - SERVICIO DE GOM;;0;;;;JIBANEZ;1034203;DESARME/ARME+ REP. camion c/camara;;66;80;0;14;5000191309;2/10/2026;Servicios;CUMPLIDO PARCIAL;CONTRERAS BRIAN ALEXANDER;MR01;31/12/2026;29/4/2026;10148857;30;1;29/4/2026;29/4/2026;C04;4500126452;30;0374;1;GROSES;30/4/2026;31/12/2026;C04;5;2/10/2026;;;;;;;;;;03 Cert Mensual;En curso;Verde;C04
00374 TERMINAL PUNTA COLORADA;1000087492;40;ZPAN;03 - SERVICIO DE GOM;;0;;;;JIBANEZ;1034203;DESARME/ARME+ REP. pesados maquina;;14;45;0;31;5000191309;2/10/2026;Servicios;CUMPLIDO PARCIAL;CONTRERAS BRIAN ALEXANDER;MR01;31/12/2026;29/4/2026;10148857;40;1;29/4/2026;29/4/2026;C04;4500126452;40;0374;1;GROSES;30/4/2026;31/12/2026;C04;5;2/10/2026;;;;;;;;;;03 Cert Mensual;En curso;Verde;C04
00374 TERMINAL PUNTA COLORADA;1000087492;50;ZPAN;03 - SERVICIO DE GOM;;0;;;;JIBANEZ;1034203;DESARME/ARME+ REP. bobcat;;10;10;0;0;5000191309;2/10/2026;Servicios;CUMPLIDO;CONTRERAS BRIAN ALEXANDER;MR01;31/12/2026;29/4/2026;10148857;50;1;29/4/2026;29/4/2026;C04;4500126452;50;0374;1;GROSES;30/4/2026;31/12/2026;C04;4;2/10/2026;;;;;;;;;;03 Cert Mensual;En curso - Total recepcionado;;C04
00374 TERMINAL PUNTA COLORADA;1000087492;60;ZPAN;03 - SERVICIO DE GOM;;0;;;;JIBANEZ;1034203;DESARME / ARME Liviano;;38;80;0;42;5000191309;2/10/2026;Servicios;CUMPLIDO PARCIAL;CONTRERAS BRIAN ALEXANDER;MR01;31/12/2026;29/4/2026;10148857;60;1;29/4/2026;29/4/2026;C04;4500126452;60;0374;1;GROSES;30/4/2026;31/12/2026;C04;5;2/10/2026;;;;;;;;;;03 Cert Mensual;En curso;Verde;C04
00374 TERMINAL PUNTA COLORADA;1000087492;70;ZPAN;03 - SERVICIO DE GOM;;0;;;;JIBANEZ;1034203;DESARME / ARME camion s/camara;;26;80;0;54;5000191309;2/10/2026;Servicios;CUMPLIDO PARCIAL;CONTRERAS BRIAN ALEXANDER;MR01;31/12/2026;29/4/2026;10148857;70;1;29/4/2026;29/4/2026;C04;4500126452;70;0374;1;GROSES;30/4/2026;31/12/2026;C04;2;2/10/2026;;;;;;;;;;03 Cert Mensual;En curso;Verde;C04
00374 TERMINAL PUNTA COLORADA;1000087492;80;ZPAN;03 - SERVICIO DE GOM;;0;;;;JIBANEZ;1034203;DESARME / ARME camion c/camara;;24;80;0;56;5000191309;2/10/2026;Servicios;CUMPLIDO PARCIAL;CONTRERAS BRIAN ALEXANDER;MR01;31/12/2026;29/4/2026;10148857;80;1;29/4/2026;29/4/2026;C04;4500126452;80;0374;1;GROSES;30/4/2026;31/12/2026;C04;4;2/10/2026;;;;;;;;;;03 Cert Mensual;En curso;Verde;C04
00374 TERMINAL PUNTA COLORADA;1000087492;90;ZPAN;03 - SERVICIO DE GOM;;0;;;;JIBANEZ;1034203;DESARME / ARME pesados maquina;;8;45;0;37;5000191309;2/10/2026;Servicios;CUMPLIDO PARCIAL;CONTRERAS BRIAN ALEXANDER;MR01;31/12/2026;29/4/2026;10148857;90;1;29/4/2026;29/4/2026;C04;4500126452;90;0374;1;GROSES;30/4/2026;31/12/2026;C04;3;2/10/2026;;;;;;;;;;03 Cert Mensual;En curso;Verde;C04
00374 TERMINAL PUNTA COLORADA;1000087492;100;ZPAN;03 - SERVICIO DE GOM;;0;;;;JIBANEZ;1034203;DESARME /ARME Bobcat;;3;10;0;7;5000182760;31/7/2026;Servicios;CUMPLIDO PARCIAL;CONTRERAS BRIAN ALEXANDER;MR01;31/12/2026;29/4/2026;10148857;100;1;29/4/2026;29/4/2026;C04;4500126452;100;0374;1;GROSES;30/4/2026;31/12/2026;C04;2;31/7/2026;;;;;;;;;;03 Cert Mensual;En curso;Rojo;C04
00374 TERMINAL PUNTA COLORADA;1000087492;110;ZPAN;03 - SERVICIO DE GOM;;0;;;;JIBANEZ;1034203;BALANCEO LIVIANO;;92;100;0;8;5000191309;2/10/2026;Servicios;CUMPLIDO PARCIAL;CONTRERAS BRIAN ALEXANDER;MR01;31/12/2026;29/4/2026;10148857;110;1;29/4/2026;29/4/2026;C04;4500126452;110;0374;1;GROSES;30/4/2026;31/12/2026;C04;5;2/10/2026;;;;;;;;;;03 Cert Mensual;En curso;Verde;C04
00374 TERMINAL PUNTA COLORADA;1000087492;120;ZPAN;03 - SERVICIO DE GOM;;0;;;;JIBANEZ;1034203;PICO CORTO LIVIANO;;4;50;0;46;5000186656;1/9/2026;Servicios;CUMPLIDO PARCIAL;CONTRERAS BRIAN ALEXANDER;MR01;31/12/2026;29/4/2026;10148857;120;1;29/4/2026;29/4/2026;C04;4500126452;120;0374;1;GROSES;30/4/2026;31/12/2026;C04;3;1/9/2026;;;;;;;;;;03 Cert Mensual;En curso;Rojo;C04
00374 TERMINAL PUNTA COLORADA;1000087492;130;ZPAN;03 - SERVICIO DE GOM;;0;;;;JIBANEZ;1034203;PICO LARGO BRONCE;;0;50;0;50;;;Servicios;ADJUDICADO;CONTRERAS BRIAN ALEXANDER;MR01;31/12/2026;29/4/2026;10148857;130;1;29/4/2026;29/4/2026;C04;4500126452;130;0374;1;GROSES;30/4/2026;31/12/2026;C04;0;;;;;;;;;;;03 Cert Mensual;En curso;;C04
00374 TERMINAL PUNTA COLORADA;1000087492;140;ZPAN;03 - SERVICIO DE GOM;;0;;;;JIBANEZ;1034203;PARCHE RAC10 (TIPTOCK);;1;20;0;19;5000179045;2/7/2026;Servicios;CUMPLIDO PARCIAL;CONTRERAS BRIAN ALEXANDER;MR01;31/12/2026;29/4/2026;10148857;140;1;29/4/2026;29/4/2026;C04;4500126452;140;0374;1;GROSES;30/4/2026;31/12/2026;C04;1;2/7/2026;;;;;;;;;;03 Cert Mensual;En curso;Rojo;C04
00374 TERMINAL PUNTA COLORADA;1000087492;150;ZPAN;03 - SERVICIO DE GOM;;0;;;;JIBANEZ;1034203;PARCHE RAC14 (TIPTOCK);;0;20;0;20;;;Servicios;ADJUDICADO;CONTRERAS BRIAN ALEXANDER;MR01;31/12/2026;29/4/2026;10148857;150;1;29/4/2026;29/4/2026;C04;4500126452;150;0374;1;GROSES;30/4/2026;31/12/2026;C04;0;;;;;;;;;;;03 Cert Mensual;En curso;;C04
00374 TERMINAL PUNTA COLORADA;1000087492;160;ZPAN;03 - SERVICIO DE GOM;;0;;;;JIBANEZ;1034203;PARCHE RAC80 (TIPTOCK);;0;20;0;20;;;Servicios;ADJUDICADO;CONTRERAS BRIAN ALEXANDER;MR01;31/12/2026;29/4/2026;10148857;160;1;29/4/2026;29/4/2026;C04;4500126452;160;0374;1;GROSES;30/4/2026;31/12/2026;C04;0;;;;;;;;;;;03 Cert Mensual;En curso;;C04
00374 TERMINAL PUNTA COLORADA;1000087679;10;ZPAN;01 - SERVICIO DE LAV;;0;;;;JIBANEZ;1022295;LAVADO CAMIONETA - INT/EXT/CHASIS;;100;100;0;0;5000190274;24/9/2026;Servicios;CUMPLIDO;CASTILLO JULIO JONATHAN ALEXANDER;MR01;31/12/2026;4/5/2026;10149084;10;1;4/5/2026;4/5/2026;C25;4500127237;10;0374;1;MPITTIA;11/5/2026;31/12/2026;C25;5;24/9/2026;;;;;;;;;;01 Cert Semanal;En curso - Total recepcionado;;C25
00374 TERMINAL PUNTA COLORADA;1000087679;20;ZPAN;01 - SERVICIO DE LAV;;0;;;;JIBANEZ;1022295;LAVADO Y DESENGRASE DE MOTOR CAMIONETA;;18;100;0;82;5000190274;24/9/2026;Servicios;CUMPLIDO PARCIAL;CASTILLO JULIO JONATHAN ALEXANDER;MR01;31/12/2026;4/5/2026;10149084;20;1;4/5/2026;4/5/2026;C25;4500127237;20;0374;1;MPITTIA;11/5/2026;31/12/2026;C25;4;24/9/2026;;;;;;;;;;01 Cert Semanal;En curso;Rojo;C25
00374 TERMINAL PUNTA COLORADA;1000087679;30;ZPAN;01 - SERVICIO DE LAV;;0;;;;JIBANEZ;1022295;LAVADO CAMION  - INT/EXT/CHASIS;;10;50;0;40;5000190274;24/9/2026;Servicios;CUMPLIDO PARCIAL;CASTILLO JULIO JONATHAN ALEXANDER;MR01;31/12/2026;4/5/2026;10149084;30;1;4/5/2026;4/5/2026;C25;4500127237;30;0374;1;MPITTIA;11/5/2026;31/12/2026;C25;5;24/9/2026;;;;;;;;;;01 Cert Semanal;En curso;Rojo;C25
00374 TERMINAL PUNTA COLORADA;1000087679;40;ZPAN;01 - SERVICIO DE LAV;;0;;;;JIBANEZ;1022295;LAVADO Y DESENGRASE DE MOTOR CAMION;;5;50;0;45;5000190274;24/9/2026;Servicios;CUMPLIDO PARCIAL;CASTILLO JULIO JONATHAN ALEXANDER;MR01;31/12/2026;4/5/2026;10149084;40;1;4/5/2026;4/5/2026;C25;4500127237;40;0374;1;MPITTIA;11/5/2026;31/12/2026;C25;5;24/9/2026;;;;;;;;;;01 Cert Semanal;En curso;Rojo;C25
00374 TERMINAL PUNTA COLORADA;1000087679;50;ZPAN;01 - SERVICIO DE LAV;;0;;;;JIBANEZ;1022295;LAVADO CAMION MANT - INT/EXT/CHASIS;;3;8;0;5;5000190274;24/9/2026;Servicios;CUMPLIDO PARCIAL;CASTILLO JULIO JONATHAN ALEXANDER;MR01;31/12/2026;4/5/2026;10149084;50;1;4/5/2026;4/5/2026;C25;4500127237;50;0374;1;MPITTIA;11/5/2026;31/12/2026;C25;3;24/9/2026;;;;;;;;;;01 Cert Semanal;En curso;Rojo;C25
00374 TERMINAL PUNTA COLORADA;1000087679;60;ZPAN;01 - SERVICIO DE LAV;;0;;;;JIBANEZ;1022295;LAVADO CAMION COMBUSTIBLE - INT/EXT/CHAS;;5;10;0;5;5000190274;24/9/2026;Servicios;CUMPLIDO PARCIAL;CASTILLO JULIO JONATHAN ALEXANDER;MR01;31/12/2026;4/5/2026;10149084;60;1;4/5/2026;4/5/2026;C25;4500127237;60;0374;1;MPITTIA;11/5/2026;31/12/2026;C25;5;24/9/2026;;;;;;;;;;01 Cert Semanal;En curso;Rojo;C25
00374 TERMINAL PUNTA COLORADA;1000087679;70;ZPAN;01 - SERVICIO DE LAV;;0;;;;JIBANEZ;1022295;LAVADO Y DESENGRASE DE MOTOR - GENERADOR;;2;20;0;18;5000190274;24/9/2026;Servicios;CUMPLIDO PARCIAL;CASTILLO JULIO JONATHAN ALEXANDER;MR01;31/12/2026;4/5/2026;10149084;70;1;4/5/2026;4/5/2026;C25;4500127237;70;0374;1;MPITTIA;11/5/2026;31/12/2026;C25;1;24/9/2026;;;;;;;;;;01 Cert Semanal;En curso;Rojo;C25
00374 TERMINAL PUNTA COLORADA;1000087679;80;ZPAN;01 - SERVICIO DE LAV;;0;;;;JIBANEZ;1022295;LAVADO EQUIPO VIAL -INT/EXT/CHASIS/MOTOR;;1;10;0;9;5000186620;1/9/2026;Servicios;CUMPLIDO PARCIAL;CASTILLO JULIO JONATHAN ALEXANDER;MR01;31/12/2026;4/5/2026;10149084;80;1;4/5/2026;4/5/2026;C25;4500127237;80;0374;1;MPITTIA;11/5/2026;31/12/2026;C25;1;1/9/2026;;;;;;;;;;01 Cert Semanal;En curso;Rojo;C25
00374 TERMINAL PUNTA COLORADA;1000087829;10;ZPAN;04 EXTENSION- RECARG;;0;;;;SFERNANDEZ;1035994;RECARGA DE MATAFUEGOS ABC 1 KG;;0;15;0;15;;;Servicios;ADJUDICADO;ESCUDERO VIVIANA ANGELICA;MR01;1/12/2026;5/5/2026;10149357;10;1;5/5/2026;6/5/2026;C25;4500127596;10;0374;1;MPITTIA;13/5/2026;1/12/2026;C25;0;;;;;;;;;;;04 Cert a Demanda;En curso;;C25
00374 TERMINAL PUNTA COLORADA;1000087829;20;ZPAN;04 EXTENSION- RECARG;;0;;;;SFERNANDEZ;1013041;RECARGA DE MATAFUEGO 2,5KG;;0;20;0;20;;;Servicios;ADJUDICADO;ESCUDERO VIVIANA ANGELICA;MR01;1/12/2026;5/5/2026;10149357;20;1;5/5/2026;6/5/2026;C25;4500127596;20;0374;1;MPITTIA;13/5/2026;1/12/2026;C25;0;;;;;;;;;;;04 Cert a Demanda;En curso;;C25
00374 TERMINAL PUNTA COLORADA;1000087829;30;ZPAN;04 EXTENSION- RECARG;;0;;;;SFERNANDEZ;1013042;RECARGA DE MATAFUEGO 5KG;;14;50;0;36;5000182726;31/7/2026;Servicios;CUMPLIDO PARCIAL;ESCUDERO VIVIANA ANGELICA;MR01;1/12/2026;5/5/2026;10149357;30;1;5/5/2026;6/5/2026;C25;4500127596;30;0374;1;MPITTIA;13/5/2026;1/12/2026;C25;1;31/7/2026;;;;;;;;;;04 Cert a Demanda;En curso;;C25
00374 TERMINAL PUNTA COLORADA;1000087829;40;ZPAN;04 EXTENSION- RECARG;;0;;;;SFERNANDEZ;1013039;RECARGA DE MATAFUEGO 10KG;;10;70;0;60;5000182726;31/7/2026;Servicios;CUMPLIDO PARCIAL;ESCUDERO VIVIANA ANGELICA;MR01;1/12/2026;5/5/2026;10149357;40;1;5/5/2026;6/5/2026;C25;4500127596;40;0374;1;MPITTIA;13/5/2026;1/12/2026;C25;1;31/7/2026;;;;;;;;;;04 Cert a Demanda;En curso;;C25
00374 TERMINAL PUNTA COLORADA;1000087829;50;ZPAN;04 EXTENSION- RECARG;;0;;;;SFERNANDEZ;1021938;RECARGA DE MATAFUEGO 50KG;;0;2;0;2;;;Servicios;ADJUDICADO;ESCUDERO VIVIANA ANGELICA;MR01;1/12/2026;5/5/2026;10149357;50;1;5/5/2026;6/5/2026;C25;4500127596;50;0374;1;MPITTIA;13/5/2026;1/12/2026;C25;0;;;;;;;;;;;04 Cert a Demanda;En curso;;C25
00374 TERMINAL PUNTA COLORADA;1000087863;10;ZPAN;02 - Servicio de Bre;;0;;;;DSUAREZ;1022295;SERVICIO DE BREAK/SNACKS;;38501;45000;0;6499;5000187549;7/9/2026;Servicios;CUMPLIDO PARCIAL;FIBER RIO NEGRO SAS;MR01;31/12/2026;6/5/2026;10149394;10;1;6/5/2026;6/5/2026;C25;4500127413;10;0374;2;MPITTIA;12/5/2026;30/12/2026;C25;4;7/9/2026;;;;;;;;;;02 Cert Quincenal;En curso;Rojo;C25
00374 TERMINAL PUNTA COLORADA;1000087889;20;ZPAN;03 - SERV.INTERNET M;;0;;;;JIBANEZ;1025931;BLOQUE  X 500GB - ADICIONAL;;2;2;0;0;5000186147;27/8/2026;Servicios;CUMPLIDO;JAWIT S.A.;MR01;15/12/2026;6/5/2026;10149439;20;1;6/5/2026;6/5/2026;C25;4500129714;10;0374;1;MPITTIA;9/6/2026;15/12/2026;C25;2;27/8/2026;;;;;;;;;;03 Cert Mensual;En curso - Total recepcionado;;C25
00374 TERMINAL PUNTA COLORADA;1000087948;20;ZPAN;03 - Adicional Contr;;0;;;;DSUAREZ;1013139;CONTROL PLAGAS EXTENSION AREA 8 Y 14;;4;4;0;0;5000186674;1/9/2026;Servicios;CUMPLIDO;MOLINA SOTO MATIAS FABIAN;MR01;31/1/2027;7/5/2026;10149525;20;1;7/5/2026;8/5/2026;C25;4500127687;10;0374;1;MPITTIA;14/5/2026;30/1/2027;C25;4;1/9/2026;;;;;;;;;;03 Cert Mensual;En curso - Total recepcionado;;C25
00374 TERMINAL PUNTA COLORADA;1000088990;10;ZPAN;03 - Servicio Dosime;;0;;;;DSUAREZ;1042203;SERV DOSIMETRIA MANRIQUE MARTIN;;1;0;8;7;5000184190;12/8/2026;Servicios;CUMPLIDO PARCIAL;;MR01;31/1/2027;23/5/2026;10150913;10;1;23/5/2026;25/5/2026;C24;;0;;1;;;;;1;12/8/2026;;;;;;;;;;03 Cert Mensual;En curso;Rojo;C24
00374 TERMINAL PUNTA COLORADA;1000088990;20;ZPAN;03 - Servicio Dosime;;0;;;;DSUAREZ;1042203;SERV DOSIMETRIA VAZQUEZ JONATAN;;3;8;0;5;5000191378;2/10/2026;Servicios;CUMPLIDO PARCIAL;ASOC.CIVIL PROF TECRADIOL ROSA;MR01;31/1/2027;23/5/2026;10150913;20;1;23/5/2026;25/5/2026;C24;4500128560;20;0374;1;MPITTIA;26/5/2026;31/1/2027;C24;3;2/10/2026;;;;;;;;;;03 Cert Mensual;En curso;Verde;C24
00374 TERMINAL PUNTA COLORADA;1000088990;30;ZPAN;03 - Servicio Dosime;;0;;;;DSUAREZ;1042203;SERV DOSIMETRIA ROSA RAMIRO;;3;8;0;5;5000191378;2/10/2026;Servicios;CUMPLIDO PARCIAL;ASOC.CIVIL PROF TECRADIOL ROSA;MR01;31/1/2027;23/5/2026;10150913;30;1;23/5/2026;25/5/2026;C24;4500128560;30;0374;1;MPITTIA;26/5/2026;31/1/2027;C24;3;2/10/2026;;;;;;;;;;03 Cert Mensual;En curso;Verde;C24
00374 TERMINAL PUNTA COLORADA;1000088990;40;ZPAN;03 - Servicio Dosime;;0;;;;DSUAREZ;1042203;SERV DOSIMETRIA DURCODOY LEANDRO;;3;8;0;5;5000191378;2/10/2026;Servicios;CUMPLIDO PARCIAL;ASOC.CIVIL PROF TECRADIOL ROSA;MR01;31/1/2027;23/5/2026;10150913;40;1;23/5/2026;25/5/2026;C24;4500128560;40;0374;1;MPITTIA;26/5/2026;31/1/2027;C24;3;2/10/2026;;;;;;;;;;03 Cert Mensual;En curso;Verde;C24
00374 TERMINAL PUNTA COLORADA;1000088990;50;ZPAN;03 - Servicio Dosime;;0;;;;DSUAREZ;1042203;SERV DOSIMETRIA PAEZ DANIEL;;3;8;0;5;5000191378;2/10/2026;Servicios;CUMPLIDO PARCIAL;ASOC.CIVIL PROF TECRADIOL ROSA;MR01;31/1/2027;23/5/2026;10150913;50;1;23/5/2026;25/5/2026;C24;4500128560;50;0374;1;MPITTIA;26/5/2026;31/1/2027;C24;3;2/10/2026;;;;;;;;;;03 Cert Mensual;En curso;Verde;C24
00374 TERMINAL PUNTA COLORADA;1000089082;10;ZPAN;01 - SERV LAVADERO E;;0;;;;JIBANEZ;1022295;LAVADO CAMIONETA - INT/EXT/CHASIS;;7;40;0;33;5000181422;22/7/2026;Servicios;CUMPLIDO PARCIAL;BILELLO LUIS ALBERTO;MR01;31/12/2026;26/5/2026;10151015;10;1;26/5/2026;27/5/2026;C25;4500129220;10;0374;1;MPITTIA;2/6/2026;31/12/2026;C25;2;22/7/2026;;;;;;;;;;01 Cert Semanal;En curso;Rojo;C25
00374 TERMINAL PUNTA COLORADA;1000089298;10;ZPAN;COPIAS EXCEDENTES X;;0;;;;SFERNANDEZ;1026181;COPIAS EXCEDENTES;;18090;100000;0;81910;5000191112;30/9/2026;Servicios;CUMPLIDO PARCIAL;TECNICA Y SISTEMAS SRL;MR01;31/12/2026;29/5/2026;10151266;10;1;29/5/2026;30/5/2026;C25;4500130182;10;0374;1;MPITTIA;16/6/2026;31/12/2026;C25;4;30/9/2026;;;;;;;;;;Sin aclaración;En curso;;C25
00374 TERMINAL PUNTA COLORADA;1000089321;10;ZPAN;03-EXT-OC 127248-INT;;0;;;;SFERNANDEZ;1025931;SERVICIO DE INTERNET X MES 5TB;;4;7;0;3;5000191468;2/10/2026;Servicios;CUMPLIDO PARCIAL;JAWIT S.A.;MR01;1/2/2027;30/5/2026;10151292;10;1;30/5/2026;30/5/2026;C25;4500129970;10;0374;1;MPITTIA;11/6/2026;1/2/2027;C25;4;2/10/2026;;;;;;;;;;03 Cert Mensual;En curso;Verde;C25
00374 TERMINAL PUNTA COLORADA;1000089556;10;ZPAN;03 - Adicional 2026;;0;;;;DSUAREZ;1022295;COMBI DIAS ADICIONALES 2026;;31;100;0;69;5000187170;3/9/2026;Servicios;CUMPLIDO PARCIAL;TRANSPORTES VA S.R.L.;MR01;31/12/2026;3/6/2026;10151580;10;1;3/6/2026;18/6/2026;C25;4500129972;10;0374;1;MPITTIA;11/6/2026;31/12/2026;C25;3;3/9/2026;;;;;;;;;;03 Cert Mensual;En curso;Rojo;C25
00374 TERMINAL PUNTA COLORADA;1000089587;50;ZPAN;02 - Subcontrato Pip;;0;;;;DSUAREZ;1012995;STAND BY;;0;20;0;20;;;Servicios;ADJUDICADO;PSB SERVICIOS INDUSTRIALES S.R.L.;MR01;15/11/2026;3/6/2026;10151626;50;1;3/6/2026;3/6/2026;C26;4500129699;50;0374;1;YCOLMAN;8/6/2026;15/11/2026;C26;0;;;;;;;;;;;02 Cert Quincenal;En curso - Próximo a vencer;;C26
00374 TERMINAL PUNTA COLORADA;1000089927;10;ZPAN;03- INTERNET PAÑOL A;;0;;;;MALCARAZ;1025931;SERVICIO DE INTERNET 1TB X MES;;4;6;0;2;5000191468;2/10/2026;Servicios;CUMPLIDO PARCIAL;JAWIT S.A.;MR01;15/12/2026;9/6/2026;10152086;10;1;9/6/2026;9/6/2026;C25;4500130191;10;0374;1;MPITTIA;16/6/2026;15/12/2026;C25;4;2/10/2026;;;;;;;;;;03 Cert Mensual;En curso;Verde;C25
00374 TERMINAL PUNTA COLORADA;1000089978;10;ZPAN;02-Viaticos 21% La A;;0;;;;SFERNANDEZ;1013024;VIATICOS 21%;;199073737;400000000;0;200926263;5000188503;11/9/2026;Servicios;CUMPLIDO PARCIAL;SA IMPORTADORA Y EXP. DE LA PA;MR01;15/1/2027;10/6/2026;10152146;10;1;10/6/2026;10/6/2026;C25;4500130230;10;0374;1;MPITTIA;16/6/2026;15/1/2027;C25;6;11/9/2026;;;;;;;;;;02 Cert Quincenal;En curso;Rojo;C25
00374 TERMINAL PUNTA COLORADA;1000090034;10;ZPAN;03- ALQ JD MINIEXCAV;;0;;;;MALCARAZ;1033267;ALQ JD E061791 - BALDE 5659;;3;3;0;0;5000188578;11/9/2026;Servicios;CUMPLIDO;SULLAIR ARGENTINA S.A;MR01;10/10/2026;11/6/2026;10152237;10;1;11/6/2026;11/6/2026;C04;4500130562;10;0374;1;WVENTURINI;18/6/2026;10/10/2026;C04;2;11/9/2026;;;;;;;;;;03 Cert Mensual;En curso - Próximo a vencer;Verde;C04
00374 TERMINAL PUNTA COLORADA;1000090271;10;ZPAN;04- RECARGA DE GAS E;;0;;;;MALCARAZ;1035489;SERVICIO RECARGA TUBO GAS 45 KG;;20;20;0;0;5000182102;28/7/2026;Servicios;CUMPLIDO;AIRALDE VICTOR NICOLAS;MR01;31/12/2026;15/6/2026;10152464;10;1;15/6/2026;16/6/2026;C25;4500130371;10;0374;1;MPITTIA;17/6/2026;31/12/2026;C25;6;28/7/2026;;;;;;;;;;04 Cert a Demanda;En curso - Total recepcionado;;C25
00374 TERMINAL PUNTA COLORADA;1000090271;20;ZPAN;04- RECARGA DE GAS E;;0;;;;MALCARAZ;1035491;SERVICIO RECARGA TUBO GAS 10 KG;;15;20;0;5;5000190235;24/9/2026;Servicios;CUMPLIDO PARCIAL;AIRALDE VICTOR NICOLAS;MR01;31/12/2026;15/6/2026;10152464;20;1;15/6/2026;16/6/2026;C25;4500130371;20;0374;1;MPITTIA;17/6/2026;31/12/2026;C25;8;24/9/2026;;;;;;;;;;04 Cert a Demanda;En curso;;C25
00374 TERMINAL PUNTA COLORADA;1000090322;10;ZPAN;03 - EXTENSION EFCO;;1;;;;MALCARAZ;1035474;ALQ.FUND TANQ CRUDA;;4;4;0;0;5000191842;6/10/2026;Servicios;CUMPLIDO;EFCO ARGENTINA SA;MR01;10/11/2026;16/6/2026;10152513;10;1;16/6/2026;17/6/2026;C26;4500130880;50;0374;2;YCOLMAN;22/6/2026;10/10/2026;C26;4;6/10/2026;;;;;;;;;;03 Cert Mensual;En curso - Próximo a vencer;Verde;C26
00374 TERMINAL PUNTA COLORADA;1000090322;20;ZPAN;03 - EXTENSION EFCO;;1;;;;MALCARAZ;1035474;ALQ. ALCANTARILLA DE ACCESO;;4;4;0;0;5000191842;6/10/2026;Servicios;CUMPLIDO;EFCO ARGENTINA SA;MR01;10/11/2026;16/6/2026;10152513;20;1;16/6/2026;17/6/2026;C26;4500130880;20;0374;1;YCOLMAN;22/6/2026;10/10/2026;C26;4;6/10/2026;;;;;;;;;;03 Cert Mensual;En curso - Próximo a vencer;Verde;C26
00374 TERMINAL PUNTA COLORADA;1000090322;30;ZPAN;03 - EXTENSION EFCO;;1;;;;MALCARAZ;1035474;ALQ. BRAZOS DE ANDAMIO;;4;4;0;0;5000191842;6/10/2026;Servicios;CUMPLIDO;EFCO ARGENTINA SA;MR01;10/11/2026;16/6/2026;10152513;30;1;16/6/2026;17/6/2026;C26;4500130880;30;0374;1;YCOLMAN;22/6/2026;10/10/2026;C26;4;6/10/2026;;;;;;;;;;03 Cert Mensual;En curso - Próximo a vencer;Verde;C26
00374 TERMINAL PUNTA COLORADA;1000090322;40;ZPAN;03 - EXTENSION EFCO;;1;;;;MALCARAZ;1035474;ALQ. PUNTALES ALINEADORES Y ACC;;4;4;0;0;5000191842;6/10/2026;Servicios;CUMPLIDO;EFCO ARGENTINA SA;MR01;10/11/2026;16/6/2026;10152513;40;1;16/6/2026;17/6/2026;C26;4500130880;40;0374;1;YCOLMAN;22/6/2026;10/10/2026;C26;4;6/10/2026;;;;;;;;;;03 Cert Mensual;En curso - Próximo a vencer;Verde;C26
00374 TERMINAL PUNTA COLORADA;1000090407;10;ZPAN;04 - ADICIONALES VAR;;0;;;;JIBANEZ;1013130;Módulo N° 3 - Tareas de Altura;;7;50;0;43;5000185520;22/8/2026;Servicios;CUMPLIDO PARCIAL;MAINETE JAVIER ALBERTO;MR01;31/12/2026;17/6/2026;10152635;10;1;17/6/2026;17/6/2026;C25;4500130469;10;0374;1;MPITTIA;17/6/2026;31/12/2026;C25;1;22/8/2026;;;;;;;;;;04 Cert a Demanda;En curso;;C25
00374 TERMINAL PUNTA COLORADA;1000090407;20;ZPAN;04 - ADICIONALES VAR;;0;;;;JIBANEZ;1013130;Módulo N° 4 - Conductores de Vehículos;;5;50;0;45;5000185520;22/8/2026;Servicios;CUMPLIDO PARCIAL;MAINETE JAVIER ALBERTO;MR01;31/12/2026;17/6/2026;10152635;20;1;17/6/2026;17/6/2026;C25;4500130469;20;0374;1;MPITTIA;17/6/2026;31/12/2026;C25;1;22/8/2026;;;;;;;;;;04 Cert a Demanda;En curso;;C25
00374 TERMINAL PUNTA COLORADA;1000090407;30;ZPAN;04 - ADICIONALES VAR;;0;;;;JIBANEZ;1013130;Modulo N° 6 - S/Ergo;;0;50;0;50;;;Servicios;ADJUDICADO;MAINETE JAVIER ALBERTO;MR01;31/12/2026;17/6/2026;10152635;30;1;17/6/2026;17/6/2026;C25;4500130469;30;0374;1;MPITTIA;17/6/2026;31/12/2026;C25;0;;;;;;;;;;;04 Cert a Demanda;En curso;;C25
00374 TERMINAL PUNTA COLORADA;1000090407;40;ZPAN;04 - ADICIONALES VAR;;0;;;;JIBANEZ;1013130;Reid Epworth x un;;0;50;0;50;;;Servicios;ADJUDICADO;MAINETE JAVIER ALBERTO;MR01;31/12/2026;17/6/2026;10152635;40;1;17/6/2026;17/6/2026;C25;4500130469;40;0374;1;MPITTIA;17/6/2026;31/12/2026;C25;0;;;;;;;;;;;04 Cert a Demanda;En curso;;C25
00374 TERMINAL PUNTA COLORADA;1000090407;50;ZPAN;04 - ADICIONALES VAR;;0;;;;JIBANEZ;1013130;Egresos x un;;0;50;0;50;;;Servicios;ADJUDICADO;MAINETE JAVIER ALBERTO;MR01;31/12/2026;17/6/2026;10152635;50;1;17/6/2026;17/6/2026;C25;4500130469;50;0374;1;MPITTIA;17/6/2026;31/12/2026;C25;0;;;;;;;;;;;04 Cert a Demanda;En curso;;C25
00374 TERMINAL PUNTA COLORADA;1000090407;60;ZPAN;04 - ADICIONALES VAR;;0;;;;JIBANEZ;1013130;Ergometria x un;;0;50;0;50;;;Servicios;ADJUDICADO;MAINETE JAVIER ALBERTO;MR01;31/12/2026;17/6/2026;10152635;60;1;17/6/2026;17/6/2026;C25;4500130469;60;0374;1;MPITTIA;17/6/2026;31/12/2026;C25;0;;;;;;;;;;;04 Cert a Demanda;En curso;;C25
00374 TERMINAL PUNTA COLORADA;1000090408;10;ZPAN;04 - SERVICIO MEDICO;;0;;;;JIBANEZ;1027345;SERVICIO MEDICO X MES;;1;6;0;5;5000185280;21/8/2026;Servicios;CUMPLIDO PARCIAL;MAINETE JAVIER ALBERTO;MR01;30/1/2027;17/6/2026;10152636;10;1;17/6/2026;18/6/2026;C25;4500130941;10;0374;1;MPITTIA;23/6/2026;30/1/2027;C25;1;21/8/2026;;;;;;;;;;04 Cert a Demanda;En curso;;C25
00374 TERMINAL PUNTA COLORADA;1000090756;10;ZPAN;04- EXTENSION REMIS;;0;;;;SFERNANDEZ;1022296;SERVICIO REMIS POR KM - ANDRADE;;15000;15000;0;0;5000185553;24/8/2026;Servicios;CUMPLIDO;ANDRADE ERIC ALEXIS;MR01;24/10/2026;24/6/2026;10153138;10;1;24/6/2026;24/6/2026;C25;4500131487;10;0374;1;MPITTIA;29/6/2026;24/10/2026;C25;8;24/8/2026;;;;;;;;;;04 Cert a Demanda;En curso - Próximo a vencer;;C25
00374 TERMINAL PUNTA COLORADA;1000090870;10;ZPAN;03- EXT OC 45/114265;;1;;;;MALCARAZ;1036581;SERVICIO ALQ. GARITA DE SEG PUNTA2 X MES;;3;6;0;3;5000183758;7/8/2026;Servicios;CUMPLIDO PARCIAL;ECOPORTATILES SA;MR01;15/1/2027;25/6/2026;10153326;10;1;25/6/2026;26/6/2026;C03;4500131626;10;0374;1;EFUNES;30/6/2026;15/1/2027;C03;3;7/8/2026;;;;;;;;;;03 Cert Mensual;En curso;Rojo;C03
00374 TERMINAL PUNTA COLORADA;1000090870;20;ZPAN;03- EXT OC 45/114265;;1;;;;MALCARAZ;1036581;AIRE ACONDICIONADO PARA GARITA X MES;;3;6;0;3;5000183758;7/8/2026;Servicios;CUMPLIDO PARCIAL;ECOPORTATILES SA;MR01;15/1/2027;25/6/2026;10153326;20;1;25/6/2026;26/6/2026;C03;4500131626;20;0374;1;EFUNES;30/6/2026;15/1/2027;C03;3;7/8/2026;;;;;;;;;;03 Cert Mensual;En curso;Rojo;C03
00374 TERMINAL PUNTA COLORADA;1000090870;30;ZPAN;03- EXT OC 45/114265;;1;;;;MALCARAZ;1036581;SERVICIO ALQ. GARITA DE SEG POZO X MES;;3;6;0;3;5000183758;7/8/2026;Servicios;CUMPLIDO PARCIAL;ECOPORTATILES SA;MR01;15/1/2027;25/6/2026;10153326;30;1;25/6/2026;26/6/2026;C03;4500131626;30;0374;1;EFUNES;30/6/2026;15/1/2027;C03;3;7/8/2026;;;;;;;;;;03 Cert Mensual;En curso;Rojo;C03
00374 TERMINAL PUNTA COLORADA;1000090870;40;ZPAN;03- EXT OC 45/114265;;1;;;;MALCARAZ;1036581;SERVICIO ALQ. GARITA DE SEG SIERRA X MES;;3;6;0;3;5000183758;7/8/2026;Servicios;CUMPLIDO PARCIAL;ECOPORTATILES SA;MR01;15/1/2027;25/6/2026;10153326;40;1;25/6/2026;26/6/2026;C03;4500131626;40;0374;1;EFUNES;30/6/2026;15/1/2027;C03;3;7/8/2026;;;;;;;;;;03 Cert Mensual;En curso;Rojo;C03
00374 TERMINAL PUNTA COLORADA;1000090870;50;ZPAN;03- EXT OC 45/114265;;1;;;;MALCARAZ;1036581;SERVICIO ALQ. GARITA DE SEG PUNTA X MES;;3;6;0;3;5000183758;7/8/2026;Servicios;CUMPLIDO PARCIAL;ECOPORTATILES SA;MR01;15/1/2027;25/6/2026;10153326;50;1;25/6/2026;26/6/2026;C03;4500131626;50;0374;1;EFUNES;30/6/2026;15/1/2027;C03;3;7/8/2026;;;;;;;;;;03 Cert Mensual;En curso;Rojo;C03
00374 TERMINAL PUNTA COLORADA;1000091294;10;ZPAN;04 EXTENSION INGEAP;;0;;;;SFERNANDEZ;1042086;SUBC.TOPOGRAFIA PERSONAL EN CAMPO;;3;6;0;3;5000191093;30/9/2026;Servicios;CUMPLIDO PARCIAL;INGEAP S.A.S.;MR01;31/1/2027;3/7/2026;10153847;10;1;3/7/2026;4/7/2026;C26;4500132114;10;0374;1;YCOLMAN;6/7/2026;10/1/2027;C26;3;30/9/2026;;;;;;;;;;04 Cert a Demanda;En curso;;C26
00374 TERMINAL PUNTA COLORADA;1000091294;20;ZPAN;04 EXTENSION INGEAP;;0;;;;SFERNANDEZ;1042086;SUBC.TOPOGRAFIA PERSONAL EN OFICINA TEC;;3;6;0;3;5000191093;30/9/2026;Servicios;CUMPLIDO PARCIAL;INGEAP S.A.S.;MR01;31/1/2027;3/7/2026;10153847;20;1;3/7/2026;4/7/2026;C26;4500132114;20;0374;1;YCOLMAN;6/7/2026;10/1/2027;C26;3;30/9/2026;;;;;;;;;;04 Cert a Demanda;En curso;;C26
00374 TERMINAL PUNTA COLORADA;1000091294;30;ZPAN;04 EXTENSION INGEAP;;0;;;;SFERNANDEZ;1042086;ESTACION TOTAL M3 D051565;;3;6;0;3;5000191093;30/9/2026;Servicios;CUMPLIDO PARCIAL;INGEAP S.A.S.;MR01;31/1/2027;3/7/2026;10153847;30;1;4/7/2026;4/7/2026;C26;4500132114;30;0374;1;YCOLMAN;6/7/2026;10/1/2027;C26;3;30/9/2026;;;;;;;;;;04 Cert a Demanda;En curso;;C26
00374 TERMINAL PUNTA COLORADA;1000091299;10;ZPAN;04 - Lavandería Play;;0;;;;DSUAREZ;1013077;SERVICIO DE LAVANDERIA CAJON COMPLETO;;333;1000;0;667;5000191429;2/10/2026;Servicios;CUMPLIDO PARCIAL;MALDONADO ELVA;MR01;31/12/2026;3/7/2026;10153851;10;1;3/7/2026;4/7/2026;C25;4500132186;10;0374;1;MPITTIA;7/7/2026;31/12/2026;C25;3;2/10/2026;;;;;;;;;;04 Cert a Demanda;En curso;;C25
00374 TERMINAL PUNTA COLORADA;1000091299;30;ZPAN;04 - Lavandería Play;;0;;;;DSUAREZ;1013077;SERVICIO DE LAVANDERIA CAMPERAS;;43;300;0;257;5000191429;2/10/2026;Servicios;CUMPLIDO PARCIAL;MALDONADO ELVA;MR01;31/12/2026;3/7/2026;10153851;30;1;3/7/2026;4/7/2026;C25;4500132186;30;0374;1;MPITTIA;7/7/2026;31/12/2026;C25;3;2/10/2026;;;;;;;;;;04 Cert a Demanda;En curso;;C25
00374 TERMINAL PUNTA COLORADA;1000091882;10;ZPAN;04- EXT OC 45/124316;;0;;;;MALCARAZ;1012981;FLETE PAQUETERIA;;5821761,21;10000000;0;4178238,79;5000188362;10/9/2026;Servicios;CUMPLIDO PARCIAL;TRANS.EL COYOTE PATAGONICO SRL;MR01;4/11/2026;15/7/2026;10154821;10;1;15/7/2026;15/7/2026;C15;4500133340;10;0374;1;GDIAZ;21/7/2026;4/11/2026;C15;2;10/9/2026;;;;;;;;;;04 Cert a Demanda;En curso - Próximo a vencer;;C15
00374 TERMINAL PUNTA COLORADA;1000092304;10;ZPAN;04-ALQ MODULO BASANI;;0;;;;SFERNANDEZ;1033267;ALQ.MODULO COMEDOR 6 MT - 60459;;2;6;0;4;5000189715;21/9/2026;Servicios;CUMPLIDO PARCIAL;BASANI SA;MR01;20/1/2027;22/7/2026;10155382;10;1;22/7/2026;23/7/2026;EFO;4500133685;10;0374;1;GROSES;24/7/2026;20/1/2027;EFO;1;21/9/2026;;;;;;;;;;04 Cert a Demanda;En curso;;EFO
00374 TERMINAL PUNTA COLORADA;1000092304;20;ZPAN;04-ALQ MODULO BASANI;;0;;;;SFERNANDEZ;1033267;ALQ.MODULO COMEDOR 6 MT - 60802;;2;6;0;4;5000189715;21/9/2026;Servicios;CUMPLIDO PARCIAL;BASANI SA;MR01;20/1/2027;22/7/2026;10155382;20;1;22/7/2026;23/7/2026;EFO;4500133685;20;0374;1;GROSES;24/7/2026;20/1/2027;EFO;1;21/9/2026;;;;;;;;;;04 Cert a Demanda;En curso;;EFO
00374 TERMINAL PUNTA COLORADA;1000092355;30;ZPAN;04-EXTENSION OC BETO;;0;;;;SFERNANDEZ;1012983;SERVICIO DE BOMBEO;;400;400;0;0;5000189698;19/9/2026;Servicios;CUMPLIDO;BETONSUR SRL;MR01;1/11/2026;23/7/2026;10155432;30;1;23/7/2026;23/7/2026;C18;4500133616;30;0374;1;JESPARZA;24/7/2026;1/11/2026;C18;3;19/9/2026;;;;;;;;;;04 Cert a Demanda;En curso - Próximo a vencer;;C18
00374 TERMINAL PUNTA COLORADA;1000092355;40;ZPAN;04-EXTENSION OC BETO;;0;;;;SFERNANDEZ;1012984;SERVICIO BOMBA PLUMA;;4;10;0;6;5000190196;23/9/2026;Servicios;CUMPLIDO PARCIAL;BETONSUR SRL;MR01;1/11/2026;23/7/2026;10155432;40;1;23/7/2026;23/7/2026;C18;4500133616;40;0374;1;JESPARZA;24/7/2026;1/11/2026;C18;2;23/9/2026;;;;;;;;;;04 Cert a Demanda;En curso - Próximo a vencer;;C18
00374 TERMINAL PUNTA COLORADA;1000092374;10;ZPAN;04- EXTENSION MODULO;;0;;;;SFERNANDEZ;1033267;ALQ. MODULO N°2347;;3;7;0;4;5000184350;13/8/2026;Servicios;CUMPLIDO PARCIAL;ECOPORTATILES SA;MR01;20/1/2027;23/7/2026;10155450;10;1;23/7/2026;23/7/2026;EFO;4500133765;10;0374;1;GROSES;27/7/2026;20/1/2027;EFO;1;13/8/2026;;;;;;;;;;04 Cert a Demanda;En curso;;EFO
00374 TERMINAL PUNTA COLORADA;1000092374;20;ZPAN;04- EXTENSION MODULO;;0;;;;SFERNANDEZ;1033267;ALQ. MODULO N°61890;;3;7;0;4;5000184350;13/8/2026;Servicios;CUMPLIDO PARCIAL;ECOPORTATILES SA;MR01;20/1/2027;23/7/2026;10155450;20;1;23/7/2026;23/7/2026;EFO;4500133765;20;0374;1;GROSES;27/7/2026;20/1/2027;EFO;1;13/8/2026;;;;;;;;;;04 Cert a Demanda;En curso;;EFO
00374 TERMINAL PUNTA COLORADA;1000092374;30;ZPAN;04- EXTENSION MODULO;;0;;;;SFERNANDEZ;1033267;ALQ. MODULO N°2160;;3;7;0;4;5000184350;13/8/2026;Servicios;CUMPLIDO PARCIAL;ECOPORTATILES SA;MR01;20/1/2027;23/7/2026;10155450;30;1;23/7/2026;23/7/2026;EFO;4500133765;30;0374;1;GROSES;27/7/2026;20/1/2027;EFO;1;13/8/2026;;;;;;;;;;04 Cert a Demanda;En curso;;EFO
00374 TERMINAL PUNTA COLORADA;1000092374;40;ZPAN;04- EXTENSION MODULO;;0;;;;SFERNANDEZ;1033267;ALQ. A/A;;9;21;0;12;5000184350;13/8/2026;Servicios;CUMPLIDO PARCIAL;ECOPORTATILES SA;MR01;20/1/2027;23/7/2026;10155450;40;1;31/7/2026;3/8/2026;EFO;4500133765;40;0374;1;GROSES;27/7/2026;20/1/2027;EFO;1;13/8/2026;;;;;;;;;;04 Cert a Demanda;En curso;;EFO
00374 TERMINAL PUNTA COLORADA;1000092395;10;ZPAN;04-SERV.PAQUETERIA-;;0;;;;SFERNANDEZ;1012981;SERVICIO FLETE DE PAQUETERIA;;77051;77051;0;0;5000185044;19/8/2026;Servicios;CUMPLIDO;EXPRESO DE A CUATRO SRL;MR01;10/1/2027;23/7/2026;10155479;10;1;23/7/2026;24/7/2026;C15;4500136041;10;0374;1;GDIAZ;19/8/2026;21/8/2026;C15;1;19/8/2026;;;;;;;;;;04 Cert a Demanda;En curso - Total recepcionado;;C15
00374 TERMINAL PUNTA COLORADA;1000092657;10;ZPAN;03-EXTENSION AIRALDE;;0;;;;SFERNANDEZ;1035491;SERVICIO RECARGA TUBO GAS 10 KG;;4;20;0;16;5000191844;6/10/2026;Servicios;CUMPLIDO PARCIAL;AIRALDE VICTOR NICOLAS;MR01;20/10/2026;28/7/2026;10155928;10;1;28/7/2026;28/7/2026;C25;4500134655;10;0374;1;MPITTIA;5/8/2026;20/10/2026;C25;2;6/10/2026;;;;;;;;;;03 Cert Mensual;En curso - Próximo a vencer;Verde;C25
00374 TERMINAL PUNTA COLORADA;1000092657;20;ZPAN;03-EXTENSION AIRALDE;;0;;;;SFERNANDEZ;1035489;SERVICIO RECARGA TUBO GAS 45 KG;;18;40;0;22;5000191844;6/10/2026;Servicios;CUMPLIDO PARCIAL;AIRALDE VICTOR NICOLAS;MR01;20/10/2026;28/7/2026;10155928;20;1;28/7/2026;28/7/2026;C25;4500134655;20;0374;1;MPITTIA;5/8/2026;20/10/2026;C25;7;6/10/2026;;;;;;;;;;03 Cert Mensual;En curso - Próximo a vencer;Verde;C25
00374 TERMINAL PUNTA COLORADA;1000092783;10;ZPAN;03-EXTENSION ALQ.TUB;;0;;;;SFERNANDEZ;1013105;ALQUILER TUBOS DE ACETILENO;;6;6;0;0;5000183894;10/8/2026;Servicios;CUMPLIDO;ESCUDERO VIVIANA ANGELICA;MR01;1/1/2027;29/7/2026;10156060;10;1;29/7/2026;30/7/2026;C24;4500135012;10;0374;1;MPITTIA;7/8/2026;1/1/2027;C24;1;10/8/2026;;;;;;;;;;03 Cert Mensual;En curso - Total recepcionado;;C24
00374 TERMINAL PUNTA COLORADA;1000092783;20;ZPAN;03-EXTENSION ALQ.TUB;;0;;;;SFERNANDEZ;1013105;ALQUILER TUBOS DE OXIGENO;;6;6;0;0;5000183894;10/8/2026;Servicios;CUMPLIDO;ESCUDERO VIVIANA ANGELICA;MR01;1/1/2027;29/7/2026;10156060;20;1;29/7/2026;30/7/2026;C24;4500135012;20;0374;1;MPITTIA;7/8/2026;1/1/2027;C24;1;10/8/2026;;;;;;;;;;03 Cert Mensual;En curso - Total recepcionado;;C24
00374 TERMINAL PUNTA COLORADA;1000092931;10;ZPAN;04 - Serv Topografia;;0;;;;DSUAREZ;1027430;SERV TOPOG G JUAREZ X MES - EXTENSION;;2;3;0;1;5000191094;30/9/2026;Servicios;CUMPLIDO PARCIAL;INGEAP S.A.S.;MR01;24/11/2026;1/8/2026;10156326;10;1;1/8/2026;3/8/2026;C26;4500134858;10;0374;1;ALOPEZ;6/8/2026;24/11/2026;C26;2;30/9/2026;;;;;;;;;;04 Cert a Demanda;En curso;;C26
00374 TERMINAL PUNTA COLORADA;1000092961;10;ZPAN;04 - Subcontrato PSB;;0;;;;DSUAREZ;1012995;"SUBCONTRATO TERMOFUSION 18""";;400;400;0;0;5000191892;6/10/2026;Servicios;CUMPLIDO;PSB SERVICIOS INDUSTRIALES S.R.L.;MR01;30/10/2026;3/8/2026;10156377;10;1;3/8/2026;5/8/2026;C26;4500134906;10;0374;1;ALOPEZ;6/8/2026;20/10/2026;C26;2;6/10/2026;;;;;;;;;;04 Cert a Demanda;En curso - Próximo a vencer;;C26
00374 TERMINAL PUNTA COLORADA;1000092961;20;ZPAN;04 - Subcontrato PSB;;0;;;;DSUAREZ;1012995;"SUBCONTRATO TERMOFUSION 12""";;37;120;0;83;5000191892;6/10/2026;Servicios;CUMPLIDO PARCIAL;PSB SERVICIOS INDUSTRIALES S.R.L.;MR01;30/10/2026;3/8/2026;10156377;20;1;3/8/2026;5/8/2026;C26;4500134906;20;0374;1;ALOPEZ;6/8/2026;20/10/2026;C26;2;6/10/2026;;;;;;;;;;04 Cert a Demanda;En curso - Próximo a vencer;;C26
00374 TERMINAL PUNTA COLORADA;1000092961;30;ZPAN;04 - Subcontrato PSB;;0;;;;DSUAREZ;1012995;"SUBCONTRATO TERMOFUSION 6""";;220;220;0;0;5000187354;4/9/2026;Servicios;CUMPLIDO;PSB SERVICIOS INDUSTRIALES S.R.L.;MR01;30/10/2026;3/8/2026;10156377;30;1;3/8/2026;5/8/2026;C26;4500134906;30;0374;1;ALOPEZ;6/8/2026;20/10/2026;C26;1;4/9/2026;;;;;;;;;;04 Cert a Demanda;En curso - Próximo a vencer;;C26
00374 TERMINAL PUNTA COLORADA;1000093012;10;ZPAN;03 - ALQUILER EXTRUS;;0;;;;DSUAREZ;1033267;EXTRUSORA LESITER WELDPLAST S2;;2;2;0;0;5000184368;13/8/2026;Servicios;CUMPLIDO;ALL IN SA;MR01;24/10/2026;3/8/2026;10156434;10;1;3/8/2026;5/8/2026;C04;4500135241;10;0374;1;FPRUDENTE;10/8/2026;24/10/2026;C04;1;13/8/2026;;;;;;;;;;03 Cert Mensual;En curso - Próximo a vencer;Rojo;C04
00374 TERMINAL PUNTA COLORADA;1000093559;10;ZPAN;04 - Remis Andrade E;;0;;;;DSUAREZ;1022296;SERVICIO REMIS POR KM - ANDRADE;;14964;60000;0;45036;5000191206;1/10/2026;Servicios;CUMPLIDO PARCIAL;ANDRADE ERIC ALEXIS;MR01;30/10/2026;12/8/2026;10157280;10;1;12/8/2026;12/8/2026;C25;4500136126;10;0374;1;MPITTIA;20/8/2026;30/10/2026;C25;7;1/10/2026;;;;;;;;;;04 Cert a Demanda;En curso - Próximo a vencer;;C25
00374 TERMINAL PUNTA COLORADA;1000093581;10;ZPAN;03 - SAPSA Extension;;0;;;;DSUAREZ;1035384;REG RSU0045 RESIDUOS HUM VERDE X TN;;5;5;0;0;5000185507;22/8/2026;Servicios;CUMPLIDO;SOLUCIONES AMBIENTALES PATAGONIA;MR01;30/12/2026;12/8/2026;10157324;10;1;12/8/2026;13/8/2026;C25;4500136128;10;0374;1;MPITTIA;20/8/2026;30/12/2026;C25;1;22/8/2026;;;;;;;;;;03 Cert Mensual;En curso - Total recepcionado;;C25
00374 TERMINAL PUNTA COLORADA;1000093581;20;ZPAN;03 - SAPSA Extension;;0;;;;DSUAREZ;1035384;RESIDUOS HUMEDOS VERDE RSU X TN;;26;50;0;24;5000191858;6/10/2026;Servicios;CUMPLIDO PARCIAL;SOLUCIONES AMBIENTALES PATAGONIA;MR01;30/12/2026;12/8/2026;10157324;20;1;12/8/2026;13/8/2026;C25;4500136129;20;0374;1;MPITTIA;20/8/2026;30/12/2026;C25;2;6/10/2026;;;;;;;;;;03 Cert Mensual;En curso;Verde;C25
00374 TERMINAL PUNTA COLORADA;1000093914;10;ZPAN;04-EXTENSION- BESTNO;;0;;;;SFERNANDEZ;1033267;EXT ALQUILER TRACTOR+SEMI+HIDRO;;1;3;0;2;5000188572;11/9/2026;Servicios;CUMPLIDO PARCIAL;BESTNOR SAS;MR01;5/11/2026;18/8/2026;10157800;10;1;18/8/2026;19/8/2026;C04;4500136539;10;0374;1;WVENTURINI;24/8/2026;5/11/2026;C04;1;11/9/2026;;;;;;;;;;04 Cert a Demanda;En curso - Próximo a vencer;;C04
00374 TERMINAL PUNTA COLORADA;1000094124;10;ZPAN;04-EXT-ALQ-MINEXCA E;;0;;;;SFERNANDEZ;1033267;EXT. ALQ JD E061791-BALDE5659;;0;1;0;1;;;Servicios;ADJUDICADO;SULLAIR ARGENTINA S.A;MR01;10/12/2026;21/8/2026;10158214;10;1;21/8/2026;24/8/2026;C04;4500136951;10;0374;1;WVENTURINI;28/8/2026;10/12/2026;C04;0;;;;;;;;;;;04 Cert a Demanda;En curso;;C04
00374 TERMINAL PUNTA COLORADA;1000094257;10;ZPAN;EXTENSION 10.5% IVA-;;0;;;;SFERNANDEZ;1013024;VIATICOS IVA 10.5%;;33864139,97;60000000;0;26135860,03;5000188503;11/9/2026;Servicios;CUMPLIDO PARCIAL;SA IMPORTADORA Y EXP. DE LA PA;MR01;31/12/2026;24/8/2026;10158383;10;1;24/8/2026;26/8/2026;C25;4500137358;10;0374;1;MPITTIA;1/9/2026;31/12/2026;C25;4;11/9/2026;;;;;;;;;;Sin aclaración;En curso;;C25
00374 TERMINAL PUNTA COLORADA;1000094453;10;ZPAN;04- EXT- DIRECTO SUR;;0;;;;SFERNANDEZ;1012981;FLETE PAQUETERIA DIRECTO SUR- EXT;;7547907,79;20000000;0;12452092,21;5000192120;8/10/2026;Servicios;CUMPLIDO PARCIAL;DIRECTO SUR S. R. L.;MR01;10/11/2026;27/8/2026;10158746;10;1;27/8/2026;28/8/2026;C15;4500137748;10;0374;1;GDIAZ;4/9/2026;10/11/2026;C15;4;8/10/2026;;;;;;;;;;04 Cert a Demanda;En curso - Próximo a vencer;;C15
00374 TERMINAL PUNTA COLORADA;1000094617;10;ZPAN;PM Valvula de Seguri;;0;;;;DSUAREZ;1026919;CALIB Y CERT DE VALVULA DE SEGURIDAD;;0;1;0;1;;;Servicios;ADJUDICADO;TECNO CONSULTING SA;MR01;18/9/2026;31/8/2026;10158980;10;1;31/8/2026;2/9/2026;C38;4500137385;10;0374;1;LMAZZA;2/9/2026;13/10/2026;C38;0;;;;;;;;;;;Sin aclaración;Vencido con cant pendiente a recep;;C38
00374 TERMINAL PUNTA COLORADA;1000094667;10;ZPAN;04 - Subcontrato Gua;;0;;;;DSUAREZ;1042362;SUBCONTRATO MANO OBRA GUARDARRAIL;;1;1;0;0;5000191942;7/10/2026;Servicios;CUMPLIDO;BACSA DE SCHVAB JULIO CESAR Y;MR01;30/11/2026;31/8/2026;10159034;10;1;31/8/2026;2/9/2026;C26;4500137537;10;0374;1;YCOLMAN;3/9/2026;30/11/2026;C26;1;7/10/2026;;;;;;;;;;04 Cert a Demanda;En curso - Total recepcionado;;C26
00374 TERMINAL PUNTA COLORADA;1000094700;10;ZPAN;03 - Impresora Ricoh;;0;;;;DSUAREZ;1026315;ALQUILER IMPRESORA BYN A3 X MES;;1;6;0;5;5000191112;30/9/2026;Servicios;CUMPLIDO PARCIAL;TECNICA Y SISTEMAS SRL;MR01;31/3/2027;1/9/2026;10159109;10;1;1/9/2026;2/9/2026;C25;4500138656;10;0374;1;MPITTIA;15/9/2026;31/3/2027;C25;1;30/9/2026;;;;;;;;;;03 Cert Mensual;En curso;Verde;C25
00374 TERMINAL PUNTA COLORADA;1000094722;10;ZPAN;03-EXT. ALQ. BAÑO IN;;0;;;;SFERNANDEZ;1047100;ALQUILER DE MODULO BAÑO 6MT X MES;;0;24;0;24;;;Servicios;ADJUDICADO;ECOPORTATILES SA;MR01;21/2/2027;1/9/2026;10159132;10;1;1/9/2026;2/9/2026;C25;4500137921;10;0374;1;MPITTIA;8/9/2026;21/2/2027;C25;0;;;;;;;;;;;03 Cert Mensual;En curso;;C25
00374 TERMINAL PUNTA COLORADA;1000094722;20;ZPAN;03-EXT. ALQ. BAÑO IN;;0;;;;SFERNANDEZ;1022693;ALQUILER BAÑO INDV X MES;;44;324;0;280;5000191324;2/10/2026;Servicios;CUMPLIDO PARCIAL;ECOPORTATILES SA;MR01;21/2/2027;1/9/2026;10159132;20;1;1/9/2026;2/9/2026;C25;4500137921;20;0374;1;MPITTIA;8/9/2026;21/2/2027;C25;1;2/10/2026;;;;;;;;;;03 Cert Mensual;En curso;Verde;C25
00374 TERMINAL PUNTA COLORADA;1000094799;10;ZPAN;03-EXT. RESIDUOS SEC;;0;;;;SFERNANDEZ;1035384;RESIDUOS RECICLABLES AMARILLO RSU X TN;;43;100;0;57;5000191858;6/10/2026;Servicios;CUMPLIDO PARCIAL;SOLUCIONES AMBIENTALES PATAGONIA;MR01;15/1/2027;3/9/2026;10159297;10;1;3/9/2026;3/9/2026;C25;4500137975;10;0374;1;MPITTIA;8/9/2026;15/1/2027;C25;2;6/10/2026;;;;;;;;;;03 Cert Mensual;En curso;Verde;C25
00374 TERMINAL PUNTA COLORADA;1000094906;10;ZPAN;04 - Regularizacion;;0;;;;DSUAREZ;1012995;"SUBCONTRATO TERMOFUSION 6"" REGULARIZ";;17;17;0;0;5000189700;19/9/2026;Servicios;CUMPLIDO;PSB SERVICIOS INDUSTRIALES S.R.L.;MR01;30/11/2026;4/9/2026;10159450;10;1;4/9/2026;7/9/2026;C26;4500138283;10;0374;1;YCOLMAN;10/9/2026;30/11/2026;C26;1;19/9/2026;;;;;;;;;;04 Cert a Demanda;En curso - Total recepcionado;;C26
00374 TERMINAL PUNTA COLORADA;1000094906;20;ZPAN;04 - Regularizacion;;0;;;;DSUAREZ;1012995;"SUBCONTRATO TERMOFUSION 10"" REGULARIZ";;10;10;0;0;5000189700;19/9/2026;Servicios;CUMPLIDO;PSB SERVICIOS INDUSTRIALES S.R.L.;MR01;30/11/2026;4/9/2026;10159450;20;1;4/9/2026;7/9/2026;C26;4500138283;20;0374;1;YCOLMAN;10/9/2026;30/11/2026;C26;1;19/9/2026;;;;;;;;;;04 Cert a Demanda;En curso - Total recepcionado;;C26
00374 TERMINAL PUNTA COLORADA;1000094906;30;ZPAN;04 - Regularizacion;;0;;;;DSUAREZ;1012995;"SUBCONTRATO TERMOFUSION 6""";;58;80;0;22;5000191892;6/10/2026;Servicios;CUMPLIDO PARCIAL;PSB SERVICIOS INDUSTRIALES S.R.L.;MR01;30/11/2026;4/9/2026;10159450;30;1;10/9/2026;10/9/2026;C26;4500138283;30;0374;1;YCOLMAN;10/9/2026;30/11/2026;C26;1;6/10/2026;;;;;;;;;;04 Cert a Demanda;En curso;;C26
00374 TERMINAL PUNTA COLORADA;1000094906;40;ZPAN;04 - Regularizacion;;0;;;;DSUAREZ;1012995;"SUBCONTRATO TERMOFUSION 10""";;7;10;0;3;5000191892;6/10/2026;Servicios;CUMPLIDO PARCIAL;PSB SERVICIOS INDUSTRIALES S.R.L.;MR01;30/11/2026;4/9/2026;10159450;40;1;10/9/2026;10/9/2026;C26;4500138283;40;0374;1;YCOLMAN;10/9/2026;30/11/2026;C26;1;6/10/2026;;;;;;;;;;04 Cert a Demanda;En curso;;C26
00374 TERMINAL PUNTA COLORADA;1000094906;50;ZPAN;04 - Regularizacion;;0;;;;DSUAREZ;1012995;"SUBCONTRATO TERMOFUSION 12""";;0;200;0;200;;;Servicios;ADJUDICADO;PSB SERVICIOS INDUSTRIALES S.R.L.;MR01;30/11/2026;4/9/2026;10159450;50;1;10/9/2026;10/9/2026;C26;4500138283;50;0374;1;YCOLMAN;10/9/2026;30/11/2026;C26;0;;;;;;;;;;;04 Cert a Demanda;En curso;;C26
00374 TERMINAL PUNTA COLORADA;1000094974;20;ZPAN;01 - Betonsur Extens;;0;;;;DSUAREZ;1012983;SERVICIO DE BOMBEO;;94,5;400;0;305,5;5000190199;23/9/2026;Servicios;CUMPLIDO PARCIAL;BETONSUR SRL;MR01;31/12/2026;7/9/2026;10159527;20;1;7/9/2026;7/9/2026;C18;4500137929;20;0374;1;JESPARZA;8/9/2026;31/12/2026;C18;2;23/9/2026;;;;;;;;;;01 Cert Semanal;En curso;Rojo;C18
00374 TERMINAL PUNTA COLORADA;1000095001;10;ZPAN;03 - Snack Fiber Ext;;0;;;;DSUAREZ;1022295;SERVICIO DE SNACK;;0;52000;0;52000;;;Servicios;ADJUDICADO;FIBER RIO NEGRO SAS;MR01;31/1/2027;7/9/2026;10159555;10;1;7/9/2026;8/9/2026;C25;4500138223;10;0374;1;MPITTIA;10/9/2026;31/1/2027;C25;0;;;;;;;;;;;03 Cert Mensual;En curso;;C25
00374 TERMINAL PUNTA COLORADA;1000095025;10;ZPAN;03 - Alquiler Miniex;;0;;;;DSUAREZ;1033267;ALQ EXCAVADORA JD + BALDE;;0;4;0;4;;;Servicios;ADJUDICADO;SULLAIR ARGENTINA S.A;MR01;31/1/2027;7/9/2026;10159598;10;1;7/9/2026;8/9/2026;C04;4500138082;10;0374;1;WVENTURINI;9/9/2026;31/1/2027;C04;0;;;;;;;;;;;03 Cert Mensual;En curso;;C04
00374 TERMINAL PUNTA COLORADA;1000095166;10;ZPAN;PREMOLDEADOS IN SITU;;0;;;;JIBANEZ;1042362;PREMOLDEADO G33-F2 - IN SITU;;0;150;0;150;;;Servicios;ADJUDICADO;BACSA DE SCHVAB JULIO CESAR Y;MR01;30/11/2026;9/9/2026;10159815;10;1;9/9/2026;9/9/2026;C26;4500138297;10;0374;1;YCOLMAN;10/9/2026;7/12/2026;C26;0;;;;;;;;;;;Sin aclaración;En curso;;C26
00374 TERMINAL PUNTA COLORADA;1000095166;20;ZPAN;PREMOLDEADOS IN SITU;;0;;;;JIBANEZ;1042362;PREMOLDEADO G33-F3 - IN SITU;;0;30;0;30;;;Servicios;ADJUDICADO;BACSA DE SCHVAB JULIO CESAR Y;MR01;30/11/2026;9/9/2026;10159815;20;1;9/9/2026;9/9/2026;C26;4500138297;20;0374;1;YCOLMAN;10/9/2026;7/12/2026;C26;0;;;;;;;;;;;Sin aclaración;En curso;;C26
00374 TERMINAL PUNTA COLORADA;1000095166;30;ZPAN;PREMOLDEADOS IN SITU;;0;;;;JIBANEZ;1042362;PREMOLDEADO G33-F4 - IN SITU;;0;80;0;80;;;Servicios;ADJUDICADO;BACSA DE SCHVAB JULIO CESAR Y;MR01;30/11/2026;9/9/2026;10159815;30;1;9/9/2026;9/9/2026;C26;4500138297;30;0374;1;YCOLMAN;10/9/2026;7/12/2026;C26;0;;;;;;;;;;;Sin aclaración;En curso;;C26
00374 TERMINAL PUNTA COLORADA;1000095181;10;ZPAN;04 - Ensayo Ultrason;;0;;;;DSUAREZ;1035533;SERV. DIARIO ULTRASONIDO TOFD/PAUT;;0;1;0;1;;;Servicios;ADJUDICADO;DABER SERVICIOS INDUSTRIALES SRL;MR01;30/10/2026;9/9/2026;10159829;10;1;9/9/2026;9/9/2026;C26;4500140347;10;0374;3;YCOLMAN;6/10/2026;30/10/2026;C26;0;;;;;;;;;;;04 Cert a Demanda;En curso - Próximo a vencer;;C26
00374 TERMINAL PUNTA COLORADA;1000095181;20;ZPAN;04 - Ensayo Ultrason;;0;;;;DSUAREZ;1035533;"ULTRASONIDO 6""";;0;2;0;2;;;Servicios;ADJUDICADO;DABER SERVICIOS INDUSTRIALES SRL;MR01;30/10/2026;9/9/2026;10159829;20;1;9/9/2026;9/9/2026;C26;4500140347;20;0374;3;YCOLMAN;6/10/2026;30/10/2026;C26;0;;;;;;;;;;;04 Cert a Demanda;En curso - Próximo a vencer;;C26
00374 TERMINAL PUNTA COLORADA;1000095181;30;ZPAN;04 - Ensayo Ultrason;;0;;;;DSUAREZ;1035533;"ULTRASONIDO 10""";;0;3;0;3;;;Servicios;ADJUDICADO;DABER SERVICIOS INDUSTRIALES SRL;MR01;30/10/2026;9/9/2026;10159829;30;1;6/10/2026;6/10/2026;C26;4500140347;30;0374;1;YCOLMAN;6/10/2026;30/10/2026;C26;0;;;;;;;;;;;04 Cert a Demanda;En curso - Próximo a vencer;;C26
00374 TERMINAL PUNTA COLORADA;1000095181;40;ZPAN;04 - Ensayo Ultrason;;0;;;;DSUAREZ;1035533;"ULTRASONIDO 12""";;0;1;0;1;;;Servicios;ADJUDICADO;DABER SERVICIOS INDUSTRIALES SRL;MR01;30/10/2026;9/9/2026;10159829;40;1;6/10/2026;6/10/2026;C26;4500140347;40;0374;1;YCOLMAN;6/10/2026;30/10/2026;C26;0;;;;;;;;;;;04 Cert a Demanda;En curso - Próximo a vencer;;C26
00374 TERMINAL PUNTA COLORADA;1000095358;10;ZPAN;03 - IMG EXTENSION O;;0;;;;DSUAREZ;1033267;PLUMIN PARA DIECI SAMSON 75.10;;0;4;0;4;;;Servicios;ADJUDICADO;IMG RENTAL SRL;MR01;31/1/2027;11/9/2026;10160073;10;1;11/9/2026;12/9/2026;C04;4500138702;10;0374;1;WVENTURINI;16/9/2026;31/1/2027;C04;0;;;;;;;;;;;03 Cert Mensual;En curso;;C04
00374 TERMINAL PUNTA COLORADA;1000095698;20;ZPAN;PIM 19-VALVULA SEG Y;;0;;;;SFERNANDEZ;1026923;RECERTIFICACION DE VALVULAS DE SEGURIDAD;;0;0;3;0;;;Servicios;SIN TRATAMIENTO;;MR01;30/9/2026;17/9/2026;10160579;20;1;17/9/2026;18/9/2026;C38;;0;;0;;;;;0;;;;;;;;;;;Sin aclaración;Vencido con cant pendiente a recep;;C38
00374 TERMINAL PUNTA COLORADA;1000095731;10;ZPAN;REG- MORAN JOSE- ARR;;0;;;;SFERNANDEZ;1022295;REG- ARREGLO DISPENSER FC 1-28;;1;1;0;0;5000189892;22/9/2026;Servicios;CUMPLIDO;MORAN OSVALDO JOSE;MR01;8/10/2026;18/9/2026;10160686;10;1;18/9/2026;19/9/2026;374;4500139075;10;0374;1;WDILLMAN;21/9/2026;25/9/2026;374;1;22/9/2026;;;;;;;;;;Sin aclaración;En curso - Próximo a vencer;;374
00374 TERMINAL PUNTA COLORADA;1000095731;20;ZPAN;REG- MORAN JOSE- ARR;;0;;;;SFERNANDEZ;1022295;REG- ARREGLO DISPENSER FC 1-33;;1;1;0;0;5000189892;22/9/2026;Servicios;CUMPLIDO;MORAN OSVALDO JOSE;MR01;8/10/2026;18/9/2026;10160686;20;1;18/9/2026;19/9/2026;374;4500139075;20;0374;1;WDILLMAN;21/9/2026;25/9/2026;374;1;22/9/2026;;;;;;;;;;Sin aclaración;En curso - Próximo a vencer;;374
00374 TERMINAL PUNTA COLORADA;1000095745;30;ZPAN;PM 10351- ANCLAJE HI;;0;;;;SFERNANDEZ;1012981;FLETE HILTI;;0;1;0;1;;;Servicios;ADJUDICADO;HILTI ARGENTINA SRL;MR01;5/11/2026;18/9/2026;10160697;30;1;18/9/2026;19/9/2026;374;4500139008;10;0374;1;WDILLMAN;21/9/2026;24/10/2026;374;0;;;;;;;;;;;Sin aclaración;En curso - Próximo a vencer;;374
00374 TERMINAL PUNTA COLORADA;1000095773;20;ZPAN;PM 107- CALIDAD;;0;;;;SFERNANDEZ;1022295;REPARACION PLANCHUELA ALUMNIO DENSIMETRO;;1;1;0;0;5000191885;6/10/2026;Servicios;CUMPLIDO;BLACKSMITH SAS;MR01;15/10/2026;19/9/2026;10160731;20;1;19/9/2026;21/9/2026;374;4500139860;20;0374;1;WDILLMAN;30/9/2026;9/10/2026;374;1;6/10/2026;;;;;;;;;;Sin aclaración;En curso - Próximo a vencer;;374
00374 TERMINAL PUNTA COLORADA;1000095956;60;ZPAN;PM 10353 - OT Agusti;;0;;;;DSUAREZ;1012981;FLETE HILTI;;1;1;0;0;5000190580;26/9/2026;Servicios;CUMPLIDO;HILTI ARGENTINA SRL;MR01;14/10/2026;23/9/2026;10160982;60;1;23/9/2026;25/9/2026;374;4500139579;30;0374;1;WDILLMAN;25/9/2026;5/10/2026;374;1;26/9/2026;;;;;;;;;;Sin aclaración;En curso - Próximo a vencer;;374
00374 TERMINAL PUNTA COLORADA;1000095964;10;ZPAN;04 - Reparacion Drag;;0;;;;DSUAREZ;1026918;REPARACION DRAGON;;0;6;0;6;;;Servicios;ADJUDICADO;RUFO RABBIA AGUSTIN ALESIO;MR01;16/10/2026;23/9/2026;10161004;10;1;23/9/2026;23/9/2026;374;4500139435;10;0374;1;WDILLMAN;24/9/2026;14/10/2026;374;0;;;;;;;;;;;04 Cert a Demanda;En curso - Próximo a vencer;;374
00374 TERMINAL PUNTA COLORADA;1000095975;30;ZPAN;04 - Lavadero de Cam;;0;;;;DSUAREZ;1022295;LAVADO CAMIONETA - INT/EXT/CHASIS;;0;100;0;100;;;Servicios;ADJUDICADO;CASTILLO JULIO JONATHAN ALEXANDER;MR01;31/1/2027;23/9/2026;10161020;30;1;23/9/2026;25/9/2026;C25;4500140286;10;0374;1;JESPARZA;6/10/2026;31/1/2027;C25;0;;;;;;;;;;;04 Cert a Demanda;En curso;;C25
00374 TERMINAL PUNTA COLORADA;1000095989;10;ZPAN;04 - Certificacion P;;0;;;;DSUAREZ;1016081;CERTIFICACION OPERADOR OBRA;;4;4;0;0;5000191031;30/9/2026;Servicios;CUMPLIDO;PSB SERVICIOS INDUSTRIALES S.R.L.;MR01;15/10/2026;24/9/2026;10161043;10;1;24/9/2026;25/9/2026;C25;4500139849;10;0374;1;MPITTIA;30/9/2026;15/10/2026;C25;1;30/9/2026;;;;;;;;;;04 Cert a Demanda;En curso - Próximo a vencer;;C25
00374 TERMINAL PUNTA COLORADA;1000096126;40;ZPAN;PM 10356 - Hilti;;0;;;;DSUAREZ;1012981;FLETE HILTI;;2;2;0;0;5000191785;5/10/2026;Servicios;CUMPLIDO;HILTI ARGENTINA SRL;MR01;16/10/2026;25/9/2026;10161217;40;1;25/9/2026;28/9/2026;374;4500139706;40;0374;1;WDILLMAN;29/9/2026;8/10/2026;374;2;5/10/2026;;;;;;;;;;Sin aclaración;En curso - Próximo a vencer;;374
00374 TERMINAL PUNTA COLORADA;1000096149;10;ZPAN;BATEA 30M3 RESIDUOS;;0;;;;SFERNANDEZ;1035384;CAMION BATEA 25M3-RESIDUOS SECOS/IND-;;0;0;1;0;;;Servicios;SIN TRATAMIENTO;;MR01;19/10/2026;26/9/2026;10161242;10;1;26/9/2026;28/9/2026;C25;;0;;0;;;;;0;;;;;;;;;;;Sin aclaración;En curso - Próximo a vencer;;C25
00374 TERMINAL PUNTA COLORADA;1000096240;10;ZPAN;04 - Mediciones SSyM;;0;;;;DSUAREZ;1036630;MEDICIÓN ILUMINACIÓN;;0;9;0;9;;;Servicios;ADJUDICADO;RODRIGUEZ ARIEL GERARDO;MR01;20/10/2026;29/9/2026;10161400;10;1;29/9/2026;29/9/2026;C24;4500139916;10;0374;1;MPITTIA;1/10/2026;20/10/2026;C24;0;;;;;;;;;;;04 Cert a Demanda;En curso - Próximo a vencer;;C24
00374 TERMINAL PUNTA COLORADA;1000096240;20;ZPAN;04 - Mediciones SSyM;;0;;;;DSUAREZ;1036630;MEDICIÓN RUIDO Y VIBRACIÓN;;0;3;0;3;;;Servicios;ADJUDICADO;RODRIGUEZ ARIEL GERARDO;MR01;20/10/2026;29/9/2026;10161400;20;1;29/9/2026;29/9/2026;C24;4500139916;20;0374;1;MPITTIA;1/10/2026;20/10/2026;C24;0;;;;;;;;;;;04 Cert a Demanda;En curso - Próximo a vencer;;C24
00374 TERMINAL PUNTA COLORADA;1000096240;30;ZPAN;04 - Mediciones SSyM;;0;;;;DSUAREZ;1036630;MEDICIÓN PROYECCIÓN DE PARTÍCULAS;;0;3;0;3;;;Servicios;ADJUDICADO;RODRIGUEZ ARIEL GERARDO;MR01;20/10/2026;29/9/2026;10161400;30;1;29/9/2026;29/9/2026;C24;4500139916;30;0374;1;MPITTIA;1/10/2026;20/10/2026;C24;0;;;;;;;;;;;04 Cert a Demanda;En curso - Próximo a vencer;;C24
00374 TERMINAL PUNTA COLORADA;1000096240;40;ZPAN;04 - Mediciones SSyM;;0;;;;DSUAREZ;1036630;MEDICIÓN ERGONOMÍA;;0;3;0;3;;;Servicios;ADJUDICADO;RODRIGUEZ ARIEL GERARDO;MR01;20/10/2026;29/9/2026;10161400;40;1;29/9/2026;29/9/2026;C24;4500139916;40;0374;1;MPITTIA;1/10/2026;20/10/2026;C24;0;;;;;;;;;;;04 Cert a Demanda;En curso - Próximo a vencer;;C24
00374 TERMINAL PUNTA COLORADA;1000096240;50;ZPAN;04 - Mediciones SSyM;;0;;;;DSUAREZ;1036630;MEDICIÓN CONTACTO TERMICO;;0;1;0;1;;;Servicios;ADJUDICADO;RODRIGUEZ ARIEL GERARDO;MR01;20/10/2026;29/9/2026;10161400;50;1;29/9/2026;29/9/2026;C24;4500139916;50;0374;1;MPITTIA;1/10/2026;20/10/2026;C24;0;;;;;;;;;;;04 Cert a Demanda;En curso - Próximo a vencer;;C24
00374 TERMINAL PUNTA COLORADA;1000096240;60;ZPAN;04 - Mediciones SSyM;;0;;;;DSUAREZ;1022295;LOGISTICA/VIATICOS;;0;0;1;0;;;Servicios;SIN TRATAMIENTO;;MR01;20/10/2026;29/9/2026;10161400;60;1;29/9/2026;29/9/2026;C25;;0;;0;;;;;0;;;;;;;;;;;04 Cert a Demanda;En curso - Próximo a vencer;;C25
00374 TERMINAL PUNTA COLORADA;1000096260;10;ZPAN;04 - GB Starlink Jaw;;0;;;;DSUAREZ;1025931;BLOQUE  X 500GB - ADICIONAL;;1;1;0;0;5000191096;30/9/2026;Servicios;CUMPLIDO;JAWIT S.A.;MR01;20/10/2026;29/9/2026;10161412;10;1;29/9/2026;29/9/2026;C25;4500139857;10;0374;1;ALOPEZ;30/9/2026;20/10/2026;C25;1;30/9/2026;;;;;;;;;;04 Cert a Demanda;En curso - Próximo a vencer;;C25
00374 TERMINAL PUNTA COLORADA;1000096288;10;ZPAN;04 - Mecanizado Brid;;0;;;;DSUAREZ;1022295;"MECANIZADO STUB END 18"" HDPE";;0;1;0;1;;;Servicios;ADJUDICADO;BLACKSMITH SAS;MR01;20/10/2026;29/9/2026;10161434;10;1;29/9/2026;29/9/2026;374;4500139860;10;0374;1;WDILLMAN;30/9/2026;9/10/2026;374;0;;;;;;;;;;;04 Cert a Demanda;En curso - Próximo a vencer;;374
00374 TERMINAL PUNTA COLORADA;1000096319;10;ZPAN;04 - Certificado Ele;;0;;;;DSUAREZ;1013021;CERTIFICACION EQUIPO ELECTROFUSORA;;1;1;0;0;5000191480;2/10/2026;Servicios;CUMPLIDO;KUHN MATIAS DANIEL;MR01;21/10/2026;30/9/2026;10161457;10;1;30/9/2026;1/10/2026;374;4500140032;10;0374;1;WDILLMAN;2/10/2026;21/10/2026;374;1;2/10/2026;;;;;;;;;;04 Cert a Demanda;En curso - Próximo a vencer;;374
00374 TERMINAL PUNTA COLORADA;1000096363;10;ZPAN;04 - Geosistemas Niv;;0;;;;DSUAREZ;1026918;REPARACION NIVEL ESFERICO - LEICA;;0;1;0;1;;;Servicios;ADJUDICADO;GEOSISTEMAS SRL;MR01;21/10/2026;30/9/2026;10161518;10;1;30/9/2026;1/10/2026;C23;4500140018;10;0374;1;JESPARZA;1/10/2026;21/10/2026;C23;0;;;;;;;;;;;04 Cert a Demanda;En curso - Próximo a vencer;;C23
00374 TERMINAL PUNTA COLORADA;1000096363;20;ZPAN;04 - Geosistemas Niv;;0;;;;DSUAREZ;1026918;MO SERV TEC REPARACION GENERAL;;0;1;0;1;;;Servicios;ADJUDICADO;GEOSISTEMAS SRL;MR01;21/10/2026;30/9/2026;10161518;20;1;30/9/2026;1/10/2026;C23;4500140018;20;0374;1;JESPARZA;1/10/2026;21/10/2026;C23;0;;;;;;;;;;;04 Cert a Demanda;En curso - Próximo a vencer;;C23
00374 TERMINAL PUNTA COLORADA;1000096394;10;ZPAN;03 - San Roman Rep T;;0;;;;DSUAREZ;1035446;REPRESENTACION TECNICA - SAN ROMAN;;0;4;0;4;;;Servicios;ADJUDICADO;SAN ROMAN GONZALO ARIEL;MR01;15/1/2027;1/10/2026;10161583;10;1;1/10/2026;1/10/2026;C25;4500140387;10;0374;1;JESPARZA;7/10/2026;15/1/2027;C25;0;;;;;;;;;;;03 Cert Mensual;En curso;;C25
00374 TERMINAL PUNTA COLORADA;1000096470;10;ZPAN;04-Renovacion OnliNE;;0;;;;SFERNANDEZ;1013021;CAPACITACION ONLINE RECERT. OP. MANIPULA;;0;0;1;0;;;Servicios;SIN TRATAMIENTO;;MR01;23/10/2026;2/10/2026;10161715;10;1;2/10/2026;2/10/2026;C25;;0;;0;;;;;0;;;;;;;;;;;04 Cert a Demanda;En curso - Próximo a vencer;;C25
00374 TERMINAL PUNTA COLORADA;1000096470;20;ZPAN;04-Renovacion OnliNE;;0;;;;SFERNANDEZ;1016081;CERTIFICACION OPERADOR OBRA;;0;0;1;0;;;Servicios;SIN TRATAMIENTO;;MR01;23/10/2026;2/10/2026;10161715;20;1;2/10/2026;2/10/2026;C25;;0;;0;;;;;0;;;;;;;;;;;04 Cert a Demanda;En curso - Próximo a vencer;;C25
00374 TERMINAL PUNTA COLORADA;1000096477;10;ZPAN;04 - Alquiler WaterS;;0;;;;DSUAREZ;1035446;ALQUILER SOLDADORA WATER STOP;;0;1;0;1;;;Servicios;ADJUDICADO;TECNOBAHIA S.A.;MR01;20/11/2026;2/10/2026;10161736;10;1;2/10/2026;2/10/2026;374;4500140326;10;0374;1;WDILLMAN;6/10/2026;15/10/2026;374;0;;;;;;;;;;;04 Cert a Demanda;En curso - Próximo a vencer;;374
00374 TERMINAL PUNTA COLORADA;1000096508;10;ZPAN;03 - Jawit Internet;;0;;;;DSUAREZ;1025931;SERV. INTERNET X MES - 50G - MOVIL;;0;0;4;0;;;Servicios;SIN TRATAMIENTO;;MR01;15/2/2027;2/10/2026;10161782;10;1;2/10/2026;6/10/2026;C25;;0;;0;;;;;0;;;;;;;;;;;03 Cert Mensual;En curso;;C25
00374 TERMINAL PUNTA COLORADA;1000096508;20;ZPAN;03 - Jawit Internet;;0;;;;DSUAREZ;1025931;SERV. INTERNET X MES - 50G - OLIVARES;;0;0;4;0;;;Servicios;SIN TRATAMIENTO;;MR01;15/2/2027;2/10/2026;10161782;20;1;2/10/2026;6/10/2026;C25;;0;;0;;;;;0;;;;;;;;;;;03 Cert Mensual;En curso;;C25
00374 TERMINAL PUNTA COLORADA;1000096517;10;ZPAN;04 - Adicional BACSA;;0;;;;DSUAREZ;1042362;SUBC CERRAMIENTO TANQUE AUSTRALIANO;;0;1;0;1;;;Servicios;ADJUDICADO;BACSA DE SCHVAB JULIO CESAR Y;MR01;26/10/2026;3/10/2026;10161813;10;1;3/10/2026;6/10/2026;C26;4500140315;10;0374;1;YCOLMAN;6/10/2026;26/10/2026;C26;0;;;;;;;;;;;04 Cert a Demanda;En curso - Próximo a vencer;;C26
00374 TERMINAL PUNTA COLORADA;1000096517;20;ZPAN;04 - Adicional BACSA;;0;;;;DSUAREZ;1042362;SUBC ADICIONAL GUARDARRAIL;;0;1;0;1;;;Servicios;ADJUDICADO;BACSA DE SCHVAB JULIO CESAR Y;MR01;26/10/2026;3/10/2026;10161813;20;1;3/10/2026;6/10/2026;C26;4500140315;20;0374;1;YCOLMAN;6/10/2026;26/10/2026;C26;0;;;;;;;;;;;04 Cert a Demanda;En curso - Próximo a vencer;;C26
00374 TERMINAL PUNTA COLORADA;1000096519;10;ZPAN;03 - EXT- SERVICIO D;;0;;;;SFERNANDEZ;1034203;DESARME / ARME + REPARACION LIVIANO;;0;120;0;120;;;Servicios;ADJUDICADO;CONTRERAS BRIAN ALEXANDER;MR01;15/1/2027;3/10/2026;10161819;10;1;3/10/2026;6/10/2026;C04;4500140419;10;0374;1;OBANEGA;7/10/2026;15/1/2027;C04;0;;;;;;;;;;;03 Cert Mensual;En curso;;C04
00374 TERMINAL PUNTA COLORADA;1000096519;20;ZPAN;03 - EXT- SERVICIO D;;0;;;;SFERNANDEZ;1034203;DESARME / ARME + REP. CAMION S/CAMARA;;0;50;0;50;;;Servicios;ADJUDICADO;CONTRERAS BRIAN ALEXANDER;MR01;15/1/2027;3/10/2026;10161819;20;1;3/10/2026;6/10/2026;C04;4500140419;20;0374;1;OBANEGA;7/10/2026;15/1/2027;C04;0;;;;;;;;;;;03 Cert Mensual;En curso;;C04
00374 TERMINAL PUNTA COLORADA;1000096519;30;ZPAN;03 - EXT- SERVICIO D;;0;;;;SFERNANDEZ;1034203;DESARME / ARME + REP. CAMION C/CAMARA;;0;100;0;100;;;Servicios;ADJUDICADO;CONTRERAS BRIAN ALEXANDER;MR01;15/1/2027;3/10/2026;10161819;30;1;3/10/2026;6/10/2026;C04;4500140419;30;0374;1;OBANEGA;7/10/2026;15/1/2027;C04;0;;;;;;;;;;;03 Cert Mensual;En curso;;C04
00374 TERMINAL PUNTA COLORADA;1000096519;40;ZPAN;03 - EXT- SERVICIO D;;0;;;;SFERNANDEZ;1034203;DESARME / ARME + REP.MAQUINA;;0;35;0;35;;;Servicios;ADJUDICADO;CONTRERAS BRIAN ALEXANDER;MR01;15/1/2027;3/10/2026;10161819;40;1;3/10/2026;6/10/2026;C04;4500140419;40;0374;1;OBANEGA;7/10/2026;15/1/2027;C04;0;;;;;;;;;;;03 Cert Mensual;En curso;;C04
00374 TERMINAL PUNTA COLORADA;1000096519;50;ZPAN;03 - EXT- SERVICIO D;;0;;;;SFERNANDEZ;1034203;DESARME / ARME + REP.BOBCAT;;0;20;0;20;;;Servicios;ADJUDICADO;CONTRERAS BRIAN ALEXANDER;MR01;15/1/2027;3/10/2026;10161819;50;1;3/10/2026;6/10/2026;C04;4500140419;50;0374;1;OBANEGA;7/10/2026;15/1/2027;C04;0;;;;;;;;;;;03 Cert Mensual;En curso;;C04
00374 TERMINAL PUNTA COLORADA;1000096519;60;ZPAN;03 - EXT- SERVICIO D;;0;;;;SFERNANDEZ;1034203;DESARME / ARME LIVIANO;;0;50;0;50;;;Servicios;ADJUDICADO;CONTRERAS BRIAN ALEXANDER;MR01;15/1/2027;3/10/2026;10161819;60;1;3/10/2026;6/10/2026;C04;4500140419;60;0374;1;OBANEGA;7/10/2026;15/1/2027;C04;0;;;;;;;;;;;03 Cert Mensual;En curso;;C04
00374 TERMINAL PUNTA COLORADA;1000096519;70;ZPAN;03 - EXT- SERVICIO D;;0;;;;SFERNANDEZ;1034203;DESARME / ARME CAMION S/CAMARA;;0;50;0;50;;;Servicios;ADJUDICADO;CONTRERAS BRIAN ALEXANDER;MR01;15/1/2027;3/10/2026;10161819;70;1;3/10/2026;6/10/2026;C04;4500140419;70;0374;1;OBANEGA;7/10/2026;15/1/2027;C04;0;;;;;;;;;;;03 Cert Mensual;En curso;;C04
00374 TERMINAL PUNTA COLORADA;1000096519;80;ZPAN;03 - EXT- SERVICIO D;;0;;;;SFERNANDEZ;1034203;DESARME / ARME CAMION C/CAMARA;;0;50;0;50;;;Servicios;ADJUDICADO;CONTRERAS BRIAN ALEXANDER;MR01;15/1/2027;3/10/2026;10161819;80;1;3/10/2026;6/10/2026;C04;4500140419;80;0374;1;OBANEGA;7/10/2026;15/1/2027;C04;0;;;;;;;;;;;03 Cert Mensual;En curso;;C04
00374 TERMINAL PUNTA COLORADA;1000096519;90;ZPAN;03 - EXT- SERVICIO D;;0;;;;SFERNANDEZ;1034203;DESARME / ARME MAQUINA;;0;20;0;20;;;Servicios;ADJUDICADO;CONTRERAS BRIAN ALEXANDER;MR01;15/1/2027;3/10/2026;10161819;90;1;3/10/2026;6/10/2026;C04;4500140419;90;0374;1;OBANEGA;7/10/2026;15/1/2027;C04;0;;;;;;;;;;;03 Cert Mensual;En curso;;C04
00374 TERMINAL PUNTA COLORADA;1000096519;100;ZPAN;03 - EXT- SERVICIO D;;0;;;;SFERNANDEZ;1034203;DESARME / ARME BOBCAT;;0;8;0;8;;;Servicios;ADJUDICADO;CONTRERAS BRIAN ALEXANDER;MR01;15/1/2027;3/10/2026;10161819;100;1;3/10/2026;6/10/2026;C04;4500140419;100;0374;1;OBANEGA;7/10/2026;15/1/2027;C04;0;;;;;;;;;;;03 Cert Mensual;En curso;;C04
00374 TERMINAL PUNTA COLORADA;1000096519;110;ZPAN;03 - EXT- SERVICIO D;;0;;;;SFERNANDEZ;1034203;BALANCEO LIVIANO;;0;150;0;150;;;Servicios;ADJUDICADO;CONTRERAS BRIAN ALEXANDER;MR01;15/1/2027;3/10/2026;10161819;110;1;3/10/2026;6/10/2026;C04;4500140419;110;0374;1;OBANEGA;7/10/2026;15/1/2027;C04;0;;;;;;;;;;;03 Cert Mensual;En curso;;C04
00374 TERMINAL PUNTA COLORADA;1000096519;120;ZPAN;03 - EXT- SERVICIO D;;0;;;;SFERNANDEZ;1034203;PICO CORTO LIVIANO;;0;10;0;10;;;Servicios;ADJUDICADO;CONTRERAS BRIAN ALEXANDER;MR01;15/1/2027;3/10/2026;10161819;120;1;3/10/2026;6/10/2026;C04;4500140419;120;0374;1;OBANEGA;7/10/2026;15/1/2027;C04;0;;;;;;;;;;;03 Cert Mensual;En curso;;C04
00374 TERMINAL PUNTA COLORADA;1000096519;130;ZPAN;03 - EXT- SERVICIO D;;0;;;;SFERNANDEZ;1034203;PARCHE RAC10 (TIPTOCK);;0;5;0;5;;;Servicios;ADJUDICADO;CONTRERAS BRIAN ALEXANDER;MR01;15/1/2027;3/10/2026;10161819;130;1;3/10/2026;6/10/2026;C04;4500140419;130;0374;1;OBANEGA;7/10/2026;15/1/2027;C04;0;;;;;;;;;;;03 Cert Mensual;En curso;;C04
00374 TERMINAL PUNTA COLORADA;1000096528;30;ZPAN;PM 108 CALIDAD/LABOR;;0;;;;DSUAREZ;1026920;CALIBRACION TAMIZ # 200;;0;0;1;0;;;Servicios;SIN TRATAMIENTO;;MR01;26/10/2026;3/10/2026;10161830;30;1;3/10/2026;6/10/2026;C20;;0;;0;;;;;0;;;;;;;;;;;Sin aclaración;En curso - Próximo a vencer;;C20
00374 TERMINAL PUNTA COLORADA;1000096529;10;ZPAN;PM 109 - CALIBRACION;;0;;;;DSUAREZ;1013022;CALIBRACIÓN DE BALANZA PREC 30KG;;0;0;1;0;;;Servicios;SIN TRATAMIENTO;;MR01;26/10/2026;3/10/2026;10161832;10;1;3/10/2026;6/10/2026;374;;0;;0;;;;;0;;;;;;;;;;;Sin aclaración;En curso - Próximo a vencer;;374
00374 TERMINAL PUNTA COLORADA;1000096529;20;ZPAN;PM 109 - CALIBRACION;;0;;;;DSUAREZ;1013022;CALIBRACIÓN DE BALANZA SISTEL DOBLE RANG;;0;0;1;0;;;Servicios;SIN TRATAMIENTO;;MR01;26/10/2026;3/10/2026;10161832;20;1;3/10/2026;6/10/2026;374;;0;;0;;;;;0;;;;;;;;;;;Sin aclaración;En curso - Próximo a vencer;;374
00374 TERMINAL PUNTA COLORADA;1000096529;30;ZPAN;PM 109 - CALIBRACION;;0;;;;DSUAREZ;1013022;CALIBRACIÓN DE HORNO DE SECADO HEELT;;0;0;1;0;;;Servicios;SIN TRATAMIENTO;;MR01;26/10/2026;3/10/2026;10161832;30;1;3/10/2026;6/10/2026;374;;0;;0;;;;;0;;;;;;;;;;;Sin aclaración;En curso - Próximo a vencer;;374
00374 TERMINAL PUNTA COLORADA;1000096529;40;ZPAN;PM 109 - CALIBRACION;;0;;;;DSUAREZ;1013022;CALIBRACIÓN DE CALIBRE MAUSER 0-20CM;;0;0;1;0;;;Servicios;SIN TRATAMIENTO;;MR01;26/10/2026;3/10/2026;10161832;40;1;3/10/2026;6/10/2026;374;;0;;0;;;;;0;;;;;;;;;;;Sin aclaración;En curso - Próximo a vencer;;374
00374 TERMINAL PUNTA COLORADA;1000096529;50;ZPAN;PM 109 - CALIBRACION;;0;;;;DSUAREZ;1013022;CALIBRACIÓN DE CALIBRE SHWYZ R 0-30CM;;0;0;1;0;;;Servicios;SIN TRATAMIENTO;;MR01;26/10/2026;3/10/2026;10161832;50;1;3/10/2026;6/10/2026;374;;0;;0;;;;;0;;;;;;;;;;;Sin aclaración;En curso - Próximo a vencer;;374
00374 TERMINAL PUNTA COLORADA;1000096612;10;ZPAN;03 - Transporte Las;;0;;;;DSUAREZ;1013113;COLECTIVO 44 PAX - N° 1 x VIAJE;;0;0;100;0;;;Servicios;SIN TRATAMIENTO;;MR01;15/1/2026;5/10/2026;10161935;10;1;5/10/2026;6/10/2026;C25;;0;;0;;;;;0;;;;;;;;;;;03 Cert Mensual;Vencido con cant pendiente a recep;;C25
00374 TERMINAL PUNTA COLORADA;1000096612;20;ZPAN;03 - Transporte Las;;0;;;;DSUAREZ;1013113;COLECTIVO 44 PAX - N° 2 x VIAJE;;0;0;100;0;;;Servicios;SIN TRATAMIENTO;;MR01;15/1/2026;5/10/2026;10161935;20;1;5/10/2026;6/10/2026;C25;;0;;0;;;;;0;;;;;;;;;;;03 Cert Mensual;Vencido con cant pendiente a recep;;C25
00374 TERMINAL PUNTA COLORADA;1000096612;30;ZPAN;03 - Transporte Las;;0;;;;DSUAREZ;1013113;COLECTIVO 44 PAX - N° 3 x VIAJE;;0;0;100;0;;;Servicios;SIN TRATAMIENTO;;MR01;15/1/2026;5/10/2026;10161935;30;1;5/10/2026;6/10/2026;C25;;0;;0;;;;;0;;;;;;;;;;;03 Cert Mensual;Vencido con cant pendiente a recep;;C25
00374 TERMINAL PUNTA COLORADA;1000096612;40;ZPAN;03 - Transporte Las;;0;;;;DSUAREZ;1013113;COLECTIVO 44 PAX - N° 4 x VIAJE;;0;0;100;0;;;Servicios;SIN TRATAMIENTO;;MR01;15/1/2026;5/10/2026;10161935;40;1;5/10/2026;6/10/2026;C25;;0;;0;;;;;0;;;;;;;;;;;03 Cert Mensual;Vencido con cant pendiente a recep;;C25
00374 TERMINAL PUNTA COLORADA;1000096612;50;ZPAN;03 - Transporte Las;;0;;;;DSUAREZ;1013113;COLECTIVO 44 PAX - N° 5 x VIAJE;;0;0;100;0;;;Servicios;SIN TRATAMIENTO;;MR01;15/1/2026;5/10/2026;10161935;50;1;5/10/2026;6/10/2026;C25;;0;;0;;;;;0;;;;;;;;;;;03 Cert Mensual;Vencido con cant pendiente a recep;;C25
00374 TERMINAL PUNTA COLORADA;1000096612;60;ZPAN;03 - Transporte Las;;0;;;;DSUAREZ;1013113;COLECTIVO 44 PAX - N° 6 x VIAJE + MOV IN;;0;0;100;0;;;Servicios;SIN TRATAMIENTO;;MR01;15/1/2026;5/10/2026;10161935;60;1;5/10/2026;6/10/2026;C25;;0;;0;;;;;0;;;;;;;;;;;03 Cert Mensual;Vencido con cant pendiente a recep;;C25
00374 TERMINAL PUNTA COLORADA;1000096612;70;ZPAN;03 - Transporte Las;;0;;;;DSUAREZ;1013113;COLECTIVO 44 PAX - N° 7 x VIAJE + MOV IN;;0;0;100;0;;;Servicios;SIN TRATAMIENTO;;MR01;15/1/2026;5/10/2026;10161935;70;1;5/10/2026;6/10/2026;C25;;0;;0;;;;;0;;;;;;;;;;;03 Cert Mensual;Vencido con cant pendiente a recep;;C25
00374 TERMINAL PUNTA COLORADA;1000096612;80;ZPAN;03 - Transporte Las;;0;;;;DSUAREZ;1013113;COLECTIVO 44 PAX - N° 8 x VIAJE + MOV IN;;0;0;100;0;;;Servicios;SIN TRATAMIENTO;;MR01;15/1/2026;5/10/2026;10161935;80;1;5/10/2026;6/10/2026;C25;;0;;0;;;;;0;;;;;;;;;;;03 Cert Mensual;Vencido con cant pendiente a recep;;C25
00374 TERMINAL PUNTA COLORADA;1000096626;10;ZPAN;04 - Extension All I;;0;;;;DSUAREZ;1033267;EXTRUSORA LESITER WELDPLAST S2;;0;0;2;0;;;Servicios;SIN TRATAMIENTO;;MR01;15/12/2026;6/10/2026;10161950;10;1;6/10/2026;6/10/2026;C04;;0;;0;;;;;0;;;;;;;;;;;04 Cert a Demanda;En curso;;C04
00374 TERMINAL PUNTA COLORADA;1000096674;10;ZPAN;"03 - Extension 18"" P";;0;;;;DSUAREZ;1012995;"SUBCONTRATO TERMOFUSION 18"" - REG SEPT";;0;59;0;59;;;Servicios;ADJUDICADO;PSB SERVICIOS INDUSTRIALES S.R.L.;MR01;30/11/2026;6/10/2026;10162043;10;1;6/10/2026;6/10/2026;C26;4500140468;10;0374;1;YCOLMAN;8/10/2026;30/11/2026;C26;0;;;;;;;;;;;03 Cert Mensual;En curso;;C26
00374 TERMINAL PUNTA COLORADA;1000096674;20;ZPAN;"03 - Extension 18"" P";;0;;;;DSUAREZ;1012995;"SUBCONTRATO TERMOFUSION 18""";;0;150;0;150;;;Servicios;ADJUDICADO;PSB SERVICIOS INDUSTRIALES S.R.L.;MR01;30/11/2026;6/10/2026;10162043;20;1;6/10/2026;6/10/2026;C26;4500140468;20;0374;1;YCOLMAN;8/10/2026;30/11/2026;C26;0;;;;;;;;;;;03 Cert Mensual;En curso;;C26
00374 TERMINAL PUNTA COLORADA;1000096681;10;ZPAN;04 - Cert Electrofus;;0;;;;DSUAREZ;1013021;CERTIFICACION ELECTROFUSIONADORA 33468;;0;0;1;0;;;Servicios;SIN TRATAMIENTO;;MR01;27/10/2026;6/10/2026;10162051;10;1;6/10/2026;7/10/2026;C25;;0;;0;;;;;0;;;;;;;;;;;04 Cert a Demanda;En curso - Próximo a vencer;;C25
00374 TERMINAL PUNTA COLORADA;1000096686;10;ZPAN;04 - Regularizacio A;;0;;;;DSUAREZ;1022295;SOFTWARE RSV - SERV TECNICO;;1;1;0;0;5000192065;7/10/2026;Servicios;CUMPLIDO;AC SAT S.R.L.;MR01;27/10/2026;6/10/2026;10162057;10;1;6/10/2026;7/10/2026;374;4500140409;10;0374;1;WDILLMAN;7/10/2026;15/10/2026;374;1;7/10/2026;;;;;;;;;;04 Cert a Demanda;En curso - Próximo a vencer;;374
00374 TERMINAL PUNTA COLORADA;1000096686;20;ZPAN;04 - Regularizacio A;;0;;;;DSUAREZ;1022295;SOFTWARE RSV - ASISTENCIA KM;;350;350;0;0;5000192065;7/10/2026;Servicios;CUMPLIDO;AC SAT S.R.L.;MR01;27/10/2026;6/10/2026;10162057;20;1;6/10/2026;7/10/2026;374;4500140409;20;0374;1;WDILLMAN;7/10/2026;15/10/2026;374;1;7/10/2026;;;;;;;;;;04 Cert a Demanda;En curso - Próximo a vencer;;374
00374 TERMINAL PUNTA COLORADA;1000096723;10;ZPAN;CALIBRACION - ANEMOM;;0;;;;JIBANEZ;1013022;CALIBRACION ANEMOMETRO;;0;0;2;0;;;Servicios;SIN TRATAMIENTO;;MR01;28/10/2026;7/10/2026;10162132;10;1;7/10/2026;8/10/2026;374;;0;;0;;;;;0;;;;;;;;;;;Sin aclaración;En curso - Próximo a vencer;;374
00374 TERMINAL PUNTA COLORADA;1000096728;20;ZPAN;REPUESTO EXTRUSORA -;;0;;;;JIBANEZ;1022296;Servicio de paqueteria - Salta/P.Madryn;;0;1;0;1;;;Servicios;ADJUDICADO;ALL IN SA;MR01;28/10/2026;7/10/2026;10162137;20;1;7/10/2026;8/10/2026;374;4500140466;10;0374;1;WDILLMAN;8/10/2026;16/10/2026;374;0;;;;;;;;;;;Sin aclaración;En curso - Próximo a vencer;;374
00375 YPF OLEODUCTO PR-LP;1000065999;10;ZPAN;03-ALQUILER DE TIEND;;0;;;;GPUJOL;1033267;ALQUILER DE TIENDETUBOS CAT-D8K/583;4;2,66;2,66;1;1,34;5000147025;26/9/2025;Servicios;CUMPLIDO PARCIAL;TECHINT CTI SACI;MR01;1/10/2025;30/4/2025;10120436;10;1;30/4/2025;2/5/2025;C04;4500098277;10;0375;1;WVENTURINI;2/5/2025;1/10/2026;C04;4;26/9/2025;;;;;;;;;;03 Cert Mensual;Vencido con cant pendiente a recep;;C04
00375 YPF OLEODUCTO PR-LP;1000066034;10;ZPAN;03-ALQUILER DISPENSE;;0;;;;GPUJOL;1013138;SERVICIO BOTELLON DE 20 LTS XUN;3000;1892;3000;0;1108;5000176702;11/6/2026;Servicios;CUMPLIDO PARCIAL;LABISTE CARLOS;MR01;20/7/2026;2/5/2025;10120495;10;1;2/5/2025;2/5/2025;C25;4500098789;10;0375;2;JESPARZA;9/5/2025;20/7/2026;C25;13;11/6/2026;;;;;;;;;;03 Cert Mensual;Vencido con cant pendiente a recep;;C25
00375 YPF OLEODUCTO PR-LP;1000073573;30;ZPAN;PEDIDO DE PIEDRA PAR;;0;10;4;6/2/2026;GPUJOL;1012969;FLETE POR PIEDRA DE 1° Y PIERDRA 30-50;1400;698,23;698,23;702;701,77;5000149678;21/10/2025;Servicios;CUMPLIDO;HORMIMONTE SRL;MR01;31/12/2025;8/9/2025;10130472;30;1;8/9/2025;8/9/2025;C14;4500108381;30;0375;1;VBARRA;11/9/2025;26/11/2025;C14;24;21/10/2025;;;;;;;;;;Sin aclaración;Vencido con cant pendiente a recep;;C14
00375 YPF OLEODUCTO PR-LP;1000073602;10;ZPAN;04-SERVICIO DE BALAN;;0;10;4;5/2/2026;GPUJOL;1022295;SERVICIO DE BALANZA PARA CAMIONES;20;6;6;14;14;5000152273;12/11/2025;Servicios;CUMPLIDO;TRANSPORTES GASTON S.A.S.;MR01;26/3/2026;8/9/2025;10130507;10;1;8/9/2025;8/9/2025;C14;4500108324;10;0375;1;VBARRA;11/9/2025;25/12/2025;C14;2;12/11/2025;;;;;;;;;;04 Cert a Demanda;Vencido con cant pendiente a recep;;C14
00375 YPF OLEODUCTO PR-LP;1000074705;10;ZPAN;02-SERVICIO DE ALMUE;;0;;;;GPUJOL;1026044;SERVICIO DE ALMUERZO / CENA;250;231;250;0;19;5000186338;28/8/2026;Servicios;CUMPLIDO PARCIAL;LUCIANI ROSA VIRGINIA ELIZABET;MR01;20/7/2026;25/9/2025;10131889;10;1;25/9/2025;26/9/2025;C24;4500109749;10;0375;1;MPITTIA;1/10/2025;20/7/2026;C24;20;28/8/2026;;;;;;;;;;02 Cert Quincenal;Vencido con cant pendiente a recep;;C24
00375 YPF OLEODUCTO PR-LP;1000082661;10;ZPAN;02-SERVICIO DE VIAND;;0;;;;GPUJOL;1026044;SERVICIO DE VIANDA;3600;2879;3600;0;721;5000186339;28/8/2026;Servicios;CUMPLIDO PARCIAL;LUCIANI ROSA VIRGINIA ELIZABET;MR01;20/7/2026;9/2/2026;10142588;10;1;9/2/2026;9/2/2026;C24;4500120416;10;0375;1;MPITTIA;20/2/2026;20/7/2026;C24;11;28/8/2026;;;;;;;;;;02 Cert Quincenal;Vencido con cant pendiente a recep;;C24
00375 YPF OLEODUCTO PR-LP;1000084684;10;ZPAN;03-EXTENSION OC 4500;;0;;4;31/8/2026;GPUJOL;1027343;SERV.CONSUL. AMBIENTAL X MES;3;1;1;2;2;5000167555;1/4/2026;Servicios;RESPONDIDO;KONOPNY MARIA ELISA;MR01;20/6/2026;12/3/2026;10145253;10;1;12/3/2026;12/3/2026;C24;4500122944;10;0375;1;MPITTIA;19/3/2026;20/7/2026;C24;3;1/4/2026;;;;;;;;;;03 Cert Mensual;Vencido con cant pendiente a recep;;C24
00375 YPF OLEODUCTO PR-LP;1000085608;50;ZPAN;REG LENOR;;0;;;;JPIEDRABUENA;1013021;CERTIFICACION EQUIPO;1;0;0;1;0;;;Servicios;SIN TRATAMIENTO;;MR01;20/4/2026;27/3/2026;10146472;50;1;1/10/2026;1/10/2026;C25;;0;;0;;;;;0;;;;;;;;;;;Sin aclaración;Vencido con cant pendiente a recep;;C25
00375 YPF OLEODUCTO PR-LP;1000085608;60;ZPAN;REG LENOR;;0;;;;JPIEDRABUENA;1016081;CERTIFICACION OPERADOR;3;0;0;3;0;;;Servicios;SIN TRATAMIENTO;;MR01;20/4/2026;27/3/2026;10146472;60;1;1/10/2026;1/10/2026;C25;;0;;0;;;;;0;;;;;;;;;;;Sin aclaración;Vencido con cant pendiente a recep;;C25
00375 YPF OLEODUCTO PR-LP;1000087096;30;ZPAN;Materiales p/reparac;;0;;;;JPIEDRABUENA;1012998;Firmware, seteo y pruebas inverters;1;0;1;0;1;;;Servicios;ADJUDICADO;G&M INFINITE ENERGY S. A.;MR01;20/7/2026;22/4/2026;10148363;30;1;22/4/2026;22/4/2026;C26;4500126286;30;0375;1;YCOLMAN;28/4/2026;31/12/2026;C26;0;;;;;;;;;;;Sin aclaración;Vencido con cant pendiente a recep;;C26
00375 YPF OLEODUCTO PR-LP;1000087096;40;ZPAN;Materiales p/reparac;;0;;;;JPIEDRABUENA;1012998;Lectura tensión baterías c/nuevo transdu;1;0;1;0;1;;;Servicios;ADJUDICADO;G&M INFINITE ENERGY S. A.;MR01;20/7/2026;22/4/2026;10148363;40;1;22/4/2026;22/4/2026;C26;4500126286;40;0375;1;YCOLMAN;28/4/2026;31/12/2026;C26;0;;;;;;;;;;;Sin aclaración;Vencido con cant pendiente a recep;;C26
00375 YPF OLEODUCTO PR-LP;1000087096;50;ZPAN;Materiales p/reparac;;0;;;;JPIEDRABUENA;1012998;Programación PLC y SCADA 20mA=80Vcc;2;0;2;0;2;;;Servicios;ADJUDICADO;G&M INFINITE ENERGY S. A.;MR01;20/7/2026;22/4/2026;10148363;50;1;22/4/2026;22/4/2026;C26;4500126286;50;0375;1;YCOLMAN;28/4/2026;31/12/2026;C26;0;;;;;;;;;;;Sin aclaración;Vencido con cant pendiente a recep;;C26
00375 YPF OLEODUCTO PR-LP;1000087096;60;ZPAN;Materiales p/reparac;;0;;;;JPIEDRABUENA;1012998;Ménsulas refuerzo estructura s/plano;3;0;3;0;3;;;Servicios;ADJUDICADO;G&M INFINITE ENERGY S. A.;MR01;20/7/2026;22/4/2026;10148363;60;1;22/4/2026;22/4/2026;C26;4500126286;60;0375;1;YCOLMAN;28/4/2026;31/12/2026;C26;0;;;;;;;;;;;Sin aclaración;Vencido con cant pendiente a recep;;C26
00375 YPF OLEODUCTO PR-LP;1000087524;10;ZPAN;PM 44 Manejo defensi;;0;;4;28/8/2026;GPUJOL;1022295;MANEJO DEFENSIVO TEORICO -PRACTICO;10;0;0;10;10;;;Servicios;RESPONDIDO;;MR01;20/7/2026;29/4/2026;10148888;10;1;29/4/2026;29/4/2026;C25;;0;;1;;;;;0;;;;;;;;;;;Sin aclaración;Vencido con cant pendiente a recep;;C25
00375 YPF OLEODUCTO PR-LP;1000092375;20;ZPAN;REGULARIZAR LIMPIEZA;;0;;;;GPUJOL;1022295;ALQUILER DE BAÑO QUIMICOXMES XUNI;4;1;4;0;3;5000188872;14/9/2026;Servicios;CUMPLIDO PARCIAL;TOVIO SERGIO MAXIMILIANO;MR01;12/8/2026;23/7/2026;10155451;20;1;23/7/2026;28/7/2026;C25;4500134118;20;0375;1;MPITTIA;29/7/2026;12/8/2026;C25;3;14/9/2026;;;;;;;;;;Sin aclaración;Vencido con cant pendiente a recep;;C25
00375 YPF OLEODUCTO PR-LP;1000095958;10;ZPAN;REGULARIZACION TRABA;;0;;;;GPUJOL;1022295;TORNEADO PLACA DE ALUMINIO;10;10;10;0;0;5000190503;25/9/2026;Servicios;CUMPLIDO;GUGLIELMETTI AMERICO ANTONIO Y GUGL;MR01;14/10/2026;23/9/2026;10160988;10;1;23/9/2026;23/9/2026;C26;4500139449;10;0375;1;YCOLMAN;24/9/2026;14/10/2026;C26;1;25/9/2026;;;;;;;;;;Sin aclaración;En curso - Próximo a vencer;;C26
00375 YPF OLEODUCTO PR-LP;1000095958;20;ZPAN;REGULARIZACION TRABA;;0;;;;GPUJOL;1022295;TORNEADO DISCOS DE HIERRO;4;4;4;0;0;5000190503;25/9/2026;Servicios;CUMPLIDO;GUGLIELMETTI AMERICO ANTONIO Y GUGL;MR01;14/10/2026;23/9/2026;10160988;20;1;23/9/2026;23/9/2026;C26;4500139449;20;0375;1;YCOLMAN;24/9/2026;14/10/2026;C26;1;25/9/2026;;;;;;;;;;Sin aclaración;En curso - Próximo a vencer;;C26
0376 VELADERO FASE 8B /SAN JUAN;1000081535;10;ZPAN;ADICIONAL HABILITACI;;0;;;;ARIVERO;1022295;CERTIF FACTIBILIDAD USO DEL SUELO Y LOC;1;0;1;0;1;;;Servicios;ADJUDICADO;LOPEZ RIOS FACUNDO GABRIE;MM01;30/12/2026;22/1/2026;10141113;10;1;22/1/2026;22/1/2026;C25;4500118735;10;0376;1;MPITTIA;29/1/2026;30/12/2026;C25;2;;;;;;;;;;;Sin aclaración;En curso;;C25
0376 VELADERO FASE 8B /SAN JUAN;1000081535;30;ZPAN;ADICIONAL HABILITACI;;0;;;;ARIVERO;1022295;APROB CONFORME OBRA CONCLUIDA EN DPDU;1;0;1;0;1;;;Servicios;ADJUDICADO;LOPEZ RIOS FACUNDO GABRIE;MM01;30/12/2026;22/1/2026;10141113;30;1;22/1/2026;22/1/2026;C25;4500118735;30;0376;1;MPITTIA;29/1/2026;30/12/2026;C25;2;;;;;;;;;;;Sin aclaración;En curso;;C25
0376 VELADERO FASE 8B /SAN JUAN;1000081535;40;ZPAN;ADICIONAL HABILITACI;;0;;;;ARIVERO;1022295;CERTIF PROTECCIÓN CONTRA INCENDIO> 500m2;1;0;1;0;1;;;Servicios;ADJUDICADO;LOPEZ RIOS FACUNDO GABRIE;MM01;30/12/2026;22/1/2026;10141113;40;1;22/1/2026;22/1/2026;C25;4500118735;40;0376;1;MPITTIA;29/1/2026;30/12/2026;C25;0;;;;;;;;;;;Sin aclaración;En curso;;C25
0376 VELADERO FASE 8B /SAN JUAN;1000081535;50;ZPAN;ADICIONAL HABILITACI;;0;;;;ARIVERO;1022295;HABIL. OBRAS CIVILES DE CONST TASA MUNI;1;0;1;0;1;;;Servicios;ADJUDICADO;LOPEZ RIOS FACUNDO GABRIE;MM01;30/12/2026;22/1/2026;10141113;50;1;22/1/2026;22/1/2026;C25;4500118735;50;0376;1;MPITTIA;29/1/2026;30/12/2026;C25;2;;;;;;;;;;;Sin aclaración;En curso;;C25
0376 VELADERO FASE 8B /SAN JUAN;1000081535;60;ZPAN;ADICIONAL HABILITACI;;0;;;;ARIVERO;1022295;CERT FINAL DE OBRA-LIC USO O HABIL DPDU;1;0;1;0;1;;;Servicios;ADJUDICADO;LOPEZ RIOS FACUNDO GABRIE;MM01;30/12/2026;22/1/2026;10141113;60;1;22/1/2026;22/1/2026;C25;4500118735;60;0376;1;MPITTIA;29/1/2026;30/12/2026;C25;2;;;;;;;;;;;Sin aclaración;En curso;;C25
0376 VELADERO FASE 8B /SAN JUAN;1000082865;10;ZPAN;Habilitación Galpón;;0;;;;CBAREA;1022295;Certificado de Factibilidad suelo;1;0;1;0;1;;;Servicios;ADJUDICADO;LOPEZ RIOS FACUNDO GABRIE;MM01;30/12/2026;12/2/2026;10142822;10;1;12/2/2026;12/2/2026;C25;4500120029;10;0376;1;MPITTIA;12/2/2026;30/12/2026;C25;0;;;;;;;;;;;Sin aclaración;En curso;;C25
0376 VELADERO FASE 8B /SAN JUAN;1000082865;20;ZPAN;Habilitación Galpón;;0;;;;CBAREA;1022295;Tramite en DPDU de Planos;1;0;1;0;1;;;Servicios;ADJUDICADO;LOPEZ RIOS FACUNDO GABRIE;MM01;30/12/2026;12/2/2026;10142822;20;1;12/2/2026;12/2/2026;C25;4500120029;20;0376;1;MPITTIA;12/2/2026;30/12/2026;C25;0;;;;;;;;;;;Sin aclaración;En curso;;C25
0376 VELADERO FASE 8B /SAN JUAN;1000082865;30;ZPAN;Habilitación Galpón;;0;;;;CBAREA;1022295;Aprobación de Planos;1;0;1;0;1;;;Servicios;ADJUDICADO;LOPEZ RIOS FACUNDO GABRIE;MM01;30/12/2026;12/2/2026;10142822;30;1;12/2/2026;12/2/2026;C25;4500120029;30;0376;1;MPITTIA;12/2/2026;30/12/2026;C25;0;;;;;;;;;;;Sin aclaración;En curso;;C25
0376 VELADERO FASE 8B /SAN JUAN;1000082865;40;ZPAN;Habilitación Galpón;;0;;;;CBAREA;1022295;Certificado Final del Servicio;1;0;1;0;1;;;Servicios;ADJUDICADO;LOPEZ RIOS FACUNDO GABRIE;MM01;30/12/2026;12/2/2026;10142822;40;1;12/2/2026;12/2/2026;C25;4500120029;40;0376;1;MPITTIA;12/2/2026;30/12/2026;C25;0;;;;;;;;;;;Sin aclaración;En curso;;C25
0376 VELADERO FASE 8B /SAN JUAN;1000082865;50;ZPAN;Habilitación Galpón;;0;;;;CBAREA;1022295;Habilitación de obras Civiles;1;0;1;0;1;;;Servicios;ADJUDICADO;LOPEZ RIOS FACUNDO GABRIE;MM01;30/12/2026;12/2/2026;10142822;50;1;12/2/2026;12/2/2026;C25;4500120029;50;0376;1;MPITTIA;12/2/2026;30/12/2026;C25;0;;;;;;;;;;;Sin aclaración;En curso;;C25
0376 VELADERO FASE 8B /SAN JUAN;1000082865;60;ZPAN;Habilitación Galpón;;0;;;;CBAREA;1022295;Certificado Final de Obra-Licencia;1;0;1;0;1;;;Servicios;ADJUDICADO;LOPEZ RIOS FACUNDO GABRIE;MM01;30/12/2026;12/2/2026;10142822;60;1;12/2/2026;12/2/2026;C25;4500120029;60;0376;1;MPITTIA;12/2/2026;30/12/2026;C25;0;;;;;;;;;;;Sin aclaración;En curso;;C25
00377-YPF 3° loop;1000078526;10;ZPAN;SUBC INGENIERIA INSA;;0;;;;AFORTUNA;1013007;SUBC. DE INGENIERIA;1;1;1;0;0;5000171455;4/5/2026;Servicios;CUMPLIDO;VALENZUELA YULIANA EDITH;MR01;20/10/2026;27/11/2025;10136934;10;1;27/11/2025;28/11/2025;C26;4500114224;10;0377;1;AGONZALEZ;29/11/2025;20/10/2026;C26;7;4/5/2026;;;;;;;;;;Sin aclaración;En curso - Próximo a vencer;;C26
00377-YPF 3° loop;1000079423;20;ZPAN;03 TOPOGRAFIA;;20;;;;RTELLO;1027430;SERVICIO DE TOPOGRAFIA x MES;8;7,677;8;0;0,323;5000186702;1/9/2026;Servicios;CUMPLIDO PARCIAL;INGEAP S.A.S.;MR01;31/10/2026;12/12/2025;10138077;20;1;12/12/2025;12/12/2025;C26;4500115502;20;0377;1;AGONZALEZ;16/12/2025;31/10/2026;C26;10;1/9/2026;;;;;;;;;;03 Cert Mensual;En curso - Próximo a vencer;Rojo;C26
00377-YPF 3° loop;1000079982;10;ZPAN;03 MODULOS BAÑOS;;0;;;;ASABATINO;1047100;ALQUILER DE MODULO BAÑO 6MT X MES;8;7,834;8;0;0,166;5000186706;1/9/2026;Servicios;CUMPLIDO PARCIAL;JORGE ALBERTO SOTO S.A.S.;MR01;31/8/2026;22/12/2025;10138861;10;1;22/12/2025;22/12/2025;C04;4500116386;10;0377;1;WVENTURINI;30/12/2025;30/10/2026;C04;9;1/9/2026;;;;;;;;;;03 Cert Mensual;Vencido con cant pendiente a recep;;C04
00377-YPF 3° loop;1000079982;20;ZPAN;03 MODULOS BAÑOS;;0;;;;ASABATINO;1048521;SERV. ALQ. CAMION CISTERNA AGUA 5000LT;8;7,935;8;0;0,065;5000186706;1/9/2026;Servicios;CUMPLIDO PARCIAL;JORGE ALBERTO SOTO S.A.S.;MR01;31/8/2026;22/12/2025;10138861;20;1;22/12/2025;22/12/2025;C04;4500116386;20;0377;1;WVENTURINI;30/12/2025;30/10/2026;C04;9;1/9/2026;;;;;;;;;;03 Cert Mensual;Vencido con cant pendiente a recep;;C04
00377-YPF 3° loop;1000079982;30;ZPAN;03 MODULOS BAÑOS;;0;;;;ASABATINO;1048522;SERV. ALQ. UNID. PLANTA TRAT. EFLUENTES;8;7,794;8;0;0,206;5000186706;1/9/2026;Servicios;CUMPLIDO PARCIAL;JORGE ALBERTO SOTO S.A.S.;MR01;31/8/2026;22/12/2025;10138861;30;1;22/12/2025;22/12/2025;C04;4500116386;30;0377;1;WVENTURINI;30/12/2025;30/10/2026;C04;9;1/9/2026;;;;;;;;;;03 Cert Mensual;Vencido con cant pendiente a recep;;C04
00377-YPF 3° loop;1000080012;40;ZPAN;03 SERV BAÑO QUIMICO;;0;;;;RTELLO;1022295;FLETE RETIRO BAÑO QUIM EN VEHI PESADO;1;0;1;0;1;;;Servicios;ADJUDICADO;DASH SRL;MR01;31/10/2026;22/12/2025;10138874;40;1;22/12/2025;22/12/2025;C25;4500116102;40;0377;1;MPITTIA;23/12/2025;31/10/2026;C25;0;;;;;;;;;;;03 Cert Mensual;En curso - Próximo a vencer;;C25
00377-YPF 3° loop;1000080444;10;ZPAN;03 TRANSPORTE PERSON;;0;;;;ASABATINO;1048595;COMBI X 19 PAX LINEA;8;7,67;8;0;0,33;5000191760;5/10/2026;Servicios;CUMPLIDO PARCIAL;CUATRODEC SERVICIOS S.A.;MR01;31/10/2026;6/1/2026;10139618;10;1;6/1/2026;12/1/2026;C25;4500117387;10;0377;1;MPITTIA;14/1/2026;30/10/2026;C25;8;5/10/2026;;;;;;;;;;03 Cert Mensual;En curso - Próximo a vencer;Verde;C25
00377-YPF 3° loop;1000080444;20;ZPAN;03 TRANSPORTE PERSON;;0;;;;ASABATINO;1048595;COMBI X 19 PAX LINEA;8;7,67;8;0;0,33;5000191760;5/10/2026;Servicios;CUMPLIDO PARCIAL;CUATRODEC SERVICIOS S.A.;MR01;31/10/2026;6/1/2026;10139618;20;1;6/1/2026;12/1/2026;C25;4500117387;20;0377;1;MPITTIA;14/1/2026;30/10/2026;C25;8;5/10/2026;;;;;;;;;;03 Cert Mensual;En curso - Próximo a vencer;Verde;C25
00377-YPF 3° loop;1000080444;30;ZPAN;03 TRANSPORTE PERSON;;0;;;;ASABATINO;1048595;COMBI X 19 PAX LINEA;8;7,67;8;0;0,33;5000191760;5/10/2026;Servicios;CUMPLIDO PARCIAL;CUATRODEC SERVICIOS S.A.;MR01;31/10/2026;6/1/2026;10139618;30;1;6/1/2026;12/1/2026;C25;4500117387;30;0377;1;MPITTIA;14/1/2026;30/10/2026;C25;8;5/10/2026;;;;;;;;;;03 Cert Mensual;En curso - Próximo a vencer;Verde;C25
00377-YPF 3° loop;1000080444;40;ZPAN;03 TRANSPORTE PERSON;;0;;;;ASABATINO;1048595;COMBI X 19 PAX LINEA;8;7,5;8;0;0,5;5000191760;5/10/2026;Servicios;CUMPLIDO PARCIAL;CUATRODEC SERVICIOS S.A.;MR01;31/10/2026;6/1/2026;10139618;40;1;6/1/2026;12/1/2026;C25;4500117387;40;0377;1;MPITTIA;14/1/2026;30/10/2026;C25;7;5/10/2026;;;;;;;;;;03 Cert Mensual;En curso - Próximo a vencer;Verde;C25
00377-YPF 3° loop;1000080444;50;ZPAN;03 TRANSPORTE PERSON;;0;;;;ASABATINO;1048595;COMBI X 19 PAX LINEA;6;5,5;6;0;0,5;5000187681;7/9/2026;Servicios;CUMPLIDO PARCIAL;CUATRODEC SERVICIOS S.A.;MR01;31/10/2026;6/1/2026;10139618;80;1;11/1/2026;12/1/2026;C25;4500117387;50;0377;1;MPITTIA;14/1/2026;30/10/2026;C25;6;7/9/2026;;;;;;;;;;03 Cert Mensual;En curso - Próximo a vencer;Rojo;C25
00377-YPF 3° loop;1000080444;60;ZPAN;03 TRANSPORTE PERSON;;0;;;;ASABATINO;1048595;COMBI X 19 PAX LINEA;6;6;6;0;0;5000191760;5/10/2026;Servicios;CUMPLIDO;CUATRODEC SERVICIOS S.A.;MR01;31/10/2026;6/1/2026;10139618;90;1;11/1/2026;12/1/2026;C25;4500117387;60;0377;1;MPITTIA;14/1/2026;30/10/2026;C25;6;5/10/2026;;;;;;;;;;03 Cert Mensual;En curso - Próximo a vencer;Verde;C25
00377-YPF 3° loop;1000080444;70;ZPAN;03 TRANSPORTE PERSON;;0;;;;ASABATINO;1048595;COMBI X 19 PAX;8;7,56;8;0;0,44;5000187681;7/9/2026;Servicios;CUMPLIDO PARCIAL;CUATRODEC SERVICIOS S.A.;MR01;31/10/2026;6/1/2026;10139618;100;1;11/1/2026;12/1/2026;C25;4500117387;70;0377;1;MPITTIA;14/1/2026;30/10/2026;C25;9;7/9/2026;;;;;;;;;;03 Cert Mensual;En curso - Próximo a vencer;Rojo;C25
00377-YPF 3° loop;1000080444;80;ZPAN;03 TRANSPORTE PERSON;;0;;;;ASABATINO;1048595;COMBI X 19 PAX;8;7,86;8;0;0,14;5000191760;5/10/2026;Servicios;CUMPLIDO PARCIAL;CUATRODEC SERVICIOS S.A.;MR01;31/10/2026;6/1/2026;10139618;110;1;11/1/2026;12/1/2026;C25;4500117387;80;0377;1;MPITTIA;14/1/2026;30/10/2026;C25;10;5/10/2026;;;;;;;;;;03 Cert Mensual;En curso - Próximo a vencer;Verde;C25
00377-YPF 3° loop;1000080444;90;ZPAN;03 TRANSPORTE PERSON;;0;;;;ASABATINO;1022295;KMS EXCEDENTES;4480;0;4480;0;4480;;;Servicios;ADJUDICADO;CUATRODEC SERVICIOS S.A.;MR01;31/10/2026;6/1/2026;10139618;120;1;11/1/2026;12/1/2026;C25;4500117387;90;0377;1;MPITTIA;14/1/2026;30/10/2026;C25;0;;;;;;;;;;;03 Cert Mensual;En curso - Próximo a vencer;;C25
00377-YPF 3° loop;1000080444;100;ZPAN;03 TRANSPORTE PERSON;;0;;;;ASABATINO;1022295;ADICIONAL FERIADO/DOMINGO;28;28;28;0;0;5000179539;6/7/2026;Servicios;CUMPLIDO;CUATRODEC SERVICIOS S.A.;MR01;31/10/2026;6/1/2026;10139618;130;1;11/1/2026;12/1/2026;C25;4500117387;100;0377;1;MPITTIA;14/1/2026;30/9/2026;C25;3;6/7/2026;;;;;;;;;;03 Cert Mensual;En curso - Próximo a vencer;Rojo;C25
00377-YPF 3° loop;1000080444;110;ZPAN;03 TRANSPORTE PERSON;;0;;;;ASABATINO;1048595;COMBI X 19 PAX;4;4;4;0;0;5000191760;5/10/2026;Servicios;CUMPLIDO;CUATRODEC SERVICIOS S.A.;MR01;31/10/2026;6/1/2026;10139618;140;1;12/1/2026;12/1/2026;C25;4500117387;110;0377;1;MPITTIA;14/1/2026;30/10/2026;C25;6;5/10/2026;;;;;;;;;;03 Cert Mensual;En curso - Próximo a vencer;Verde;C25
00377-YPF 3° loop;1000080444;120;ZPAN;03 TRANSPORTE PERSON;;0;;;;ASABATINO;1048595;COMBI X 19 PAX;4;3,83;4;0;0,17;5000191760;5/10/2026;Servicios;CUMPLIDO PARCIAL;CUATRODEC SERVICIOS S.A.;MR01;31/10/2026;6/1/2026;10139618;150;1;12/1/2026;12/1/2026;C25;4500117387;120;0377;1;MPITTIA;14/1/2026;30/10/2026;C25;5;5/10/2026;;;;;;;;;;03 Cert Mensual;En curso - Próximo a vencer;Verde;C25
00377-YPF 3° loop;1000080474;10;ZPAN;03 SERV. PALEONTOLOG;;0;;;;ASABATINO;1035446;SERVICIO MENSUAL DE PALEONTOLOGIA;8;7;8;0;1;5000192145;8/10/2026;Servicios;CUMPLIDO PARCIAL;ARAVENA MELO JOSE EDGARDO;MR01;2/11/2026;6/1/2026;10139662;40;2;7/9/2026;7/9/2026;C26;4500137882;20;0377;2;YCOLMAN;7/9/2026;2/11/2026;C26;9;8/10/2026;;;;;;;;;;03 Cert Mensual;En curso - Próximo a vencer;Verde;C26
00377-YPF 3° loop;1000080474;20;ZPAN;03 SERV. PALEONTOLOG;;0;;;;ASABATINO;1022295;INFORME INICIAL (ESTUDIO IMPACTO PALEONT;1;1;1;0;0;5000164842;10/3/2026;Servicios;CUMPLIDO;CARBALLIDO JOSE LUIS;MR01;30/10/2026;6/1/2026;10139662;20;1;6/1/2026;6/1/2026;C26;4500116871;20;0377;1;AGONZALEZ;8/1/2026;31/8/2026;C26;1;10/3/2026;;;;;;;;;;03 Cert Mensual;En curso - Próximo a vencer;Rojo;C26
00377-YPF 3° loop;1000080474;30;ZPAN;03 SERV. PALEONTOLOG;;0;;;;ASABATINO;1022295;INFORME FINAL;1;0;1;0;1;;;Servicios;ADJUDICADO;ARAVENA MELO JOSE EDGARDO;MR01;2/11/2026;6/1/2026;10139662;30;1;6/1/2026;6/1/2026;C26;4500137882;10;0377;2;YCOLMAN;7/9/2026;2/11/2026;C26;0;;;;;;;;;;;03 Cert Mensual;En curso - Próximo a vencer;;C26
00377-YPF 3° loop;1000080874;10;ZPAN;03 SERV CONS. AMBIEN;;0;;;;RTELLO;1042362;RESPONSABLE MEDIO AMBIENTE X MES;6;6;6;0;0;5000186720;1/9/2026;Servicios;CUMPLIDO;STEP ENERGY S. A. S.;MR01;31/10/2026;12/1/2026;10140142;10;1;12/1/2026;12/1/2026;C25;4500120551;10;0377;2;MPITTIA;23/2/2026;31/10/2026;C25;8;1/9/2026;;;;;;;;;;03 Cert Mensual;En curso - Próximo a vencer;Rojo;C25
00377-YPF 3° loop;1000080931;10;ZPAN;03 CONT INSPEC YPF;;20;;;;RTELLO;1033267;SERV ALQ CONT x 12 MTS OFICINA S/DETALLE;8;7,617;8;0;0,383;5000191297;1/10/2026;Servicios;CUMPLIDO PARCIAL;JORGE ALBERTO SOTO S.A.S.;MR01;31/8/2026;13/1/2026;10140217;10;1;13/1/2026;13/1/2026;C04;4500117290;10;0377;1;WVENTURINI;13/1/2026;22/10/2026;C04;9;1/10/2026;;;;;;;;;;03 Cert Mensual;Vencido con cant pendiente a recep;;C04
00377-YPF 3° loop;1000080931;20;ZPAN;03 CONT INSPEC YPF;;20;;;;RTELLO;1033267;SERV ALQ CONT x 12 MTS OFI/COMEDOR;8;7,5;8;0;0,5;5000186718;1/9/2026;Servicios;CUMPLIDO PARCIAL;JORGE ALBERTO SOTO S.A.S.;MR01;31/8/2026;13/1/2026;10140217;20;1;13/1/2026;13/1/2026;C04;4500117290;20;0377;1;WVENTURINI;13/1/2026;22/10/2026;C04;8;1/9/2026;;;;;;;;;;03 Cert Mensual;Vencido con cant pendiente a recep;;C04
00377-YPF 3° loop;1000080971;40;ZPAN;03 SERV BAÑOS QUIMIC;;0;;;;RTELLO;1022295;FLETE ENTREGA BAÑO QUIM EN VEHI PESADO;10;1;10;0;9;5000168078;7/4/2026;Servicios;CUMPLIDO PARCIAL;DASH SRL;MR01;31/10/2026;13/1/2026;10140277;40;1;13/3/2026;13/3/2026;C25;4500123147;30;0377;1;MPITTIA;23/3/2026;31/10/2026;C25;1;7/4/2026;;;;;;;;;;03 Cert Mensual;En curso - Próximo a vencer;Rojo;C25
00377-YPF 3° loop;1000080971;50;ZPAN;03 SERV BAÑOS QUIMIC;;0;;;;RTELLO;1022295;FLETE RETIRO BAÑO QUIM VEHI PESADO X 10U;10;2;10;0;8;5000168433;9/4/2026;Servicios;CUMPLIDO PARCIAL;DASH SRL;MR01;31/10/2026;13/1/2026;10140277;50;1;13/3/2026;13/3/2026;C25;4500123147;40;0377;1;MPITTIA;23/3/2026;31/10/2026;C25;2;9/4/2026;;;;;;;;;;03 Cert Mensual;En curso - Próximo a vencer;Rojo;C25
00377-YPF 3° loop;1000081143;10;ZPAN;03 SERV AGUA POTABLE;;0;;;;ASABATINO;1025992;ALQUILER DISPENSER FRIO CALOR x MES;80;3,3;80;0;76,7;5000160953;4/2/2026;Servicios;CUMPLIDO PARCIAL;ABIUSI ANALIA VERONICA;MR01;31/10/2026;16/1/2026;10140535;10;1;16/1/2026;16/1/2026;C25;4500118273;10;0377;1;MPITTIA;23/1/2026;31/10/2026;C25;1;4/2/2026;;;;;;;;;;03 Cert Mensual;En curso - Próximo a vencer;Rojo;C25
00377-YPF 3° loop;1000081143;30;ZPAN;03 SERV AGUA POTABLE;;0;;;;ASABATINO;1017912;ALQUILER DE FREZZER CHICO X MES;5;1;5;0;4;5000160953;4/2/2026;Servicios;CUMPLIDO PARCIAL;ABIUSI ANALIA VERONICA;MR01;31/10/2026;16/1/2026;10140535;30;1;16/1/2026;16/1/2026;C25;4500118273;30;0377;1;MPITTIA;23/1/2026;31/10/2026;C25;1;4/2/2026;;;;;;;;;;03 Cert Mensual;En curso - Próximo a vencer;Rojo;C25
00377-YPF 3° loop;1000081157;10;ZPAN;03 CONT RESIDUOS;;0;;;;RTELLO;1035384;ALQ CONT RESIDUOS C/TAPA X UN;23,79;23,79;23,79;0;0;5000185691;24/8/2026;Servicios;CUMPLIDO;SOLUCIONES AMBIENTALES PATAGONIA;MR01;31/10/2026;16/1/2026;10140539;10;1;16/1/2026;16/1/2026;C25;4500118506;10;0377;1;MPITTIA;27/1/2026;31/10/2026;C25;3;24/8/2026;;;;;;;;;;03 Cert Mensual;En curso - Próximo a vencer;Rojo;C25
00377-YPF 3° loop;1000081157;20;ZPAN;03 CONT RESIDUOS;;0;;;;RTELLO;1035384;ALQ CONT RESIDUOS S/TAPA X UN;15,21;15,21;15,21;0;0;5000172428;9/5/2026;Servicios;CUMPLIDO;SOLUCIONES AMBIENTALES PATAGONIA;MR01;31/10/2026;16/1/2026;10140539;20;1;16/1/2026;16/1/2026;C25;4500118506;20;0377;1;MPITTIA;27/1/2026;31/10/2026;C25;2;9/5/2026;;;;;;;;;;03 Cert Mensual;En curso - Próximo a vencer;Rojo;C25
00377-YPF 3° loop;1000081571;50;ZPAN;04 ENSAYOS NO DESTRU;;0;;;;ASABATINO;1042079;GAMMAGRAFIA Ø10 SCH 80 15,09 mm.;18;14;18;0;4;5000191095;30/9/2026;Servicios;CUMPLIDO PARCIAL;CAEFE S.A.;MR01;30/9/2026;22/1/2026;10141171;50;1;22/1/2026;23/1/2026;C26;4500118334;50;0377;1;AGONZALEZ;23/1/2026;31/10/2026;C26;3;30/9/2026;;;;;;;;;;04 Cert a Demanda;Vencido con cant pendiente a recep;;C26
00377-YPF 3° loop;1000081571;80;ZPAN;04 ENSAYOS NO DESTRU;;0;;;;ASABATINO;1042079;GAMMAGRAFIA Ø 3 SCH 40 5,49 mm.;5;0;5;0;5;;;Servicios;ADJUDICADO;CAEFE S.A.;MR01;30/9/2026;22/1/2026;10141171;80;1;22/1/2026;23/1/2026;C26;4500118334;80;0377;1;AGONZALEZ;23/1/2026;31/10/2026;C26;0;;;;;;;;;;;04 Cert a Demanda;Vencido con cant pendiente a recep;;C26
00377-YPF 3° loop;1000081571;90;ZPAN;04 ENSAYOS NO DESTRU;;0;;;;ASABATINO;1042079;GAMMAGRAFIA Ø 2 SCH 80 5,55 mm.;72;29;72;0;43;5000179601;6/7/2026;Servicios;CUMPLIDO PARCIAL;CAEFE S.A.;MR01;30/9/2026;22/1/2026;10141171;90;1;22/1/2026;23/1/2026;C26;4500118334;90;0377;1;AGONZALEZ;23/1/2026;31/10/2026;C26;1;6/7/2026;;;;;;;;;;04 Cert a Demanda;Vencido con cant pendiente a recep;;C26
00377-YPF 3° loop;1000081571;100;ZPAN;04 ENSAYOS NO DESTRU;;0;;;;ASABATINO;1042079;GAMMAGRAFIA Ø 2 SCH 40 3,91 mm.;10;7;10;0;3;5000168517;10/4/2026;Servicios;CUMPLIDO PARCIAL;CAEFE S.A.;MR01;30/9/2026;22/1/2026;10141171;100;1;22/1/2026;23/1/2026;C26;4500118334;100;0377;1;AGONZALEZ;23/1/2026;31/10/2026;C26;1;10/4/2026;;;;;;;;;;04 Cert a Demanda;Vencido con cant pendiente a recep;;C26
00377-YPF 3° loop;1000081571;110;ZPAN;04 ENSAYOS NO DESTRU;;0;;;;ASABATINO;1042079;LIQUIDOS PENETRANTES;50;49,2;50;0;0,8;5000191095;30/9/2026;Servicios;CUMPLIDO PARCIAL;CAEFE S.A.;MR01;30/9/2026;22/1/2026;10141171;110;1;22/1/2026;23/1/2026;C26;4500118334;110;0377;1;AGONZALEZ;23/1/2026;31/10/2026;C26;6;30/9/2026;;;;;;;;;;04 Cert a Demanda;Vencido con cant pendiente a recep;;C26
00377-YPF 3° loop;1000081571;120;ZPAN;04 ENSAYOS NO DESTRU;;0;;;;ASABATINO;1042079;SERVCIO DIARIO DE GAMMAGRAFÍA EXT;60;54,2;60;0;5,8;5000191095;30/9/2026;Servicios;CUMPLIDO PARCIAL;CAEFE S.A.;MR01;30/9/2026;22/1/2026;10141171;120;1;22/1/2026;23/1/2026;C26;4500118334;120;0377;1;AGONZALEZ;23/1/2026;31/10/2026;C26;5;30/9/2026;;;;;;;;;;04 Cert a Demanda;Vencido con cant pendiente a recep;;C26
00377-YPF 3° loop;1000081774;10;ZPAN;04 PROVISION SGFV;;0;;;;RTELLO;1012829;SISTEMA FV OFF GRID;4;3,32;4;0;0,68;5000185528;22/8/2026;Materiales genericos;RECEPCIONADO PARCIAL;CONTROL POINT S.A.;MR01;31/10/2026;26/1/2026;10141435;10;1;26/1/2026;27/1/2026;C26;4500118696;10;0377;1;AGONZALEZ;28/1/2026;31/10/2026;C26;3;22/8/2026;;;;;;;;;;04 Cert a Demanda;En curso - Próximo a vencer;;C26
00377-YPF 3° loop;1000082320;70;ZPAN;04 PUENTE GRUA;;0;;;;RTELLO;1042362;INSTALACION;2;0;2;0;2;;;Servicios;ADJUDICADO;AGTB INGENIERIA SRL;MR01;30/9/2026;3/2/2026;10142153;70;1;10/2/2026;11/2/2026;C26;4500119892;70;0377;1;AGONZALEZ;11/2/2026;30/9/2026;C26;0;;;;;;;;;;;04 Cert a Demanda;Vencido con cant pendiente a recep;;C26
00377-YPF 3° loop;1000082502;10;ZPAN;03 SERV. MEDICO - AM;;0;;;;ASABATINO;1048518;SS AMBULANCIA ALTA COMPLEJIDAD XMES;7;6,214;7;0;0,786;5000187678;7/9/2026;Servicios;CUMPLIDO PARCIAL;DATUM S.A.;MR01;31/10/2026;6/2/2026;10142394;10;1;6/2/2026;6/2/2026;C25;4500119517;10;0377;1;MPITTIA;6/2/2026;31/10/2026;C25;7;7/9/2026;;;;;;;;;;03 Cert Mensual;En curso - Próximo a vencer;Rojo;C25
00377-YPF 3° loop;1000082502;20;ZPAN;03 SERV. MEDICO - AM;;0;;;;ASABATINO;1048518;SS AMBULANCIA ALTA COMPLEJIDAD XMES;7;6,214;7;0;0,786;5000187678;7/9/2026;Servicios;CUMPLIDO PARCIAL;DATUM S.A.;MR01;31/10/2026;6/2/2026;10142394;20;1;6/2/2026;6/2/2026;C25;4500119517;20;0377;1;MPITTIA;6/2/2026;31/10/2026;C25;7;7/9/2026;;;;;;;;;;03 Cert Mensual;En curso - Próximo a vencer;Rojo;C25
00377-YPF 3° loop;1000082502;30;ZPAN;03 SERV. MEDICO - AM;;0;;;;ASABATINO;1048518;TRAILER CON EQUIPAMIENTO X MES;7;6,214;7;0;0,786;5000187678;7/9/2026;Servicios;CUMPLIDO PARCIAL;DATUM S.A.;MR01;31/10/2026;6/2/2026;10142394;30;1;6/2/2026;6/2/2026;C25;4500119517;30;0377;1;MPITTIA;6/2/2026;31/10/2026;C25;7;7/9/2026;;;;;;;;;;03 Cert Mensual;En curso - Próximo a vencer;Rojo;C25
00377-YPF 3° loop;1000082502;50;ZPAN;03 SERV. MEDICO - AM;;0;;;;ASABATINO;1027266;RECOLECCION RESIDUOS PATOLOGICOS;100;5;100;0;95;5000187678;7/9/2026;Servicios;CUMPLIDO PARCIAL;DATUM S.A.;MR01;31/10/2026;6/2/2026;10142394;70;1;6/2/2026;6/2/2026;C25;4500119517;60;0377;1;MPITTIA;6/2/2026;31/10/2026;C25;5;7/9/2026;;;;;;;;;;03 Cert Mensual;En curso - Próximo a vencer;Rojo;C25
00377-YPF 3° loop;1000082502;100;ZPAN;03 SERV. MEDICO - AM;;0;;;;ASABATINO;1022295;SERVICIO DE REPRESENTACION TECNICA X MES;7;7;7;0;0;5000188473;11/9/2026;Servicios;CUMPLIDO;MAINETE JAVIER ALBERTO;MR01;31/10/2026;6/2/2026;10142394;110;1;10/2/2026;11/2/2026;C25;4500120000;30;0377;1;MPITTIA;12/2/2026;31/10/2026;C25;5;11/9/2026;;;;;;;;;;03 Cert Mensual;En curso - Próximo a vencer;Verde;C25
00377-YPF 3° loop;1000082502;110;ZPAN;03 SERV. MEDICO - AM;;0;;;;ASABATINO;1022295;SERVICIO DE REPRESENTACION TECNICA X MES;7;5;7;0;2;5000188470;11/9/2026;Servicios;CUMPLIDO PARCIAL;FABRICIO MUÑOZ;MR01;31/10/2026;6/2/2026;10142394;120;1;10/2/2026;11/2/2026;C25;4500120827;30;0377;1;MPITTIA;25/2/2026;31/10/2026;C25;7;11/9/2026;;;;;;;;;;03 Cert Mensual;En curso - Próximo a vencer;Verde;C25
00377-YPF 3° loop;1000082502;120;ZPAN;03 SERV. MEDICO - AM;;0;;;;ASABATINO;1027345;EXTRA EQUIP. AMBULANCIA 1;7;7;7;0;0;5000191251;1/10/2026;Servicios;CUMPLIDO;DATUM S.A.;MR01;31/10/2026;6/2/2026;10142394;130;1;11/2/2026;11/2/2026;C25;4500119930;50;0377;1;MPITTIA;11/2/2026;31/10/2026;C25;7;1/10/2026;;;;;;;;;;03 Cert Mensual;En curso - Próximo a vencer;Verde;C25
00377-YPF 3° loop;1000082502;130;ZPAN;03 SERV. MEDICO - AM;;0;;;;ASABATINO;1027345;EXTRA EQUIP. AMBULANCIA 2;7;7;7;0;0;5000191251;1/10/2026;Servicios;CUMPLIDO;DATUM S.A.;MR01;31/10/2026;6/2/2026;10142394;140;1;11/2/2026;11/2/2026;C25;4500119930;60;0377;1;MPITTIA;11/2/2026;31/10/2026;C25;7;1/10/2026;;;;;;;;;;03 Cert Mensual;En curso - Próximo a vencer;Verde;C25
00377-YPF 3° loop;1000082502;140;ZPAN;03 SERV. MEDICO - AM;;0;;;;ASABATINO;1027345;EXTRA EQUIP. TRAILER;7;7;7;0;0;5000191251;1/10/2026;Servicios;CUMPLIDO;DATUM S.A.;MR01;31/10/2026;6/2/2026;10142394;150;1;11/2/2026;11/2/2026;C25;4500119930;70;0377;1;MPITTIA;11/2/2026;31/10/2026;C25;7;1/10/2026;;;;;;;;;;03 Cert Mensual;En curso - Próximo a vencer;Verde;C25
00377-YPF 3° loop;1000082598;10;ZPAN;03 SERV. CONTROL DE;;0;;;;ASABATINO;1013139;SS CONTROL DE PLAGAS X MES;7;7;7;0;0;5000191299;1/10/2026;Servicios;CUMPLIDO;EXTER NEQUEN SRL;MR01;31/10/2026;8/2/2026;10142523;10;1;8/2/2026;9/2/2026;C25;4500120629;10;0377;1;MPITTIA;23/2/2026;31/10/2026;C25;9;1/10/2026;;;;;;;;;;03 Cert Mensual;En curso - Próximo a vencer;Verde;C25
00377-YPF 3° loop;1000083615;10;ZPAN;04 SUBC PROG PLC SCA;;0;;;;RTELLO;1042362;SUBC PROGRAMACION PLC SCADA HDMI;1;0,8;1;0;0,2;5000182452;30/7/2026;Servicios;CUMPLIDO PARCIAL;CONTROL POINT S.A.;MR01;31/10/2026;25/2/2026;10143905;10;1;25/2/2026;25/2/2026;C26;4500121047;10;0377;1;FDESCARREGA;26/2/2026;31/10/2026;C26;2;30/7/2026;;;;;;;;;;04 Cert a Demanda;En curso - Próximo a vencer;;C26
00377-YPF 3° loop;1000086059;10;ZPAN;03 SALA REUNION P-OB;;0;;;;CKOTRBA;1033267;SERV ALQ SALA DE REUNION 6X5 S/DETALLE;5;4,533;5;0;0,467;5000186705;1/9/2026;Servicios;CUMPLIDO PARCIAL;JORGE ALBERTO SOTO S.A.S.;MR01;31/8/2026;6/4/2026;10146966;10;1;6/4/2026;6/4/2026;EFO;4500124649;10;0377;1;GROSES;10/4/2026;31/8/2026;EFO;5;1/9/2026;;;;;;;;;;03 Cert Mensual;Vencido con cant pendiente a recep;;EFO
00377-YPF 3° loop;1000086434;10;ZPAN;04 HSE X ANALISIS BA;;0;;;;CKOTRBA;1013049;ANALISIS PLANTA DE EFLUENTES;4;4;4;0;0;5000191470;2/10/2026;Servicios;CUMPLIDO;JORGE ALBERTO SOTO S.A.S.;MR01;31/10/2026;11/4/2026;10147446;10;1;11/4/2026;13/4/2026;C25;4500131864;10;0377;2;MPITTIA;2/7/2026;31/10/2026;C25;4;2/10/2026;;;;;;;;;;04 Cert a Demanda;En curso - Próximo a vencer;;C25
00377-YPF 3° loop;1000086654;20;ZPAN;03 SERV AGUA POTABLE;;0;;;;RTELLO;1017912;HIELO POR BOLSON X 2 KG;1000;244;1000;0;756;5000173123;11/5/2026;Servicios;CUMPLIDO PARCIAL;ABIUSI ANALIA VERONICA;MR01;31/10/2026;15/4/2026;10147754;20;1;15/4/2026;15/4/2026;C25;4500127161;20;0377;1;MPITTIA;8/5/2026;31/10/2026;C25;3;11/5/2026;;;;;;;;;;03 Cert Mensual;En curso - Próximo a vencer;Rojo;C25
00377-YPF 3° loop;1000087466;20;ZPAN;PM N° 32 REG. LENOR;;0;10;;;CKOTRBA;1016081;Certificado de Operadores;3;2;3;0;1;5000172169;7/5/2026;Servicios;CUMPLIDO;LENOR SRL;MR01;8/5/2026;28/4/2026;10148813;20;1;28/4/2026;28/4/2026;EFO;4500126396;20;0377;1;GROSES;29/4/2026;8/5/2026;EFO;1;7/5/2026;;;;;;;;;;Sin aclaración;Vencido con cant pendiente a recep;;EFO
00377-YPF 3° loop;1000088228;10;ZPAN;03 SERV ALQ IMPRESOR;;0;;;;RTELLO;1026315;ALQ IMP XMES EPSON L15150 A3/A4 COLOR;4;3;4;0;1;5000182799;2/8/2026;Servicios;CUMPLIDO PARCIAL;PRINTER SRL;MR01;30/9/2026;12/5/2026;10149990;10;1;12/5/2026;12/5/2026;C25;4500128238;10;0377;1;MPITTIA;20/5/2026;31/10/2026;C25;3;2/8/2026;;;;;;;;;;03 Cert Mensual;Vencido con cant pendiente a recep;;C25
00377-YPF 3° loop;1000089278;10;ZPAN;03 SERV.MEDICO;;0;;;;CKOTRBA;1018836;SERVICIO MEDICO X MES;3;3;3;0;0;5000187780;7/9/2026;Servicios;CUMPLIDO;DATUM S.A.;MR01;31/10/2026;29/5/2026;10151242;10;1;29/5/2026;29/5/2026;C24;4500128991;10;0377;1;MPITTIA;29/5/2026;31/10/2026;C24;4;7/9/2026;;;;;;;;;;03 Cert Mensual;En curso - Próximo a vencer;Rojo;C24
00377-YPF 3° loop;1000089359;10;ZPAN;03 ALQ.COMEDOR/OFICI;;0;;;;CKOTRBA;1033267;SERV ALQ CONT x 12 MTS COMEDOR;3;2,085;3;0;0,915;5000183533;6/8/2026;Servicios;CUMPLIDO PARCIAL;JORGE ALBERTO SOTO S.A.S.;MR01;31/8/2026;1/6/2026;10151325;10;1;1/6/2026;1/6/2026;EFO;4500130395;10;0377;2;GROSES;17/6/2026;31/8/2026;EFO;4;6/8/2026;;;;;;;;;;03 Cert Mensual;Vencido con cant pendiente a recep;;EFO
00377-YPF 3° loop;1000089359;20;ZPAN;03 ALQ.COMEDOR/OFICI;;0;;;;CKOTRBA;1033267;SERV ALQ CONT x 12 MTS OFICINA;3;2,06;3;0;0,94;5000183533;6/8/2026;Servicios;CUMPLIDO PARCIAL;JORGE ALBERTO SOTO S.A.S.;MR01;31/8/2026;1/6/2026;10151325;20;1;1/6/2026;1/6/2026;EFO;4500130395;20;0377;2;GROSES;17/6/2026;31/8/2026;EFO;4;6/8/2026;;;;;;;;;;03 Cert Mensual;Vencido con cant pendiente a recep;;EFO
00377-YPF 3° loop;1000090796;10;ZPAN;PINTURA -ARENADO PRE;;0;;;;ASABATINO;1042087;PINTURA/ARENADO EN PREFABRICADOS X M2;500;403;500;0;97;5000188515;11/9/2026;Servicios;CUMPLIDO PARCIAL;LC SERVICE OIL AND GAS S. A. S.;MR01;31/10/2026;24/6/2026;10153212;10;1;24/6/2026;24/6/2026;C26;4500131638;10;0377;1;YCOLMAN;30/6/2026;30/10/2026;C26;2;11/9/2026;;;;;;;;;;Sin aclaración;En curso - Próximo a vencer;;C26
00377-YPF 3° loop;1000090957;10;ZPAN;03 SERV CONS. AMBIEN;;0;;;;ASABATINO;1027343;SERV.CONSUL. AMBIENTAL X MES;2;2;2;0;0;5000186719;1/9/2026;Servicios;CUMPLIDO;STEP ENERGY S. A. S.;MR01;31/10/2026;27/6/2026;10153460;10;1;27/6/2026;29/6/2026;C25;4500132099;10;0377;1;MPITTIA;6/7/2026;31/8/2026;C25;2;1/9/2026;;;;;;;;;;03 Cert Mensual;En curso - Próximo a vencer;Rojo;C25
00377-YPF 3° loop;1000091493;10;ZPAN;03 - EXTENSION O.C 1;;0;;;;ASABATINO;1010725;BIDON DE AGUA 20 L.;1000;1000;1000;0;0;5000192141;8/10/2026;Materiales usuales;ALMACENADO;ABIUSI ANALIA VERONICA;MR01;31/10/2026;7/7/2026;10154156;10;1;7/7/2026;8/7/2026;C25;4500132662;10;0377;1;ALOPEZ;14/7/2026;31/10/2026;C25;3;8/10/2026;;;;;;;;;;03 Cert Mensual;En curso - Próximo a vencer;Verde;C25
00377-YPF 3° loop;1000091803;10;ZPAN;03 JORNADAS NOCT DAT;;0;;;;ASABATINO;1013124;JORNADA NOCTURNA SERVICIO MEDICO;8;8;8;0;0;5000183701;7/8/2026;Servicios;CUMPLIDO;DATUM S.A.;MR01;31/10/2026;14/7/2026;10154713;10;1;14/7/2026;14/7/2026;C25;4500132924;10;0377;1;ALOPEZ;16/7/2026;30/10/2026;C25;2;7/8/2026;;;;;;;;;;03 Cert Mensual;En curso - Próximo a vencer;Rojo;C25
00377-YPF 3° loop;1000091929;10;ZPAN;ADICIONAL PROBETAS H;;0;;;;ASABATINO;1013000;ENSAYO DE PROBETA HORMIGON;30;14;30;0;16;5000184417;13/8/2026;Servicios;CUMPLIDO PARCIAL;GEOCONSULT SRL;MR01;30/10/2026;16/7/2026;10154882;10;1;16/7/2026;17/7/2026;C20;4500133529;10;0377;1;JPUPULIN;23/7/2026;30/10/2026;C20;2;13/8/2026;;;;;;;;;;Sin aclaración;En curso - Próximo a vencer;;C20
00377-YPF 3° loop;1000092069;10;ZPAN;DATUM DTM;;0;;;;CKOTRBA;1013034;MOV.Y DESMOV. X DTM TRAILER DATUM;2;1;2;0;1;5000182755;31/7/2026;Servicios;CUMPLIDO PARCIAL;DATUM S.A.;MR01;31/10/2026;17/7/2026;10155007;10;1;17/7/2026;20/7/2026;C25;4500133196;10;0377;1;MPITTIA;20/7/2026;30/10/2026;C25;1;1/8/2026;;;;;;;;;;Sin aclaración;En curso - Próximo a vencer;;C25
00377-YPF 3° loop;1000092656;10;ZPAN;PM 79 - TALLER - LEN;;0;;;;ASABATINO;1022294;DIA CAPACITACION / CALIFICACION;1;0;1;0;1;;;Servicios;ADJUDICADO;LENOR SRL;MR01;30/9/2026;28/7/2026;10155927;10;1;28/7/2026;29/7/2026;C25;4500134091;10;0377;1;MPITTIA;29/7/2026;31/10/2026;C25;0;;;;;;;;;;;Sin aclaración;Vencido con cant pendiente a recep;;C25
00377-YPF 3° loop;1000092656;20;ZPAN;PM 79 - TALLER - LEN;;0;;;;ASABATINO;1013021;CERTIFICACION OPERADORES;2;0;2;0;2;;;Servicios;ADJUDICADO;LENOR SRL;MR01;30/9/2026;28/7/2026;10155927;20;1;28/7/2026;29/7/2026;C25;4500134091;20;0377;1;MPITTIA;29/7/2026;31/10/2026;C25;0;;;;;;;;;;;Sin aclaración;Vencido con cant pendiente a recep;;C25
00377-YPF 3° loop;1000092656;30;ZPAN;PM 79 - TALLER - LEN;;0;;;;ASABATINO;1013024;VIATICOS;1;0;1;0;1;;;Servicios;ADJUDICADO;LENOR SRL;MR01;30/9/2026;28/7/2026;10155927;30;1;28/7/2026;29/7/2026;C25;4500134091;30;0377;1;MPITTIA;29/7/2026;31/10/2026;C25;0;;;;;;;;;;;Sin aclaración;Vencido con cant pendiente a recep;;C25
00377-YPF 3° loop;1000092656;40;ZPAN;PM 79 - TALLER - LEN;;0;;;;ASABATINO;1013021;CERTIFICACION DE LOTE DE ELEMENTOS;1;0;1;0;1;;;Servicios;ADJUDICADO;LENOR SRL;MR01;30/9/2026;28/7/2026;10155927;40;1;28/7/2026;29/7/2026;C25;4500134091;40;0377;1;MPITTIA;29/7/2026;31/10/2026;C25;0;;;;;;;;;;;Sin aclaración;Vencido con cant pendiente a recep;;C25
00377-YPF 3° loop;1000092875;10;ZPAN;SUBCONTRATO PROTECCI;;0;;;;ASABATINO;1042362;ESTUDIO DE POTENCIALES ON-OF, INTERF C/;1;1;1;0;0;5000191397;2/10/2026;Servicios;CUMPLIDO;KINKURO SAS;MR01;31/10/2026;31/7/2026;10156267;10;1;31/7/2026;1/8/2026;C26;4500134671;10;0377;1;ALOPEZ;5/8/2026;30/10/2026;C26;1;2/10/2026;;;;;;;;;;Sin aclaración;En curso - Próximo a vencer;;C26
00377-YPF 3° loop;1000092875;20;ZPAN;SUBCONTRATO PROTECCI;;0;;;;ASABATINO;1042362;ELABORACION DE MEMORIA DE CALCULO DE PC;1;1;1;0;0;5000191397;2/10/2026;Servicios;CUMPLIDO;KINKURO SAS;MR01;31/10/2026;31/7/2026;10156267;20;1;31/7/2026;1/8/2026;C26;4500134671;20;0377;1;ALOPEZ;5/8/2026;30/10/2026;C26;1;2/10/2026;;;;;;;;;;Sin aclaración;En curso - Próximo a vencer;;C26
00377-YPF 3° loop;1000092875;30;ZPAN;SUBCONTRATO PROTECCI;;0;;;;ASABATINO;1042362;SIMULACION COMSOL DISEÑO PC;1;1;1;0;0;5000191397;2/10/2026;Servicios;CUMPLIDO;KINKURO SAS;MR01;31/10/2026;31/7/2026;10156267;30;1;31/7/2026;1/8/2026;C26;4500134671;30;0377;1;ALOPEZ;5/8/2026;30/10/2026;C26;1;2/10/2026;;;;;;;;;;Sin aclaración;En curso - Próximo a vencer;;C26
00377-YPF 3° loop;1000092875;40;ZPAN;SUBCONTRATO PROTECCI;;0;;;;ASABATINO;1042362;PROVISION DE PROBETAS ER 0500;2;2;2;0;0;5000191396;2/10/2026;Servicios;CUMPLIDO;KINKURO SAS;MR01;31/10/2026;31/7/2026;10156267;40;1;31/7/2026;1/8/2026;C26;4500134716;10;0377;1;ALOPEZ;5/8/2026;30/10/2026;C26;1;2/10/2026;;;;;;;;;;Sin aclaración;En curso - Próximo a vencer;;C26
00377-YPF 3° loop;1000092922;10;ZPAN;03 -EXT. O.C 45-1187;;0;;;;ASABATINO;1013136;SERVICIO LIMPIEZA DESAGOTE BANO QUIMICO;600;594;600;0;6;5000191471;2/10/2026;Servicios;CUMPLIDO PARCIAL;DASH SRL;MR01;15/10/2026;1/8/2026;10156315;10;1;1/8/2026;1/8/2026;C25;4500135132;10;0377;1;MPITTIA;10/8/2026;15/10/2026;C25;5;2/10/2026;;;;;;;;;;03 Cert Mensual;En curso - Próximo a vencer;Verde;C25
00377-YPF 3° loop;1000092975;10;ZPAN;VIATICOS - VIANDAS D;;0;;;;ASABATINO;1013024;VIATICOS -VIANDAS PERSONAL S. MEDICO;500;454;500;0;46;5000191248;1/10/2026;Servicios;CUMPLIDO PARCIAL;DATUM S.A.;MR01;15/10/2026;3/8/2026;10156388;10;1;3/8/2026;4/8/2026;C25;4500134851;10;0377;1;MPITTIA;6/8/2026;15/10/2026;C25;2;1/10/2026;;;;;;;;;;Sin aclaración;En curso - Próximo a vencer;;C25
00377-YPF 3° loop;1000092984;10;ZPAN;03 -ADICIONAL FERIAD;;0;;;;ASABATINO;1022295;ADICIONAL FERIADOS/DOMINGOS(T.PERSONAL).;30;30;30;0;0;5000188042;8/9/2026;Servicios;CUMPLIDO;CUATRODEC SERVICIOS S.A.;MR01;15/10/2026;3/8/2026;10156408;10;1;3/8/2026;6/8/2026;C25;4500135141;10;0377;1;MPITTIA;10/8/2026;15/10/2026;C25;2;8/9/2026;;;;;;;;;;03 Cert Mensual;En curso - Próximo a vencer;Verde;C25
00377-YPF 3° loop;1000093319;10;ZPAN;FORMALIZACION SERVIC;;0;;;;ASABATINO;1013124;JORNADA NOCTURNA SERVICIO MEDICO;6;6;6;0;0;5000187671;7/9/2026;Servicios;CUMPLIDO;DATUM S.A.;MR01;31/10/2026;7/8/2026;10156900;10;1;7/8/2026;31/8/2026;C25;4500135332;10;0377;1;MPITTIA;11/8/2026;30/10/2026;C25;1;7/9/2026;;;;;;;;;;Sin aclaración;En curso - Próximo a vencer;;C25
00377-YPF 3° loop;1000093319;20;ZPAN;FORMALIZACION SERVIC;;0;;;;ASABATINO;1013124;JORNADA NOCTURNA SERVICIO MEDICO;8;8;8;0;0;5000187674;7/9/2026;Servicios;CUMPLIDO;DATUM S.A.;MR01;31/10/2026;7/8/2026;10156900;20;1;16/8/2026;31/8/2026;C25;4500135909;10;0377;1;MPITTIA;18/8/2026;30/10/2026;C25;1;7/9/2026;;;;;;;;;;Sin aclaración;En curso - Próximo a vencer;;C25
00377-YPF 3° loop;1000093338;10;ZPAN;02 VIANDAS - MAXIMIA;;0;;;;ASABATINO;1013121;VIANDA ALMUERZO XUN;6000;6000;6000;0;0;5000191263;1/10/2026;Servicios;CUMPLIDO;MAXIMIA S.A.;MR01;15/10/2026;8/8/2026;10156937;10;1;8/8/2026;9/8/2026;C25;4500135553;10;0377;1;MPITTIA;13/8/2026;15/10/2026;C25;4;1/10/2026;;;;;;;;;;02 Cert Quincenal;En curso - Próximo a vencer;Verde;C25
00377-YPF 3° loop;1000093539;10;ZPAN;03 ALQ. IMPRESORA TY;;0;;;;CKOTRBA;1026315;ALQ IMP RICOH COLOR X MES #20180;3;2;3;0;1;5000191301;1/10/2026;Servicios;CUMPLIDO PARCIAL;TECNICA Y SISTEMAS SRL;MR01;31/10/2026;12/8/2026;10157237;10;1;12/8/2026;12/8/2026;C25;4500136124;10;0377;1;MPITTIA;20/8/2026;31/10/2026;C25;1;1/10/2026;;;;;;;;;;03 Cert Mensual;En curso - Próximo a vencer;Verde;C25
00377-YPF 3° loop;1000093544;10;ZPAN;03 SERV ALQ IMP PRIN;;0;;;;CKOTRBA;1026315;ALQ IMP RICOH IM C-2010 MULT COLOR X MES;3;2;3;0;1;5000191314;2/10/2026;Servicios;CUMPLIDO PARCIAL;PRINTER SRL;MR01;31/10/2026;12/8/2026;10157260;10;1;12/8/2026;12/8/2026;C25;4500135677;10;0377;1;MPITTIA;13/8/2026;31/10/2026;C25;2;2/10/2026;;;;;;;;;;03 Cert Mensual;En curso - Próximo a vencer;Verde;C25
00377-YPF 3° loop;1000093736;10;ZPAN;EXTENCION OC CAEFE;;0;;;;ASIGNORELLI;1042079;SERVICIO DIARIO DE ULTRASONIDO LUN-SAB;40;39,8;40;0;0,2;5000191097;30/9/2026;Servicios;CUMPLIDO PARCIAL;CAEFE S.A.;MR01;31/10/2026;14/8/2026;10157499;10;1;14/8/2026;14/8/2026;C26;4500136073;10;0377;1;YCOLMAN;19/8/2026;30/10/2026;C26;2;30/9/2026;;;;;;;;;;Sin aclaración;En curso - Próximo a vencer;;C26
00377-YPF 3° loop;1000093736;20;ZPAN;EXTENCION OC CAEFE;;0;;;;ASIGNORELLI;1042079;SERVICIO DIARIO DE ULTRASONIDO DOM-FERIA;5;1;5;0;4;5000185530;22/8/2026;Servicios;CUMPLIDO PARCIAL;CAEFE S.A.;MR01;31/10/2026;14/8/2026;10157499;20;1;14/8/2026;14/8/2026;C26;4500136073;20;0377;1;YCOLMAN;19/8/2026;30/10/2026;C26;1;22/8/2026;;;;;;;;;;Sin aclaración;En curso - Próximo a vencer;;C26
00377-YPF 3° loop;1000093736;30;ZPAN;EXTENCION OC CAEFE;;0;;;;ASIGNORELLI;1042079;SERVCIO DIARIO GAMMAGRA EXT FER-DOM;5;3;5;0;2;5000191097;30/9/2026;Servicios;CUMPLIDO PARCIAL;CAEFE S.A.;MR01;31/10/2026;14/8/2026;10157499;30;1;14/8/2026;14/8/2026;C26;4500136073;30;0377;1;YCOLMAN;19/8/2026;30/10/2026;C26;2;30/9/2026;;;;;;;;;;Sin aclaración;En curso - Próximo a vencer;;C26
00377-YPF 3° loop;1000093736;40;ZPAN;EXTENCION OC CAEFE;;0;;;;ASIGNORELLI;1042079;GAMMAGRAFIA Ø 4 SCH 40 6,02MM;50;41;50;0;9;5000191097;30/9/2026;Servicios;CUMPLIDO PARCIAL;CAEFE S.A.;MR01;31/10/2026;14/8/2026;10157499;40;1;14/8/2026;14/8/2026;C26;4500136073;40;0377;1;YCOLMAN;19/8/2026;30/10/2026;C26;2;30/9/2026;;;;;;;;;;Sin aclaración;En curso - Próximo a vencer;;C26
00377-YPF 3° loop;1000094166;10;ZPAN;REG -STAND BY - CONT;;0;;;;ASABATINO;1013045;STAND BY (EQUIPOS - PERSONAL);1;0;1;0;1;;;Servicios;ADJUDICADO;CONTROL POINT S.A.;MR01;31/10/2026;22/8/2026;10158279;10;1;22/8/2026;23/8/2026;C26;4500136981;10;0377;1;YCOLMAN;28/8/2026;31/10/2026;C26;0;;;;;;;;;;;Sin aclaración;En curso - Próximo a vencer;;C26
00377-YPF 3° loop;1000094177;10;ZPAN;03 - EXTENSION SERVI;;0;;;;ASABATINO;1048518;SS AMBULANCIA ALTA COMPLEJIDAD XMES;2;1;2;0;1;5000191256;1/10/2026;Servicios;CUMPLIDO PARCIAL;DATUM S.A.;MR01;31/10/2026;23/8/2026;10158290;10;1;23/8/2026;24/8/2026;C25;4500139456;10;0377;2;MPITTIA;24/9/2026;31/10/2026;C25;1;1/10/2026;;;;;;;;;;03 Cert Mensual;En curso - Próximo a vencer;Verde;C25
00377-YPF 3° loop;1000094177;20;ZPAN;03 - EXTENSION SERVI;;0;;;;ASABATINO;1048518;SS AMBULANCIA ALTA COMPLEJIDAD XMES;2;1;2;0;1;5000191256;1/10/2026;Servicios;CUMPLIDO PARCIAL;DATUM S.A.;MR01;31/10/2026;23/8/2026;10158290;20;1;23/8/2026;24/8/2026;C25;4500139456;20;0377;2;MPITTIA;24/9/2026;31/10/2026;C25;1;1/10/2026;;;;;;;;;;03 Cert Mensual;En curso - Próximo a vencer;Verde;C25
00377-YPF 3° loop;1000094177;30;ZPAN;03 - EXTENSION SERVI;;0;;;;ASABATINO;1048518;TRAILER CON EQUIPAMIENTO XMES;2;1;2;0;1;5000191256;1/10/2026;Servicios;CUMPLIDO PARCIAL;DATUM S.A.;MR01;31/10/2026;23/8/2026;10158290;30;1;23/8/2026;24/8/2026;C25;4500139456;30;0377;2;MPITTIA;24/9/2026;31/10/2026;C25;1;1/10/2026;;;;;;;;;;03 Cert Mensual;En curso - Próximo a vencer;Verde;C25
00377-YPF 3° loop;1000094177;40;ZPAN;03 - EXTENSION SERVI;;0;;4;5/10/2026;ASABATINO;1022295;PROVISION DE OXIGENO MEDICINAL;4;1;2;2;3;5000191256;1/10/2026;Servicios;RESPONDIDO;DATUM S.A.;MR01;31/10/2026;23/8/2026;10158290;120;1;23/8/2026;23/8/2026;C25;4500139456;90;0377;2;MPITTIA;24/9/2026;31/10/2026;C25;1;1/10/2026;;;;;;;;;;03 Cert Mensual;En curso - Próximo a vencer;Verde;C25
00377-YPF 3° loop;1000094177;50;ZPAN;03 - EXTENSION SERVI;;0;;4;5/10/2026;ASABATINO;1027345;REPOSICION DE MEDICAMENTOS X MES;3;1;2;1;2;5000191256;1/10/2026;Servicios;RESPONDIDO;DATUM S.A.;MR01;31/10/2026;23/8/2026;10158290;50;1;23/8/2026;23/8/2026;C25;4500139456;40;0377;2;MPITTIA;24/9/2026;31/10/2026;C25;1;1/10/2026;;;;;;;;;;03 Cert Mensual;En curso - Próximo a vencer;Verde;C25
00377-YPF 3° loop;1000094177;60;ZPAN;03 - EXTENSION SERVI;;0;;;;ASABATINO;1027345;EXTRA EQUIPAMIENTO AMBULANCIA 1;1;0;1;0;1;;;Servicios;ADJUDICADO;DATUM S.A.;MR01;31/10/2026;23/8/2026;10158290;60;1;23/8/2026;24/8/2026;C25;4500139456;50;0377;2;MPITTIA;24/9/2026;31/10/2026;C25;0;;;;;;;;;;;03 Cert Mensual;En curso - Próximo a vencer;;C25
00377-YPF 3° loop;1000094177;70;ZPAN;03 - EXTENSION SERVI;;0;;;;ASABATINO;1027345;EXTRA EQUIPOMIENTO AMBULANCIA 2;1;0;1;0;1;;;Servicios;ADJUDICADO;DATUM S.A.;MR01;31/10/2026;23/8/2026;10158290;70;1;23/8/2026;24/8/2026;C25;4500139456;60;0377;2;MPITTIA;24/9/2026;31/10/2026;C25;0;;;;;;;;;;;03 Cert Mensual;En curso - Próximo a vencer;;C25
00377-YPF 3° loop;1000094177;80;ZPAN;03 - EXTENSION SERVI;;0;;;;ASABATINO;1027345;EXTRA EQUIPAMIENTO TRAILER;1;0;1;0;1;;;Servicios;ADJUDICADO;DATUM S.A.;MR01;31/10/2026;23/8/2026;10158290;80;1;23/8/2026;24/8/2026;C25;4500139456;70;0377;2;MPITTIA;24/9/2026;31/10/2026;C25;0;;;;;;;;;;;03 Cert Mensual;En curso - Próximo a vencer;;C25
00377-YPF 3° loop;1000094177;90;ZPAN;03 - EXTENSION SERVI;;0;;;;ASABATINO;1018836;SERVICIO MEDICO X MES;2;1;2;0;1;5000191256;1/10/2026;Servicios;CUMPLIDO PARCIAL;DATUM S.A.;MR01;31/10/2026;23/8/2026;10158290;90;1;23/8/2026;24/8/2026;C25;4500139456;80;0377;2;MPITTIA;24/9/2026;31/10/2026;C25;1;1/10/2026;;;;;;;;;;03 Cert Mensual;En curso - Próximo a vencer;Verde;C25
00377-YPF 3° loop;1000094177;100;ZPAN;03 - EXTENSION SERVI;;0;;;;ASABATINO;1022295;SERVICIO DE REPRESENTACION TECNICA X MES;1;0;1;0;1;;;Servicios;ADJUDICADO;MAINETE JAVIER ALBERTO;MR01;31/10/2026;23/8/2026;10158290;100;1;23/8/2026;24/8/2026;C25;4500137079;10;0377;1;MPITTIA;31/8/2026;31/10/2026;C25;0;;;;;;;;;;;03 Cert Mensual;En curso - Próximo a vencer;;C25
00377-YPF 3° loop;1000094177;110;ZPAN;03 - EXTENSION SERVI;;0;;;;ASABATINO;1022297;HORAS DE VIAJE DIURNAS;434;210;434;0;224;5000191256;1/10/2026;Servicios;CUMPLIDO PARCIAL;DATUM S.A.;MR01;31/10/2026;23/8/2026;10158290;130;1;24/9/2026;24/9/2026;C25;4500139456;100;0377;1;MPITTIA;24/9/2026;31/10/2026;C25;1;1/10/2026;;;;;;;;;;03 Cert Mensual;En curso - Próximo a vencer;Verde;C25
00377-YPF 3° loop;1000094177;120;ZPAN;03 - EXTENSION SERVI;;0;;;;ASABATINO;1013024;VIATICOS -VIANDAS PERSONAL S. MEDICO;250;0;250;0;250;;;Servicios;ADJUDICADO;DATUM S.A.;MR01;31/10/2026;23/8/2026;10158290;140;1;24/9/2026;24/9/2026;C25;4500139456;110;0377;1;MPITTIA;24/9/2026;31/10/2026;C25;0;;;;;;;;;;;03 Cert Mensual;En curso - Próximo a vencer;;C25
00377-YPF 3° loop;1000094178;10;ZPAN;03 - EXTENSION SERVI;;0;;;;ASABATINO;1027343;RESPONSABLE M. AMBIENTE X MES;2;1;2;0;1;5000192143;8/10/2026;Servicios;CUMPLIDO PARCIAL;STEP ENERGY S. A. S.;MR01;31/10/2026;23/8/2026;10158292;10;1;23/8/2026;24/8/2026;C25;4500137088;10;0377;1;MPITTIA;31/8/2026;31/10/2026;C25;1;8/10/2026;;;;;;;;;;03 Cert Mensual;En curso - Próximo a vencer;Verde;C25
00377-YPF 3° loop;1000094178;20;ZPAN;03 - EXTENSION SERVI;;0;;;;ASABATINO;1027343;SERV.CONSUL. AMBIENTAL X MES;2;1;2;0;1;5000192144;8/10/2026;Servicios;CUMPLIDO PARCIAL;STEP ENERGY S. A. S.;MR01;31/10/2026;23/8/2026;10158292;20;1;23/8/2026;24/8/2026;C25;4500137092;20;0377;1;MPITTIA;31/8/2026;31/10/2026;C25;1;8/10/2026;;;;;;;;;;03 Cert Mensual;En curso - Próximo a vencer;Verde;C25
00377-YPF 3° loop;1000094182;10;ZPAN;03 SERV ALQ IMP PRIN;;0;;;;ASABATINO;1035446;ALQ IMP XMES EPSON L15150 A3/A4 COLOR 1;2;1;2;0;1;5000191318;2/10/2026;Servicios;CUMPLIDO PARCIAL;PRINTER SRL;MR01;31/10/2026;23/8/2026;10158296;70;1;23/8/2026;24/8/2026;C25;4500137077;10;0377;1;MPITTIA;31/8/2026;31/10/2026;C25;1;2/10/2026;;;;;;;;;;03 Cert Mensual;En curso - Próximo a vencer;Verde;C25
00377-YPF 3° loop;1000094182;20;ZPAN;03 SERV ALQ IMP PRIN;;0;;;;ASABATINO;1035446;ALQ IMP XMES BRO-DCP-T820 A4 COLOR;2;1;2;0;1;5000191318;2/10/2026;Servicios;CUMPLIDO PARCIAL;PRINTER SRL;MR01;31/10/2026;23/8/2026;10158296;80;1;23/8/2026;24/8/2026;C25;4500137077;20;0377;1;MPITTIA;31/8/2026;31/10/2026;C25;1;2/10/2026;;;;;;;;;;03 Cert Mensual;En curso - Próximo a vencer;Verde;C25
00377-YPF 3° loop;1000094182;30;ZPAN;03 SERV ALQ IMP PRIN;;0;;;;ASABATINO;1035446;ALQ IMP XMES RICOH C2010 A3/A4 COLOR 1;2;1;2;0;1;5000191318;2/10/2026;Servicios;CUMPLIDO PARCIAL;PRINTER SRL;MR01;31/10/2026;23/8/2026;10158296;90;1;23/8/2026;24/8/2026;C25;4500137077;30;0377;1;MPITTIA;31/8/2026;31/10/2026;C25;1;2/10/2026;;;;;;;;;;03 Cert Mensual;En curso - Próximo a vencer;Verde;C25
00377-YPF 3° loop;1000094182;40;ZPAN;03 SERV ALQ IMP PRIN;;0;;;;ASABATINO;1035446;ALQ IMP XMES RICOH C2010 A3/A4 COLOR 2;2;1;2;0;1;5000191318;2/10/2026;Servicios;CUMPLIDO PARCIAL;PRINTER SRL;MR01;31/10/2026;23/8/2026;10158296;100;1;23/8/2026;24/8/2026;C25;4500137077;40;0377;1;MPITTIA;31/8/2026;31/10/2026;C25;1;2/10/2026;;;;;;;;;;03 Cert Mensual;En curso - Próximo a vencer;Verde;C25
00377-YPF 3° loop;1000094182;50;ZPAN;03 SERV ALQ IMP PRIN;;0;;;;ASABATINO;1035446;ALQ IMP XMES BROT.MFC.8950 A4 B/N;2;1;2;0;1;5000191318;2/10/2026;Servicios;CUMPLIDO PARCIAL;PRINTER SRL;MR01;31/10/2026;23/8/2026;10158296;110;1;23/8/2026;24/8/2026;C25;4500137077;50;0377;1;MPITTIA;31/8/2026;31/10/2026;C25;1;2/10/2026;;;;;;;;;;03 Cert Mensual;En curso - Próximo a vencer;Verde;C25
00377-YPF 3° loop;1000094182;60;ZPAN;03 SERV ALQ IMP PRIN;;0;;;;ASABATINO;1035446;ALQ IMP XMES ECOSYS M2040DN A4 B/N;2;1;2;0;1;5000191318;2/10/2026;Servicios;CUMPLIDO PARCIAL;PRINTER SRL;MR01;31/10/2026;23/8/2026;10158296;120;1;23/8/2026;24/8/2026;C25;4500137077;60;0377;1;MPITTIA;31/8/2026;31/10/2026;C25;1;2/10/2026;;;;;;;;;;03 Cert Mensual;En curso - Próximo a vencer;Verde;C25
00377-YPF 3° loop;1000094184;10;ZPAN;03 - EXTENSION ALQUI;;0;;;;ASABATINO;1033854;SERV ALQ SEMI C/TRACTOR C/HIDRO;2;1;2;0;1;5000191478;2/10/2026;Servicios;CUMPLIDO PARCIAL;GIANNELLI OSCAR RUBEN;MR01;31/10/2026;23/8/2026;10158298;10;1;23/8/2026;24/8/2026;C26;4500136798;10;0377;1;YCOLMAN;26/8/2026;31/10/2026;C26;1;2/10/2026;;;;;;;;;;03 Cert Mensual;En curso - Próximo a vencer;Verde;C26
00377-YPF 3° loop;1000094235;10;ZPAN;03 SS INTERNET;;0;;;;RTELLO;1025931;INTERNET X MES MINI STARLINK 100GB-1;1;1;1;0;0;5000191270;1/10/2026;Servicios;CUMPLIDO;JAWIT S.A.;MR01;31/10/2026;24/8/2026;10158362;10;1;24/8/2026;24/8/2026;C25;4500136671;10;0377;1;MPITTIA;26/8/2026;31/10/2026;C25;3;1/10/2026;;;;;;;;;;03 Cert Mensual;En curso - Próximo a vencer;Verde;C25
00377-YPF 3° loop;1000094235;20;ZPAN;03 SS INTERNET;;0;;;;RTELLO;1025931;INTERNET X MES MINI STARLINK 100GB-2;1;1;1;0;0;5000191270;1/10/2026;Servicios;CUMPLIDO;JAWIT S.A.;MR01;31/10/2026;24/8/2026;10158362;20;1;24/8/2026;24/8/2026;C25;4500136671;20;0377;1;MPITTIA;26/8/2026;31/10/2026;C25;3;1/10/2026;;;;;;;;;;03 Cert Mensual;En curso - Próximo a vencer;Verde;C25
00377-YPF 3° loop;1000094235;30;ZPAN;03 SS INTERNET;;0;;;;RTELLO;1025931;INTERNET X MES MINI STARLINK 100GB-3;1;1;1;0;0;5000191270;1/10/2026;Servicios;CUMPLIDO;JAWIT S.A.;MR01;31/10/2026;24/8/2026;10158362;30;1;24/8/2026;24/8/2026;C25;4500136671;30;0377;1;MPITTIA;26/8/2026;31/10/2026;C25;3;1/10/2026;;;;;;;;;;03 Cert Mensual;En curso - Próximo a vencer;Verde;C25
00377-YPF 3° loop;1000094235;40;ZPAN;03 SS INTERNET;;0;;;;RTELLO;1025931;INTERNET X MES MINI STARLINK 100GB-4;1;1;1;0;0;5000191270;1/10/2026;Servicios;CUMPLIDO;JAWIT S.A.;MR01;31/10/2026;24/8/2026;10158362;40;1;24/8/2026;24/8/2026;C25;4500136671;40;0377;1;MPITTIA;26/8/2026;31/10/2026;C25;3;1/10/2026;;;;;;;;;;03 Cert Mensual;En curso - Próximo a vencer;Verde;C25
00377-YPF 3° loop;1000094235;50;ZPAN;03 SS INTERNET;;0;;;;RTELLO;1025931;INTERNET X MES MINI STARLINK 250GB-5;2;2;2;0;0;5000191270;1/10/2026;Servicios;CUMPLIDO;JAWIT S.A.;MR01;31/10/2026;24/8/2026;10158362;50;1;24/8/2026;24/8/2026;C25;4500136671;50;0377;1;MPITTIA;26/8/2026;31/10/2026;C25;4;1/10/2026;;;;;;;;;;03 Cert Mensual;En curso - Próximo a vencer;Verde;C25
00377-YPF 3° loop;1000094235;60;ZPAN;03 SS INTERNET;;0;;;;RTELLO;1025931;SERVICIO DE INTERNET X MES - 500 GB;2;2;2;0;0;5000188282;10/9/2026;Servicios;CUMPLIDO;JAWIT S.A.;MR01;31/10/2026;24/8/2026;10158362;60;1;24/8/2026;24/8/2026;C25;4500136671;60;0377;1;MPITTIA;26/8/2026;31/10/2026;C25;2;10/9/2026;;;;;;;;;;03 Cert Mensual;En curso - Próximo a vencer;Verde;C25
00377-YPF 3° loop;1000094235;70;ZPAN;03 SS INTERNET;;0;;;;RTELLO;1025931;INTERNET X MES 50GB MINI STARL.(5 KIT);2;2;2;0;0;5000191270;1/10/2026;Servicios;CUMPLIDO;JAWIT S.A.;MR01;31/10/2026;24/8/2026;10158362;70;1;24/8/2026;24/8/2026;C25;4500136671;70;0377;1;MPITTIA;26/8/2026;31/10/2026;C25;2;1/10/2026;;;;;;;;;;03 Cert Mensual;En curso - Próximo a vencer;Verde;C25
00377-YPF 3° loop;1000094236;10;ZPAN;03 ALQ CONTENEDORES;;0;;;;RTELLO;1033267;SERV ALQ SALA DE REUNION;2;1;2;0;1;5000191296;1/10/2026;Servicios;CUMPLIDO PARCIAL;JORGE ALBERTO SOTO S.A.S.;MR01;31/10/2026;24/8/2026;10158363;10;1;24/8/2026;24/8/2026;EFO;4500136627;10;0377;1;WVENTURINI;25/8/2026;31/10/2026;EFO;1;1/10/2026;;;;;;;;;;03 Cert Mensual;En curso - Próximo a vencer;Verde;EFO
00377-YPF 3° loop;1000094236;20;ZPAN;03 ALQ CONTENEDORES;;0;;;;RTELLO;1033267;SERV ALQ CONT x 12 MTS OFICINA YPF;1;0;1;0;1;;;Servicios;ADJUDICADO;JORGE ALBERTO SOTO S.A.S.;MR01;31/10/2026;24/8/2026;10158363;20;1;24/8/2026;24/8/2026;EFO;4500136627;20;0377;1;WVENTURINI;25/8/2026;31/10/2026;EFO;0;;;;;;;;;;;03 Cert Mensual;En curso - Próximo a vencer;;EFO
00377-YPF 3° loop;1000094236;30;ZPAN;03 ALQ CONTENEDORES;;0;;;;RTELLO;1033267;SERV ALQ CONT x 12 MTS OFI/COMEDOR YPF;2;1;2;0;1;5000191296;1/10/2026;Servicios;CUMPLIDO PARCIAL;JORGE ALBERTO SOTO S.A.S.;MR01;31/10/2026;24/8/2026;10158363;30;1;24/8/2026;24/8/2026;EFO;4500136627;30;0377;1;WVENTURINI;25/8/2026;31/10/2026;EFO;1;1/10/2026;;;;;;;;;;03 Cert Mensual;En curso - Próximo a vencer;Verde;EFO
00377-YPF 3° loop;1000094236;40;ZPAN;03 ALQ CONTENEDORES;;0;;;;RTELLO;1047100;ALQUILER DE MODULO BAÑO 6MT X MES;2;1;2;0;1;5000191296;1/10/2026;Servicios;CUMPLIDO PARCIAL;JORGE ALBERTO SOTO S.A.S.;MR01;31/10/2026;24/8/2026;10158363;40;1;24/8/2026;24/8/2026;EFO;4500136627;40;0377;1;WVENTURINI;25/8/2026;31/10/2026;EFO;1;1/10/2026;;;;;;;;;;03 Cert Mensual;En curso - Próximo a vencer;Verde;EFO
00377-YPF 3° loop;1000094236;50;ZPAN;03 ALQ CONTENEDORES;;0;;;;RTELLO;1048521;SERV. ALQ. CAMION CISTERNA AGUA 5000LT;2;1;2;0;1;5000191296;1/10/2026;Servicios;CUMPLIDO PARCIAL;JORGE ALBERTO SOTO S.A.S.;MR01;31/10/2026;24/8/2026;10158363;50;1;24/8/2026;24/8/2026;EFO;4500136627;50;0377;1;WVENTURINI;25/8/2026;31/10/2026;EFO;1;1/10/2026;;;;;;;;;;03 Cert Mensual;En curso - Próximo a vencer;Verde;EFO
00377-YPF 3° loop;1000094236;60;ZPAN;03 ALQ CONTENEDORES;;0;;;;RTELLO;1048522;SERV. ALQ. UNID. PLANTA TRAT. EFLUENTES;2;1;2;0;1;5000191296;1/10/2026;Servicios;CUMPLIDO PARCIAL;JORGE ALBERTO SOTO S.A.S.;MR01;31/10/2026;24/8/2026;10158363;60;1;24/8/2026;24/8/2026;EFO;4500136627;60;0377;1;WVENTURINI;25/8/2026;31/10/2026;EFO;1;1/10/2026;;;;;;;;;;03 Cert Mensual;En curso - Próximo a vencer;Verde;EFO
00377-YPF 3° loop;1000094236;70;ZPAN;03 ALQ CONTENEDORES;;0;;;;RTELLO;1033267;SERV ALQ CONT x 12 MTS COMEDOR;1;1;1;0;0;5000191296;1/10/2026;Servicios;CUMPLIDO;JORGE ALBERTO SOTO S.A.S.;MR01;31/10/2026;24/8/2026;10158363;70;1;24/8/2026;24/8/2026;EFO;4500136627;70;0377;1;WVENTURINI;25/8/2026;31/10/2026;EFO;1;1/10/2026;;;;;;;;;;03 Cert Mensual;En curso - Próximo a vencer;Verde;EFO
00377-YPF 3° loop;1000094236;80;ZPAN;03 ALQ CONTENEDORES;;0;;;;RTELLO;1033267;SERV ALQ CONT x 12 MTS OFICINA;1;1;1;0;0;5000191296;1/10/2026;Servicios;CUMPLIDO;JORGE ALBERTO SOTO S.A.S.;MR01;31/10/2026;24/8/2026;10158363;80;1;24/8/2026;24/8/2026;EFO;4500136627;80;0377;1;WVENTURINI;25/8/2026;31/10/2026;EFO;1;1/10/2026;;;;;;;;;;03 Cert Mensual;En curso - Próximo a vencer;Verde;EFO
00377-YPF 3° loop;1000094241;10;ZPAN;03 SUBC TOPOGRAFIA;;0;;;;RTELLO;1027430;SERVICIO DE TOPOGRAFIA x MES;2;1;2;0;1;5000191298;1/10/2026;Servicios;CUMPLIDO PARCIAL;INGEAP S.A.S.;MR01;31/10/2026;24/8/2026;10158367;10;1;24/8/2026;24/8/2026;C26;4500136810;10;0377;1;YCOLMAN;26/8/2026;31/10/2026;C26;1;1/10/2026;;;;;;;;;;03 Cert Mensual;En curso - Próximo a vencer;Verde;C26
00377-YPF 3° loop;1000094246;10;ZPAN;03 SERV RADIOS;;0;;;;RTELLO;1048594;SERV. DE RADIOS  PORTATILES PT890;20;20;20;0;0;5000191300;1/10/2026;Servicios;CUMPLIDO;INTEPLA SRL;MR01;31/10/2026;24/8/2026;10158372;10;1;24/8/2026;24/8/2026;C25;4500137154;10;0377;1;MPITTIA;31/8/2026;31/10/2026;C25;2;1/10/2026;;;;;;;;;;03 Cert Mensual;En curso - Próximo a vencer;Verde;C25
00377-YPF 3° loop;1000094524;10;ZPAN;SUB.PRECOM;;0;;;;CKOTRBA;1042362;SUBC.ING.PROGRAMADOR + TEC.ESPECIALISTA;15;5;15;0;10;5000190142;23/9/2026;Servicios;CUMPLIDO PARCIAL;G&M INFINITE ENERGY S. A.;MR01;31/10/2026;28/8/2026;10158874;10;1;28/8/2026;31/8/2026;C26;4500137137;10;0377;1;YCOLMAN;31/8/2026;30/10/2026;C26;1;23/9/2026;;;;;;;;;;Sin aclaración;En curso - Próximo a vencer;;C26
00377-YPF 3° loop;1000095050;10;ZPAN;Renov.ALQ.GRADORES;;0;;;;CKOTRBA;1013066;ALQUILER GENERADOR;30;30;30;0;0;5000191755;5/10/2026;Servicios;CUMPLIDO;LA CASA DE LAS HERRAMIENTAS SA;MR01;9/10/2026;8/9/2026;10159627;10;1;8/9/2026;8/9/2026;EFO;4500138194;10;0377;1;OBANEGA;10/9/2026;9/10/2026;EFO;1;5/10/2026;;;;;;;;;;Sin aclaración;En curso - Próximo a vencer;;EFO
00377-YPF 3° loop;1000095050;20;ZPAN;Renov.ALQ.GRADORES;;0;;;;CKOTRBA;1013066;ALQUILER GENERADOR;30;30;30;0;0;5000191755;5/10/2026;Servicios;CUMPLIDO;LA CASA DE LAS HERRAMIENTAS SA;MR01;9/10/2026;8/9/2026;10159627;20;1;8/9/2026;8/9/2026;EFO;4500138194;20;0377;1;OBANEGA;10/9/2026;9/10/2026;EFO;1;5/10/2026;;;;;;;;;;Sin aclaración;En curso - Próximo a vencer;;EFO
00377-YPF 3° loop;1000095050;30;ZPAN;Renov.ALQ.GRADORES;;0;;;;CKOTRBA;1013066;ALQUILER GENERADOR;30;30;30;0;0;5000191755;5/10/2026;Servicios;CUMPLIDO;LA CASA DE LAS HERRAMIENTAS SA;MR01;9/10/2026;8/9/2026;10159627;30;1;8/9/2026;8/9/2026;EFO;4500138194;30;0377;1;OBANEGA;10/9/2026;9/10/2026;EFO;1;5/10/2026;;;;;;;;;;Sin aclaración;En curso - Próximo a vencer;;EFO
00377-YPF 3° loop;1000095050;40;ZPAN;Renov.ALQ.GRADORES;;0;;;;CKOTRBA;1013066;ALQUILER GENERADOR;30;30;30;0;0;5000191755;5/10/2026;Servicios;CUMPLIDO;LA CASA DE LAS HERRAMIENTAS SA;MR01;9/10/2026;8/9/2026;10159627;40;1;8/9/2026;8/9/2026;EFO;4500138194;40;0377;1;OBANEGA;10/9/2026;9/10/2026;EFO;1;5/10/2026;;;;;;;;;;Sin aclaración;En curso - Próximo a vencer;;EFO
00377-YPF 3° loop;1000095050;50;ZPAN;Renov.ALQ.GRADORES;;0;;;;CKOTRBA;1013066;ALQUILER GENERADOR;30;30;30;0;0;5000191755;5/10/2026;Servicios;CUMPLIDO;LA CASA DE LAS HERRAMIENTAS SA;MR01;9/10/2026;8/9/2026;10159627;50;1;8/9/2026;8/9/2026;EFO;4500138194;50;0377;1;OBANEGA;10/9/2026;9/10/2026;EFO;1;5/10/2026;;;;;;;;;;Sin aclaración;En curso - Próximo a vencer;;EFO
00377-YPF 3° loop;1000095074;20;ZPAN;FORM. SERV.TORQUEADO;;0;;;;CKOTRBA;1042101;DIAS STAMBY;2;0;2;0;2;;;Servicios;ADJUDICADO;S&B SERVICIOS S. R. L.;MR01;31/10/2026;8/9/2026;10159648;20;1;8/9/2026;8/9/2026;C26;4500138234;20;0377;1;YCOLMAN;10/9/2026;15/10/2026;C26;0;;;;;;;;;;;Sin aclaración;En curso - Próximo a vencer;;C26
00377-YPF 3° loop;1000095074;30;ZPAN;FORM. SERV.TORQUEADO;;0;;;;CKOTRBA;1022295;KM RECORRIDOS BASE PLOTTIER-OBRA;1500;1000;1500;0;500;5000190429;25/9/2026;Servicios;CUMPLIDO PARCIAL;S&B SERVICIOS S. R. L.;MR01;31/10/2026;8/9/2026;10159648;30;1;8/9/2026;8/9/2026;C26;4500138234;30;0377;1;YCOLMAN;10/9/2026;15/10/2026;C26;1;25/9/2026;;;;;;;;;;Sin aclaración;En curso - Próximo a vencer;;C26
00377-YPF 3° loop;1000095135;10;ZPAN;FORMALIZACION - CALI;;0;;;;ASABATINO;1042362;CALIBRACION SISTEMA FIBRA OPTICA;1;0;1;0;1;;;Servicios;ADJUDICADO;MORKEN S.A.;MR01;1/10/2026;9/9/2026;10159781;10;1;9/9/2026;9/9/2026;C26;4500138375;10;0377;1;YCOLMAN;11/9/2026;24/10/2026;C26;0;;;;;;;;;;;Sin aclaración;Vencido con cant pendiente a recep;;C26
00377-YPF 3° loop;1000095462;10;ZPAN;03 G&M - CUADRILLA T;;0;;;;RTELLO;1042362;CUADRI. ESP - 4 TECNICOS X DIAS;15;15;15;0;0;5000190752;28/9/2026;Servicios;CUMPLIDO;G&M INFINITE ENERGY S. A.;MR01;31/10/2026;14/9/2026;10160238;10;1;14/9/2026;14/9/2026;C26;4500138722;10;0377;1;YCOLMAN;16/9/2026;30/10/2026;C26;1;28/9/2026;;;;;;;;;;03 Cert Mensual;En curso - Próximo a vencer;Verde;C26
00377-YPF 3° loop;1000095462;20;ZPAN;03 G&M - CUADRILLA T;;0;;;;RTELLO;1042362;JEFE DE CUADRILLA X DÍA;15;15;15;0;0;5000191749;5/10/2026;Servicios;CUMPLIDO;G&M INFINITE ENERGY S. A.;MR01;31/10/2026;14/9/2026;10160238;20;1;14/9/2026;14/9/2026;C26;4500138724;10;0377;1;YCOLMAN;16/9/2026;30/10/2026;C26;2;5/10/2026;;;;;;;;;;03 Cert Mensual;En curso - Próximo a vencer;Verde;C26
00377-YPF 3° loop;1000095494;10;ZPAN;ADICIONAL T. PERSONA;;0;;;;ASABATINO;1022295;ADICIONAL FERIADOS/DOMINGOS(T.PERSONAL).;30;20;30;0;10;5000191761;5/10/2026;Servicios;CUMPLIDO PARCIAL;CUATRODEC SERVICIOS S.A.;MR01;31/10/2026;14/9/2026;10160292;10;1;14/9/2026;15/9/2026;C25;4500138839;10;0377;1;MPITTIA;17/9/2026;31/10/2026;C25;2;5/10/2026;;;;;;;;;;Sin aclaración;En curso - Próximo a vencer;;C25
00377-YPF 3° loop;1000095645;10;ZPAN;ALQUILER CAMIONES RE;;0;;;;ASABATINO;1033267;ALQUILER CAMION REGADOR S/CHOFER C/CAMAR;1;0;1;0;1;;;Servicios;ADJUDICADO;CONFLUENCIA HORMIGON;MR01;31/10/2026;17/9/2026;10160527;10;1;17/9/2026;18/9/2026;EFO;4500138942;10;0377;1;OBANEGA;18/9/2026;31/10/2026;EFO;0;;;;;;;;;;;Sin aclaración;En curso - Próximo a vencer;;EFO
00377-YPF 3° loop;1000095645;20;ZPAN;ALQUILER CAMIONES RE;;0;;;;ASABATINO;1033267;ALQUILER CAMION REGADOR S/CHOFER C/CAMAR;1;0;1;0;1;;;Servicios;ADJUDICADO;CONFLUENCIA HORMIGON;MR01;31/10/2026;17/9/2026;10160527;20;1;17/9/2026;18/9/2026;EFO;4500138942;20;0377;1;OBANEGA;18/9/2026;31/10/2026;EFO;0;;;;;;;;;;;Sin aclaración;En curso - Próximo a vencer;;EFO
00377-YPF 3° loop;1000095645;30;ZPAN;ALQUILER CAMIONES RE;;0;;;;ASABATINO;1022295;SISTEMA DE CAMARAS PUNTO CIEGO X UN;2;0;2;0;2;;;Servicios;ADJUDICADO;CONFLUENCIA HORMIGON;MR01;31/10/2026;17/9/2026;10160527;90;1;17/9/2026;18/9/2026;EFO;4500138942;30;0377;1;OBANEGA;18/9/2026;31/10/2026;EFO;0;;;;;;;;;;;Sin aclaración;En curso - Próximo a vencer;;EFO
00377-YPF 3° loop;1000095645;40;ZPAN;ALQUILER CAMIONES RE;;0;;;;ASABATINO;1022295;HABILITACION DE EQUIPO POR UNICA VEZ;2;0;2;0;2;;;Servicios;ADJUDICADO;CONFLUENCIA HORMIGON;MR01;31/10/2026;17/9/2026;10160527;100;1;17/9/2026;18/9/2026;EFO;4500138942;40;0377;1;OBANEGA;18/9/2026;31/10/2026;EFO;0;;;;;;;;;;;Sin aclaración;En curso - Próximo a vencer;;EFO
00377-YPF 3° loop;1000095679;10;ZPAN;DADOS DE HORMIGON/CA;;0;;;;ASABATINO;1042087;CONTRUCCION DADOS HORMG. H21 P/CARTELER;60;60;60;0;0;5000191026;30/9/2026;Servicios;CUMPLIDO;MARILLAN HECTOR GERVASIO;MR01;10/10/2026;17/9/2026;10160553;10;1;17/9/2026;18/9/2026;C18;4500139097;10;0377;1;JESPARZA;21/9/2026;10/10/2026;C18;1;30/9/2026;;;;;;;;;;Sin aclaración;En curso - Próximo a vencer;;C18
00377-YPF 3° loop;1000095680;10;ZPAN;FORM.ALQ.JLG;;0;;;;CKOTRBA;1033267;Plataforma P/trab en altura marca JLG mo;1;0;1;0;1;;;Servicios;ADJUDICADO;SULLAIR ARGENTINA S.A;MR01;19/10/2026;17/9/2026;10160554;10;1;17/9/2026;18/9/2026;EFO;4500138934;10;0377;1;OBANEGA;18/9/2026;19/10/2026;EFO;0;;;;;;;;;;;Sin aclaración;En curso - Próximo a vencer;;EFO
00377-YPF 3° loop;1000095722;10;ZPAN;02 VIANDAS - MAXIMIA;;0;;;;RTELLO;1013121;VIANDA ALMUERZO XUN;3000;572;3000;0;2428;5000191260;1/10/2026;Servicios;CUMPLIDO PARCIAL;MAXIMIA S.A.;MR01;31/10/2026;18/9/2026;10160640;10;1;18/9/2026;18/9/2026;C25;4500139815;10;0377;1;MPITTIA;30/9/2026;31/10/2026;C25;1;1/10/2026;;;;;;;;;;02 Cert Quincenal;En curso - Próximo a vencer;Verde;C25
00377-YPF 3° loop;1000095772;10;ZPAN;FORMALIZACION ADICIO;;0;;;;ASABATINO;1042362;Puesta en marcha sistema de PC, con Case;1;0;1;0;1;;;Servicios;ADJUDICADO;KINKURO SAS;MR01;20/10/2026;19/9/2026;10160728;10;1;19/9/2026;20/9/2026;C26;4500139085;10;0377;1;YCOLMAN;21/9/2026;5/10/2026;C26;0;;;;;;;;;;;Sin aclaración;En curso - Próximo a vencer;;C26
00377-YPF 3° loop;1000095772;20;ZPAN;FORMALIZACION ADICIO;;0;;;;ASABATINO;1042362;Estudios de protección catódica, PAE;1;0;1;0;1;;;Servicios;ADJUDICADO;KINKURO SAS;MR01;20/10/2026;19/9/2026;10160728;20;1;19/9/2026;20/9/2026;C26;4500139085;20;0377;1;YCOLMAN;21/9/2026;5/10/2026;C26;0;;;;;;;;;;;Sin aclaración;En curso - Próximo a vencer;;C26
00377-YPF 3° loop;1000095818;10;ZPAN;RECARGA STARLINK;;20;;;;RTELLO;1049859;SERVICIO DE INTERNET ADICIONAL X 50GB;28;28;28;0;0;5000190608;28/9/2026;Servicios;CUMPLIDO;JAWIT S.A.;MR01;9/10/2026;21/9/2026;10160791;10;1;21/9/2026;21/9/2026;C25;4500139599;10;0377;1;MPITTIA;28/9/2026;9/10/2026;C25;1;28/9/2026;;;;;;;;;;Sin aclaración;En curso - Próximo a vencer;;C25
00377-YPF 3° loop;1000095909;10;ZPAN;FORM.ALQ.INSTR.PRECO;;0;;;;CKOTRBA;1035446;ALQ.INSTRUMENTOS S/DETALLE PRECOM;4;0;4;0;4;;;Servicios;ADJUDICADO;AGUADO PABLO ENRIQUE;MR01;31/10/2026;22/9/2026;10160917;10;1;22/9/2026;22/9/2026;377;4500139578;10;0377;1;JISALAS;25/9/2026;31/10/2026;377;0;;;;;;;;;;;Sin aclaración;En curso - Próximo a vencer;;377
00377-YPF 3° loop;1000095917;10;ZPAN;INT Y ARM TABLEROS F;;0;;;;RTELLO;1042362;SUBC RELEV. 4 TABLEROS;1;1;1;0;0;5000191395;2/10/2026;Servicios;CUMPLIDO;G&M INFINITE ENERGY S. A.;MR01;31/10/2026;22/9/2026;10160925;10;1;22/9/2026;23/9/2026;C26;4500139422;10;0377;1;YCOLMAN;24/9/2026;30/10/2026;C26;1;2/10/2026;;;;;;;;;;Sin aclaración;En curso - Próximo a vencer;;C26
00377-YPF 3° loop;1000095917;20;ZPAN;INT Y ARM TABLEROS F;;0;;;;RTELLO;1042362;SUBC TERMINACION Y ARMADO TABLEROS;1;1;1;0;0;5000191395;2/10/2026;Servicios;CUMPLIDO;G&M INFINITE ENERGY S. A.;MR01;31/10/2026;22/9/2026;10160925;20;1;22/9/2026;23/9/2026;C26;4500139422;20;0377;1;YCOLMAN;24/9/2026;31/10/2026;C26;1;2/10/2026;;;;;;;;;;Sin aclaración;En curso - Próximo a vencer;;C26
00377-YPF 3° loop;1000095917;30;ZPAN;INT Y ARM TABLEROS F;;0;;;;RTELLO;1042362;SUBC ARMADO Y PRUEBAS FAT;1;1;1;0;0;5000191395;2/10/2026;Servicios;CUMPLIDO;G&M INFINITE ENERGY S. A.;MR01;31/10/2026;22/9/2026;10160925;30;1;22/9/2026;23/9/2026;C26;4500139422;30;0377;1;YCOLMAN;24/9/2026;31/10/2026;C26;1;2/10/2026;;;;;;;;;;Sin aclaración;En curso - Próximo a vencer;;C26
00377-YPF 3° loop;1000095955;10;ZPAN;PM FORRAJE SUPERFICI;;0;;;;CKOTRBA;1012823;ROLLOS CILINDRICOS DE PASTO (PROV. ROSAU;220;0;220;0;220;;;Materiales genericos;ADJUDICADO;JK SERVICIOS S. A. S. EN FORMACION;MR01;7/10/2026;23/9/2026;10160978;10;1;23/9/2026;23/9/2026;C26;4500139632;10;0377;1;YCOLMAN;28/9/2026;7/10/2026;C26;0;;;;;;;;;;;Sin aclaración;Vencido con cant pendiente a recep;;C26
00377-YPF 3° loop;1000095955;20;ZPAN;PM FORRAJE SUPERFICI;;0;;;;CKOTRBA;1012823;ROLLOS CILINDRICOS DE ALFALFA (PROV. ROS;25;0;25;0;25;;;Materiales genericos;ADJUDICADO;JK SERVICIOS S. A. S. EN FORMACION;MR01;7/10/2026;23/9/2026;10160978;20;1;23/9/2026;23/9/2026;C26;4500139632;20;0377;1;YCOLMAN;28/9/2026;7/10/2026;C26;0;;;;;;;;;;;Sin aclaración;Vencido con cant pendiente a recep;;C26
00377-YPF 3° loop;1000095955;30;ZPAN;PM FORRAJE SUPERFICI;;0;;;;CKOTRBA;1012823;ROLLOS DE PASTURA CHICOS (Fardos)(PROV.;400;0;400;0;400;;;Materiales genericos;ADJUDICADO;JK SERVICIOS S. A. S. EN FORMACION;MR01;7/10/2026;23/9/2026;10160978;30;1;23/9/2026;23/9/2026;C26;4500139632;30;0377;1;YCOLMAN;28/9/2026;7/10/2026;C26;0;;;;;;;;;;;Sin aclaración;Vencido con cant pendiente a recep;;C26
00377-YPF 3° loop;1000095955;40;ZPAN;PM FORRAJE SUPERFICI;;0;;;;CKOTRBA;1012823;BOLSA ALFALFA  EN CUBOS (MARCA: ZILLE AG;25;0;25;0;25;;;Materiales genericos;ADJUDICADO;JK SERVICIOS S. A. S. EN FORMACION;MR01;7/10/2026;23/9/2026;10160978;40;1;23/9/2026;23/9/2026;C26;4500139632;40;0377;1;YCOLMAN;28/9/2026;7/10/2026;C26;0;;;;;;;;;;;Sin aclaración;Vencido con cant pendiente a recep;;C26
00377-YPF 3° loop;1000095955;50;ZPAN;PM FORRAJE SUPERFICI;;0;;;;CKOTRBA;1012823;BOLSA ALIMENTO P/ EQUINOS;15;0;15;0;15;;;Materiales genericos;ADJUDICADO;JK SERVICIOS S. A. S. EN FORMACION;MR01;7/10/2026;23/9/2026;10160978;50;1;23/9/2026;23/9/2026;C26;4500139632;50;0377;1;YCOLMAN;28/9/2026;7/10/2026;C26;0;;;;;;;;;;;Sin aclaración;Vencido con cant pendiente a recep;;C26
00377-YPF 3° loop;1000095955;60;ZPAN;PM FORRAJE SUPERFICI;;0;;;;CKOTRBA;1012823;BOLSONES DE MAIZ X KG;15800;0;15800;0;15800;;;Materiales genericos;ADJUDICADO;JK SERVICIOS S. A. S. EN FORMACION;MR01;7/10/2026;23/9/2026;10160978;60;1;23/9/2026;23/9/2026;C26;4500139632;60;0377;1;YCOLMAN;28/9/2026;7/10/2026;C26;0;;;;;;;;;;;Sin aclaración;Vencido con cant pendiente a recep;;C26
00377-YPF 3° loop;1000095955;70;ZPAN;PM FORRAJE SUPERFICI;;0;;;;CKOTRBA;1012823;BOLSONES DE MAIZ PARTIDO X KG;1000;0;1000;0;1000;;;Materiales genericos;ADJUDICADO;JK SERVICIOS S. A. S. EN FORMACION;MR01;7/10/2026;23/9/2026;10160978;70;1;23/9/2026;23/9/2026;C26;4500139632;70;0377;1;YCOLMAN;28/9/2026;7/10/2026;C26;0;;;;;;;;;;;Sin aclaración;Vencido con cant pendiente a recep;;C26
00377-YPF 3° loop;1000095955;80;ZPAN;PM FORRAJE SUPERFICI;;0;;;;CKOTRBA;1012823;BOLSA DE SEMITA;96;0;96;0;96;;;Materiales genericos;ADJUDICADO;JK SERVICIOS S. A. S. EN FORMACION;MR01;7/10/2026;23/9/2026;10160978;80;1;23/9/2026;23/9/2026;C26;4500139632;80;0377;1;YCOLMAN;28/9/2026;7/10/2026;C26;0;;;;;;;;;;;Sin aclaración;Vencido con cant pendiente a recep;;C26
00377-YPF 3° loop;1000095955;90;ZPAN;PM FORRAJE SUPERFICI;;0;;;;CKOTRBA;1012823;BOLSA DE SEMITIN;10;0;10;0;10;;;Materiales genericos;ADJUDICADO;JK SERVICIOS S. A. S. EN FORMACION;MR01;7/10/2026;23/9/2026;10160978;90;1;23/9/2026;23/9/2026;C26;4500139632;90;0377;1;YCOLMAN;28/9/2026;7/10/2026;C26;0;;;;;;;;;;;Sin aclaración;Vencido con cant pendiente a recep;;C26
00377-YPF 3° loop;1000096055;10;ZPAN;SERV.G&M INFINITE EN;;0;;;;RTELLO;1042362;SUB.TECNICOS SISTEMA FOTOVOLTAICO X DIA;15;15;15;0;0;5000191747;5/10/2026;Servicios;CUMPLIDO;G&M INFINITE ENERGY S. A.;MR01;16/10/2026;25/9/2026;10161137;10;1;25/9/2026;25/9/2026;C26;4500139660;10;0377;1;YCOLMAN;28/9/2026;16/10/2026;C26;1;5/10/2026;;;;;;;;;;Sin aclaración;En curso - Próximo a vencer;;C26
00377-YPF 3° loop;1000096201;10;ZPAN;PM 88 - TALLER FORMA;;0;;;;RTELLO;1022294;DIA DE INSPECCION;2;2;2;0;0;5000190835;29/9/2026;Servicios;CUMPLIDO;LENOR SRL;MR01;19/10/2026;28/9/2026;10161341;40;1;28/9/2026;28/9/2026;EFO;4500139728;30;0377;1;OBANEGA;29/9/2026;19/10/2026;EFO;1;29/9/2026;;;;;;;;;;Sin aclaración;En curso - Próximo a vencer;;EFO
00377-YPF 3° loop;1000096201;20;ZPAN;PM 88 - TALLER FORMA;;0;;;;RTELLO;1016081;CERTIFICACION OPERADOR OBRA;13;13;13;0;0;5000190835;29/9/2026;Servicios;CUMPLIDO;LENOR SRL;MR01;19/10/2026;28/9/2026;10161341;20;1;28/9/2026;28/9/2026;EFO;4500139728;10;0377;1;OBANEGA;29/9/2026;19/10/2026;EFO;1;29/9/2026;;;;;;;;;;Sin aclaración;En curso - Próximo a vencer;;EFO
00377-YPF 3° loop;1000096201;30;ZPAN;PM 88 - TALLER FORMA;;0;;;;RTELLO;1013024;VIATICOS;1;1;1;0;0;5000190835;29/9/2026;Servicios;CUMPLIDO;LENOR SRL;MR01;19/10/2026;28/9/2026;10161341;30;1;28/9/2026;28/9/2026;EFO;4500139728;20;0377;1;OBANEGA;29/9/2026;19/10/2026;EFO;1;29/9/2026;;;;;;;;;;Sin aclaración;En curso - Próximo a vencer;;EFO
00377-YPF 3° loop;1000096202;10;ZPAN;PM 89 - TALLER FORMA;;0;;;;RTELLO;1022294;DIA DE INSPECCION;1;1;1;0;0;5000190834;29/9/2026;Servicios;CUMPLIDO;LENOR SRL;MR01;19/10/2026;28/9/2026;10161342;10;1;28/9/2026;28/9/2026;EFO;4500139722;10;0377;1;OBANEGA;29/9/2026;19/10/2026;EFO;1;29/9/2026;;;;;;;;;;Sin aclaración;En curso - Próximo a vencer;;EFO
00377-YPF 3° loop;1000096202;20;ZPAN;PM 89 - TALLER FORMA;;0;;;;RTELLO;1016081;CERTIFICACION OPERADOR OBRA;3;3;3;0;0;5000190834;29/9/2026;Servicios;CUMPLIDO;LENOR SRL;MR01;19/10/2026;28/9/2026;10161342;20;1;28/9/2026;28/9/2026;EFO;4500139722;20;0377;1;OBANEGA;29/9/2026;19/10/2026;EFO;1;29/9/2026;;;;;;;;;;Sin aclaración;En curso - Próximo a vencer;;EFO
00377-YPF 3° loop;1000096297;10;ZPAN;REG. CAEFE - MES DE;;0;;;;ASABATINO;1042079;Servicio diario de ultrasonido lun-sab;7;7;7;0;0;5000191540;3/10/2026;Servicios;CUMPLIDO;CAEFE S.A.;MR01;15/10/2026;29/9/2026;10161440;10;1;29/9/2026;30/9/2026;C26;4500139959;10;0377;1;YCOLMAN;1/10/2026;15/10/2026;C26;1;3/10/2026;;;;;;;;;;Sin aclaración;En curso - Próximo a vencer;;C26
00377-YPF 3° loop;1000096297;20;ZPAN;REG. CAEFE - MES DE;;0;;;;ASABATINO;1042079;"Gammagrafia 16 """;2;2;2;0;0;5000191540;3/10/2026;Servicios;CUMPLIDO;CAEFE S.A.;MR01;15/10/2026;29/9/2026;10161440;20;1;29/9/2026;30/9/2026;C26;4500139959;20;0377;1;YCOLMAN;1/10/2026;15/10/2026;C26;1;3/10/2026;;;;;;;;;;Sin aclaración;En curso - Próximo a vencer;;C26
00377-YPF 3° loop;1000096297;30;ZPAN;REG. CAEFE - MES DE;;0;;;;ASABATINO;1042079;"Gammagrafia 24 """;10;10;10;0;0;5000191540;3/10/2026;Servicios;CUMPLIDO;CAEFE S.A.;MR01;15/10/2026;29/9/2026;10161440;30;1;29/9/2026;30/9/2026;C26;4500139959;30;0377;1;YCOLMAN;1/10/2026;15/10/2026;C26;1;3/10/2026;;;;;;;;;;Sin aclaración;En curso - Próximo a vencer;;C26
00377-YPF 3° loop;1000096297;40;ZPAN;REG. CAEFE - MES DE;;0;;;;ASABATINO;1042079;Liq. Penetrantes lunes a sábado;14;14;14;0;0;5000191540;3/10/2026;Servicios;CUMPLIDO;CAEFE S.A.;MR01;15/10/2026;29/9/2026;10161440;40;1;29/9/2026;30/9/2026;C26;4500139959;40;0377;1;YCOLMAN;1/10/2026;15/10/2026;C26;1;3/10/2026;;;;;;;;;;Sin aclaración;En curso - Próximo a vencer;;C26
00377-YPF 3° loop;1000096297;50;ZPAN;REG. CAEFE - MES DE;;0;;;;ASABATINO;1042079;Liq. Penetrantes domingo/feriado;1;1;1;0;0;5000191540;3/10/2026;Servicios;CUMPLIDO;CAEFE S.A.;MR01;15/10/2026;29/9/2026;10161440;50;1;29/9/2026;30/9/2026;C26;4500139959;50;0377;1;YCOLMAN;1/10/2026;15/10/2026;C26;1;3/10/2026;;;;;;;;;;Sin aclaración;En curso - Próximo a vencer;;C26
00377-YPF 3° loop;1000096320;10;ZPAN;03 SS AGUA POTABLE;;20;;;;RTELLO;1010725;BIDON DE AGUA 20 L.;1200;0;1200;0;1200;;;Materiales usuales;ADJUDICADO;ABIUSI ANALIA VERONICA;MR01;31/10/2026;30/9/2026;10161458;10;1;30/9/2026;30/9/2026;C25;4500140425;10;0377;1;LHANCEVICH;7/10/2026;31/10/2026;C25;0;;;;;;;;;;;03 Cert Mensual;En curso - Próximo a vencer;;C25
00377-YPF 3° loop;1000096360;10;ZPAN;EXTENSION 4500138722;;0;;;;ASABATINO;1042362;CUADRI. ESP - 4 TECNICOS X DIAS;15;0;15;0;15;;;Servicios;ADJUDICADO;G&M INFINITE ENERGY S. A.;MR01;21/10/2026;30/9/2026;10161515;10;1;30/9/2026;1/10/2026;C26;4500140061;10;0377;1;YCOLMAN;2/10/2026;21/10/2026;C26;0;;;;;;;;;;;Sin aclaración;En curso - Próximo a vencer;;C26
00377-YPF 3° loop;1000096362;10;ZPAN;EXT ALQ ANDAMIOS;;0;;;;RTELLO;1035542;ALQUILER DE ANDAMIO X MES REM-1659;1;0;1;0;1;;;Servicios;ADJUDICADO;ECVA S.R.L.;MR01;31/10/2026;30/9/2026;10161517;10;1;30/9/2026;1/10/2026;C26;4500140071;10;0377;1;YCOLMAN;2/10/2026;22/10/2026;C26;0;;;;;;;;;;;Sin aclaración;En curso - Próximo a vencer;;C26
00377-YPF 3° loop;1000096362;20;ZPAN;EXT ALQ ANDAMIOS;;0;;;;RTELLO;1035542;ALQUILER DE ANDAMIO X MES REM-1659;1;0;1;0;1;;;Servicios;ADJUDICADO;ECVA S.R.L.;MR01;31/10/2026;30/9/2026;10161517;20;1;30/9/2026;1/10/2026;C26;4500140071;20;0377;1;YCOLMAN;2/10/2026;22/10/2026;C26;0;;;;;;;;;;;Sin aclaración;En curso - Próximo a vencer;;C26
00377-YPF 3° loop;1000096362;30;ZPAN;EXT ALQ ANDAMIOS;;0;;;;RTELLO;1035542;POLEAS C/FRENO Y MENSULA P/ANDAMIO X MES;1;0;1;0;1;;;Servicios;ADJUDICADO;ECVA S.R.L.;MR01;31/10/2026;30/9/2026;10161517;30;1;30/9/2026;1/10/2026;C26;4500140071;30;0377;1;YCOLMAN;2/10/2026;31/10/2026;C26;0;;;;;;;;;;;Sin aclaración;En curso - Próximo a vencer;;C26
00377-YPF 3° loop;1000096378;10;ZPAN;FORRAJE EXTRA SUPERF;;0;;;;CKOTRBA;1012823;ROLLOS DE PASTURA CHICOS (Fardos)(PROV.;300;0;300;0;300;;;Materiales genericos;ADJUDICADO;JK SERVICIOS S. A. S. EN FORMACION;MR01;16/10/2026;30/9/2026;10161564;10;1;30/9/2026;1/10/2026;C26;4500140115;10;0377;1;YCOLMAN;2/10/2026;16/10/2026;C26;0;;;;;;;;;;;Sin aclaración;En curso - Próximo a vencer;;C26
00377-YPF 3° loop;1000096378;20;ZPAN;FORRAJE EXTRA SUPERF;;0;;;;CKOTRBA;1012823;BOLSONES DE MAIZ PARTIDO X KG;1000;0;1000;0;1000;;;Materiales genericos;ADJUDICADO;JK SERVICIOS S. A. S. EN FORMACION;MR01;16/10/2026;30/9/2026;10161564;20;1;30/9/2026;1/10/2026;C26;4500140115;20;0377;1;YCOLMAN;2/10/2026;16/10/2026;C26;0;;;;;;;;;;;Sin aclaración;En curso - Próximo a vencer;;C26
00377-YPF 3° loop;1000096378;30;ZPAN;FORRAJE EXTRA SUPERF;;0;;;;CKOTRBA;1012823;BOLSA DE SEMITIN;50;0;50;0;50;;;Materiales genericos;ADJUDICADO;JK SERVICIOS S. A. S. EN FORMACION;MR01;16/10/2026;30/9/2026;10161564;30;1;30/9/2026;1/10/2026;C26;4500140115;30;0377;1;YCOLMAN;2/10/2026;16/10/2026;C26;0;;;;;;;;;;;Sin aclaración;En curso - Próximo a vencer;;C26
00377-YPF 3° loop;1000096378;40;ZPAN;FORRAJE EXTRA SUPERF;;0;;;;CKOTRBA;1012896;BOLSA DE CAL;10;0;10;0;10;;;Materiales genericos;ADJUDICADO;JK SERVICIOS S. A. S. EN FORMACION;MR01;16/10/2026;30/9/2026;10161564;40;1;30/9/2026;1/10/2026;C26;4500140115;40;0377;1;YCOLMAN;2/10/2026;16/10/2026;C26;0;;;;;;;;;;;Sin aclaración;En curso - Próximo a vencer;;C26
00377-YPF 3° loop;1000096378;50;ZPAN;FORRAJE EXTRA SUPERF;;0;;;;CKOTRBA;1012896;CEMENTO X 25 KG;20;0;20;0;20;;;Materiales genericos;ADJUDICADO;JK SERVICIOS S. A. S. EN FORMACION;MR01;16/10/2026;30/9/2026;10161564;50;1;30/9/2026;1/10/2026;C26;4500140115;50;0377;1;YCOLMAN;2/10/2026;16/10/2026;C26;0;;;;;;;;;;;Sin aclaración;En curso - Próximo a vencer;;C26
00377-YPF 3° loop;1000096378;60;ZPAN;FORRAJE EXTRA SUPERF;;0;;;;CKOTRBA;1012896;ARENA PARA CONSTRUCCION X M3;12;0;12;0;12;;;Materiales genericos;ADJUDICADO;JK SERVICIOS S. A. S. EN FORMACION;MR01;16/10/2026;30/9/2026;10161564;60;1;30/9/2026;1/10/2026;C26;4500140115;60;0377;1;YCOLMAN;2/10/2026;16/10/2026;C26;0;;;;;;;;;;;Sin aclaración;En curso - Próximo a vencer;;C26
00377-YPF 3° loop;1000096378;70;ZPAN;FORRAJE EXTRA SUPERF;;0;;;;CKOTRBA;1012896;TANQUE DE AGUA REFORZADO X 1000LTRS;1;0;1;0;1;;;Materiales genericos;ADJUDICADO;JK SERVICIOS S. A. S. EN FORMACION;MR01;16/10/2026;30/9/2026;10161564;70;1;30/9/2026;1/10/2026;C26;4500140115;70;0377;1;YCOLMAN;2/10/2026;16/10/2026;C26;0;;;;;;;;;;;Sin aclaración;En curso - Próximo a vencer;;C26
00377-YPF 3° loop;1000096378;80;ZPAN;FORRAJE EXTRA SUPERF;;0;;;;CKOTRBA;1012896;TANQUE DE AGUA REFORZADO X 2500LTRS;1;0;1;0;1;;;Materiales genericos;ADJUDICADO;JK SERVICIOS S. A. S. EN FORMACION;MR01;16/10/2026;30/9/2026;10161564;80;1;30/9/2026;1/10/2026;C26;4500140115;80;0377;1;YCOLMAN;2/10/2026;16/10/2026;C26;0;;;;;;;;;;;Sin aclaración;En curso - Próximo a vencer;;C26
00377-YPF 3° loop;1000096378;90;ZPAN;FORRAJE EXTRA SUPERF;;0;;;;CKOTRBA;1012896;CHAPAS ONDULADAS X 6 MTRS DE LARGO;16;0;16;0;16;;;Materiales genericos;ADJUDICADO;JK SERVICIOS S. A. S. EN FORMACION;MR01;16/10/2026;30/9/2026;10161564;90;1;30/9/2026;1/10/2026;C26;4500140115;90;0377;1;YCOLMAN;2/10/2026;16/10/2026;C26;0;;;;;;;;;;;Sin aclaración;En curso - Próximo a vencer;;C26
00377-YPF 3° loop;1000096378;100;ZPAN;FORRAJE EXTRA SUPERF;;0;;;;CKOTRBA;1012896;MANGUERA NEGRA 3/4 X 1000 mts;1;0;1;0;1;;;Materiales genericos;ADJUDICADO;JK SERVICIOS S. A. S. EN FORMACION;MR01;16/10/2026;30/9/2026;10161564;100;1;2/10/2026;3/10/2026;C26;4500140115;100;0377;1;YCOLMAN;2/10/2026;16/10/2026;C26;0;;;;;;;;;;;Sin aclaración;En curso - Próximo a vencer;;C26
00377-YPF 3° loop;1000096429;10;ZPAN;03 SERVICIO RADIOS;;20;;;;RTELLO;1048594;SERV. DE RADIOS TETRA  X MES (18 TERMI.);22;0;22;0;22;;;Servicios;ADJUDICADO;INTEPLA SRL;MR01;31/10/2026;1/10/2026;10161664;10;1;1/10/2026;1/10/2026;C25;4500140386;10;0377;1;JESPARZA;7/10/2026;31/10/2026;C25;0;;;;;;;;;;;03 Cert Mensual;En curso - Próximo a vencer;;C25
00377-YPF 3° loop;1000096429;20;ZPAN;03 SERVICIO RADIOS;;20;;;;RTELLO;1048591;SERV. DE RADIOS TETRA XMES;1;0;1;0;1;;;Servicios;ADJUDICADO;INTEPLA SRL;MR01;31/10/2026;1/10/2026;10161664;20;1;1/10/2026;1/10/2026;C25;4500140386;20;0377;1;JESPARZA;7/10/2026;31/10/2026;C25;0;;;;;;;;;;;03 Cert Mensual;En curso - Próximo a vencer;;C25
00377-YPF 3° loop;1000096436;10;ZPAN;03 SERV. CONTROL PLA;;0;;;;RTELLO;1013139;SS CONTROL DE PLAGAS XUN;1;0;1;0;1;;;Servicios;ADJUDICADO;EXTER NEQUEN SRL;MR01;31/10/2026;1/10/2026;10161675;10;1;1/10/2026;1/10/2026;C25;4500140379;10;0377;1;JESPARZA;7/10/2026;31/10/2026;C25;0;;;;;;;;;;;03 Cert Mensual;En curso - Próximo a vencer;;C25
00377-YPF 3° loop;1000096455;10;ZPAN;FORM.REP.HYTORC;;0;;;;CKOTRBA;1026918;SERV.REPARACION HYTORC 600000040;1;1;1;0;0;5000192139;8/10/2026;Servicios;CUMPLIDO;S&B SERVICIOS S. R. L.;MR01;8/10/2026;1/10/2026;10161699;10;1;1/10/2026;1/10/2026;EFO;4500140141;10;0377;1;OBANEGA;5/10/2026;8/10/2026;EFO;1;8/10/2026;;;;;;;;;;Sin aclaración;En curso - Próximo a vencer;;EFO
00377-YPF 3° loop;1000096478;10;ZPAN;VIATICOS;;0;;;;RTELLO;1013024;VIATICOS;1;1;1;0;0;5000192146;8/10/2026;Servicios;CUMPLIDO;INGEAP S.A.S.;MR01;31/10/2026;2/10/2026;10161737;10;1;2/10/2026;2/10/2026;C26;4500140194;10;0377;1;YCOLMAN;5/10/2026;31/10/2026;C26;1;8/10/2026;;;;;;;;;;Sin aclaración;En curso - Próximo a vencer;;C26
00377-YPF 3° loop;1000096479;10;ZPAN;PM 91 - TALLER;;0;;;;RTELLO;1022294;DIA DE INSPECCION;1;1;1;0;0;5000191638;5/10/2026;Servicios;CUMPLIDO;LENOR SRL;MR01;23/10/2026;2/10/2026;10161743;10;1;2/10/2026;2/10/2026;EFO;4500140165;10;0377;1;OBANEGA;5/10/2026;23/10/2026;EFO;1;5/10/2026;;;;;;;;;;Sin aclaración;En curso - Próximo a vencer;;EFO
00377-YPF 3° loop;1000096479;20;ZPAN;PM 91 - TALLER;;0;;;;RTELLO;1022295;CERTIFICACION DE LOTE DE ELEMENTOS;1;1;1;0;0;5000191638;5/10/2026;Servicios;CUMPLIDO;LENOR SRL;MR01;23/10/2026;2/10/2026;10161743;20;1;2/10/2026;2/10/2026;EFO;4500140165;20;0377;1;OBANEGA;5/10/2026;23/10/2026;EFO;1;5/10/2026;;;;;;;;;;Sin aclaración;En curso - Próximo a vencer;;EFO
00377-YPF 3° loop;1000096479;30;ZPAN;PM 91 - TALLER;;0;;;;RTELLO;1013024;VIATICOS;1;1;1;0;0;5000191638;5/10/2026;Servicios;CUMPLIDO;LENOR SRL;MR01;23/10/2026;2/10/2026;10161743;30;1;2/10/2026;2/10/2026;EFO;4500140165;30;0377;1;OBANEGA;5/10/2026;23/10/2026;EFO;1;5/10/2026;;;;;;;;;;Sin aclaración;En curso - Próximo a vencer;;EFO
00377-YPF 3° loop;1000096481;10;ZPAN;PM 92 - TALLER;;0;;;;RTELLO;1025972;SERV REEMP PARABRISAS - GREMIO;1;0;1;0;1;;;Servicios;ADJUDICADO;CRISTALES PATAGONICOS SRL;MR01;23/10/2026;2/10/2026;10161745;10;1;2/10/2026;2/10/2026;EFO;4500140241;10;0377;1;OBANEGA;6/10/2026;23/10/2026;EFO;0;;;;;;;;;;;Sin aclaración;En curso - Próximo a vencer;;EFO
00377-YPF 3° loop;1000096534;10;ZPAN;REGULARIZACION ADICI;;0;;;;ASABATINO;1042087;ADICIONAL CUBIERTAS METALICAS;1;0;1;0;1;;;Servicios;ADJUDICADO;LC SERVICE OIL AND GAS S. A. S.;MR01;15/10/2026;3/10/2026;10161838;10;1;3/10/2026;3/10/2026;C26;4500140300;10;0377;1;YCOLMAN;6/10/2026;15/10/2026;C26;0;;;;;;;;;;;Sin aclaración;En curso - Próximo a vencer;;C26
00377-YPF 3° loop;1000096601;10;ZPAN;REG GOMERIA - SEPTIE;;0;;;;RTELLO;1034203;SERVICIO DE GOMERIA;1;0;1;0;1;;;Servicios;ADJUDICADO;RAMOS PATRICIA DEL CARMEN;MR01;26/10/2026;5/10/2026;10161920;10;1;5/10/2026;5/10/2026;377;4500140413;10;0377;1;JISALAS;7/10/2026;22/10/2026;377;0;;;;;;;;;;;Sin aclaración;En curso - Próximo a vencer;;377
00377-YPF 3° loop;1000096616;10;ZPAN;REG FO ADICIONALES;;0;;;;RTELLO;1042362;ADICIONALES MEDICIONES - 2 TRAMOS;1;0;1;0;1;;;Servicios;ADJUDICADO;OXBEEL S.R.L;MR01;31/10/2026;5/10/2026;10161937;10;1;5/10/2026;5/10/2026;C26;4500140318;10;0377;1;YCOLMAN;6/10/2026;31/10/2026;C26;0;;;;;;;;;;;Sin aclaración;En curso - Próximo a vencer;;C26
00377-YPF 3° loop;1000096616;20;ZPAN;REG FO ADICIONALES;;0;;;;RTELLO;1042362;ADICIONALES EMPALMES - 2 BOTELLAS;1;0;1;0;1;;;Servicios;ADJUDICADO;OXBEEL S.R.L;MR01;31/10/2026;5/10/2026;10161937;20;1;5/10/2026;5/10/2026;C26;4500140318;20;0377;1;YCOLMAN;6/10/2026;31/10/2026;C26;0;;;;;;;;;;;Sin aclaración;En curso - Próximo a vencer;;C26
00377-YPF 3° loop;1000096649;10;ZPAN;REG SAPSA SEPTIEMBRE;;20;;;;RTELLO;1022295;RSU SECOS - DISP FINAL X TN;8;0;0;8;0;;;Servicios;SIN TRATAMIENTO;;MR01;27/10/2026;6/10/2026;10161994;10;1;6/10/2026;6/10/2026;C25;;0;;0;;;;;0;;;;;;;;;;;Sin aclaración;En curso - Próximo a vencer;;C25
00377-YPF 3° loop;1000096649;20;ZPAN;REG SAPSA SEPTIEMBRE;;20;;;;RTELLO;1022295;RSU INDUST - DISP FINAL X TN;1;0;0;1;0;;;Servicios;SIN TRATAMIENTO;;MR01;27/10/2026;6/10/2026;10161994;20;1;6/10/2026;6/10/2026;C25;;0;;0;;;;;0;;;;;;;;;;;Sin aclaración;En curso - Próximo a vencer;;C25
00377-YPF 3° loop;1000096649;30;ZPAN;REG SAPSA SEPTIEMBRE;;20;;;;RTELLO;1022295;RSU HUMEDOS - DISP FINAL X TN;3;0;0;3;0;;;Servicios;SIN TRATAMIENTO;;MR01;27/10/2026;6/10/2026;10161994;30;1;6/10/2026;6/10/2026;C25;;0;;0;;;;;0;;;;;;;;;;;Sin aclaración;En curso - Próximo a vencer;;C25
00377-YPF 3° loop;1000096649;40;ZPAN;REG SAPSA SEPTIEMBRE;;20;;;;RTELLO;1035384;ALQUILER DE CONTENEDORES RESIDUOS X UN;13;0;0;13;0;;;Servicios;SIN TRATAMIENTO;;MR01;27/10/2026;6/10/2026;10161994;40;1;6/10/2026;6/10/2026;C25;;0;;0;;;;;0;;;;;;;;;;;Sin aclaración;En curso - Próximo a vencer;;C25
00377-YPF 3° loop;1000096652;10;ZPAN;REG SAPSA SEPTIEMBRE;;20;;;;RTELLO;1022295;TRAT. RESI PELIGROSOS Y15 X TN;6;0;0;6;0;;;Servicios;SIN TRATAMIENTO;;MR01;27/10/2026;6/10/2026;10161997;10;1;6/10/2026;6/10/2026;C25;;0;;0;;;;;0;;;;;;;;;;;Sin aclaración;En curso - Próximo a vencer;;C25
00377-YPF 3° loop;1000096652;20;ZPAN;REG SAPSA SEPTIEMBRE;;20;;;;RTELLO;1022295;TRASLADO RESI PELIGROSOS x KM;2;0;0;2;0;;;Servicios;SIN TRATAMIENTO;;MR01;27/10/2026;6/10/2026;10161997;20;1;6/10/2026;6/10/2026;C25;;0;;0;;;;;0;;;;;;;;;;;Sin aclaración;En curso - Próximo a vencer;;C25
00377-YPF 3° loop;1000096664;10;ZPAN;REG. TRANSPORTE PERS;;0;;;;ASABATINO;1048595;COMBI X 19 PAX;1;0;0;1;0;;;Servicios;SIN TRATAMIENTO;;MR01;12/10/2026;6/10/2026;10162027;10;1;6/10/2026;6/10/2026;C25;;0;;0;;;;;0;;;;;;;;;;;Sin aclaración;En curso - Próximo a vencer;;C25
00377-YPF 3° loop;1000096750;10;ZPAN;ALQUILER BATERIA NIT;;0;;;;ASABATINO;1043224;ALQUILER 4 BATERIAS NITROGROGENO;10;0;0;10;0;;;Servicios;SIN TRATAMIENTO;;MR01;20/10/2026;8/10/2026;10162165;10;1;8/10/2026;8/10/2026;377;;0;;0;;;;;0;;;;;;;;;;;Sin aclaración;En curso - Próximo a vencer;;377
00378 YPF – Oleoducto Cnel. Pringle;1000087193;10;ZPAN;03 - SERV. TOPOGRAFÍ;;0;;;;JPIEDRABUENA;1027430;SERVICIO DE TOPOGRAFIA x MES;6;3,733;6;0;2,267;5000191618;5/10/2026;Servicios;CUMPLIDO PARCIAL;INGEAP S.A.S.;MR01;15/1/2027;23/4/2026;10148521;10;1;23/4/2026;14/5/2026;C26;4500127691;10;0378;1;AGONZALEZ;14/5/2026;15/1/2027;C26;4;5/10/2026;;;;;;;;;;03 Cert Mensual;En curso;Verde;C26
00378 YPF – Oleoducto Cnel. Pringle;1000087193;20;ZPAN;03 - SERV. TOPOGRAFÍ;;0;;;;JPIEDRABUENA;1013081;SERVICIO DE TOPOGRAFIA RELEVAMIENTO;1;1;1;0;0;5000178200;25/6/2026;Servicios;CUMPLIDO;INGEAP S.A.S.;MR01;15/1/2027;23/4/2026;10148521;20;1;23/4/2026;14/5/2026;C26;4500127691;20;0378;1;AGONZALEZ;14/5/2026;15/1/2027;C26;1;25/6/2026;;;;;;;;;;03 Cert Mensual;En curso - Total recepcionado;;C26
00378 YPF – Oleoducto Cnel. Pringle;1000087193;30;ZPAN;03 - SERV. TOPOGRAFÍ;;0;;;;JPIEDRABUENA;1042110;ALQUILER EQUIPO RECEPTOR GNSS;6;4;6;0;2;5000191618;5/10/2026;Servicios;CUMPLIDO PARCIAL;INGEAP S.A.S.;MR01;15/1/2027;23/4/2026;10148521;30;1;13/5/2026;14/5/2026;C26;4500127691;30;0378;1;AGONZALEZ;14/5/2026;15/1/2027;C26;4;5/10/2026;;;;;;;;;;03 Cert Mensual;En curso;Verde;C26
00378 YPF – Oleoducto Cnel. Pringle;1000087193;40;ZPAN;03 - SERV. TOPOGRAFÍ;;0;;;;JPIEDRABUENA;1042110;ALQUILER EQUIPO ESTACION TOTAL;6;0;6;0;6;;;Servicios;ADJUDICADO;INGEAP S.A.S.;MR01;15/1/2027;23/4/2026;10148521;40;1;13/5/2026;14/5/2026;C26;4500127691;40;0378;1;AGONZALEZ;14/5/2026;15/1/2027;C26;0;;;;;;;;;;;03 Cert Mensual;En curso;;C26
00378 YPF – Oleoducto Cnel. Pringle;1000087193;50;ZPAN;03 - SERV. TOPOGRAFÍ;;0;;;;JPIEDRABUENA;1013024;VIATICOS;12;7;12;0;5;5000191618;5/10/2026;Servicios;CUMPLIDO PARCIAL;INGEAP S.A.S.;MR01;15/1/2027;23/4/2026;10148521;50;1;14/5/2026;14/5/2026;C26;4500127691;50;0378;1;AGONZALEZ;14/5/2026;15/1/2027;C26;4;5/10/2026;;;;;;;;;;03 Cert Mensual;En curso;Verde;C26
00378 YPF – Oleoducto Cnel. Pringle;1000088496;10;ZPAN;04-RECARGA DE MATAFU;;0;;;;GPUJOL;1022295;RECARGA DE MATAFUEGO 10KG;5;5;5;0;0;5000175576;3/6/2026;Servicios;CUMPLIDO;DAGOSTINO SERGIO OSMAR;MR01;15/12/2026;15/5/2026;10150311;10;1;15/5/2026;15/5/2026;C25;4500128313;10;0378;1;MPITTIA;21/5/2026;15/12/2026;C25;1;3/6/2026;;;;;;;;;;04 Cert a Demanda;En curso - Total recepcionado;;C25
00378 YPF – Oleoducto Cnel. Pringle;1000088496;20;ZPAN;04-RECARGA DE MATAFU;;0;;;;GPUJOL;1022295;RECARGA DE MATAFUEGO 5KG;5;5;5;0;0;5000175576;3/6/2026;Servicios;CUMPLIDO;DAGOSTINO SERGIO OSMAR;MR01;15/12/2026;15/5/2026;10150311;20;1;15/5/2026;15/5/2026;C25;4500128313;20;0378;1;MPITTIA;21/5/2026;15/12/2026;C25;1;3/6/2026;;;;;;;;;;04 Cert a Demanda;En curso - Total recepcionado;;C25
00378 YPF – Oleoducto Cnel. Pringle;1000089906;10;ZPAN;02-SERVICIO DE VIAND;;0;;;;GPUJOL;1013121;VIANDA ALMUERZO XUN;9000;4172;9000;0;4828;5000191513;3/10/2026;Servicios;CUMPLIDO PARCIAL;COLONNA OMAR RODOLFO;MR01;15/2/2027;9/6/2026;10152066;10;1;9/6/2026;26/6/2026;C25;4500131564;10;0378;2;MPITTIA;29/6/2026;15/2/2027;C25;6;3/10/2026;;;;;;;;;;02 Cert Quincenal;En curso;Verde;C25
00378 YPF – Oleoducto Cnel. Pringle;1000089983;10;ZPAN;04-SERVICIO DE SUBC;;0;;;;GPUJOL;1042083;"SOLDADURA LR. CAÑO 32"" X COSTURA";1021;960;1021;0;61;5000187106;3/9/2026;Servicios;CUMPLIDO PARCIAL;CATEX SRL;MR01;15/2/2027;10/6/2026;10152157;10;1;10/6/2026;10/6/2026;C26;4500130174;10;0378;1;YCOLMAN;12/6/2026;1/9/2026;C26;7;3/9/2026;;;;;;;;;;04 Cert a Demanda;En curso;;C26
00378 YPF – Oleoducto Cnel. Pringle;1000090023;10;ZPAN;03- ALQUILER DE IMPR;;0;;;;GPUJOL;1026315;ALQUILER IMPRESORA XMES;8;4;8;0;4;5000191820;6/10/2026;Servicios;CUMPLIDO PARCIAL;TECNICA Y SISTEMAS SRL;MR01;1/2/2027;10/6/2026;10152222;10;1;10/6/2026;11/6/2026;C24;4500130346;10;0378;1;MPITTIA;17/6/2026;1/2/2027;C24;4;6/10/2026;;;;;;;;;;03 Cert Mensual;En curso;Verde;C24
00378 YPF – Oleoducto Cnel. Pringle;1000090205;10;ZPAN;03-ALQ DISPENSER Y A;;0;;;;GPUJOL;1022295;SERVICIO BOTELLON DE 20 LTS XUN;2000;533;2000;0;1467;5000191652;5/10/2026;Servicios;CUMPLIDO PARCIAL;SUR AGUA TRES ARROYOS S.A.;MR01;15/2/2027;12/6/2026;10152358;10;1;12/6/2026;12/6/2026;C25;4500130611;10;0378;1;MPITTIA;18/6/2026;15/2/2027;C25;4;5/10/2026;;;;;;;;;;03 Cert Mensual;En curso;Verde;C25
00378 YPF – Oleoducto Cnel. Pringle;1000090224;10;ZPAN;03-BAÑOS PARA OBRA 3;;0;;;;GPUJOL;1046066;ALQUILER BAÑO QUIMICO X UN. X MES;60;38;60;0;22;5000191650;5/10/2026;Servicios;CUMPLIDO PARCIAL;ZIJLSTRA ALBERTO ANTONIO;MR01;15/2/2027;12/6/2026;10152367;10;1;12/6/2026;12/6/2026;C25;4500130834;10;0378;1;MPITTIA;22/6/2026;15/2/2027;C25;4;5/10/2026;;;;;;;;;;03 Cert Mensual;En curso;Verde;C25
00378 YPF – Oleoducto Cnel. Pringle;1000090224;20;ZPAN;03-BAÑOS PARA OBRA 3;;0;;;;GPUJOL;1013136;SERVICIO LIMPIEZA DESAGOTE BANO QUIMICO;72;25;72;0;47;5000191650;5/10/2026;Servicios;CUMPLIDO PARCIAL;ZIJLSTRA ALBERTO ANTONIO;MR01;15/2/2027;12/6/2026;10152367;20;1;12/6/2026;12/6/2026;C25;4500130834;20;0378;1;MPITTIA;22/6/2026;15/2/2027;C25;4;5/10/2026;;;;;;;;;;03 Cert Mensual;En curso;Verde;C25
00378 YPF – Oleoducto Cnel. Pringle;1000090252;10;ZPAN;04-SERVICIO DE GAMMA;;0;;;;GPUJOL;1035533;SERVICIO ENSAYO ULTRASONIDO PHASED ARRAY;50;50;50;0;0;5000187359;4/9/2026;Servicios;CUMPLIDO;CAEFE S.A.;MR01;30/10/2026;13/6/2026;10152438;10;1;13/6/2026;16/6/2026;C26;4500130328;10;0378;1;YCOLMAN;16/6/2026;16/11/2026;C26;2;4/9/2026;;;;;;;;;;04 Cert a Demanda;En curso - Próximo a vencer;;C26
00378 YPF – Oleoducto Cnel. Pringle;1000090252;20;ZPAN;04-SERVICIO DE GAMMA;;0;;;;GPUJOL;1013016;EQUIPO GAMMAGRAFIA EXTERNO;15;13;15;0;2;5000187359;4/9/2026;Servicios;CUMPLIDO PARCIAL;CAEFE S.A.;MR01;30/10/2026;13/6/2026;10152438;20;1;19/6/2026;19/6/2026;C26;4500130328;20;0378;1;YCOLMAN;16/6/2026;16/11/2026;C26;2;4/9/2026;;;;;;;;;;04 Cert a Demanda;En curso - Próximo a vencer;;C26
00378 YPF – Oleoducto Cnel. Pringle;1000090252;30;ZPAN;04-SERVICIO DE GAMMA;;0;;;;GPUJOL;1013018;SERVICIO LIQUIDOS PENETRANTES;25;8;25;0;17;5000191759;5/10/2026;Servicios;CUMPLIDO PARCIAL;CAEFE S.A.;MR01;30/10/2026;13/6/2026;10152438;30;1;19/6/2026;19/6/2026;C26;4500130328;30;0378;1;YCOLMAN;16/6/2026;16/11/2026;C26;1;5/10/2026;;;;;;;;;;04 Cert a Demanda;En curso - Próximo a vencer;;C26
00378 YPF – Oleoducto Cnel. Pringle;1000090252;40;ZPAN;04-SERVICIO DE GAMMA;;0;;;;GPUJOL;1035427;"PLACA GAMMA JUNTA Ø32"" SAUT";1045;60;1045;0;985;5000187359;4/9/2026;Servicios;CUMPLIDO PARCIAL;CAEFE S.A.;MR01;30/10/2026;13/6/2026;10152438;60;1;19/6/2026;19/6/2026;C26;4500130328;40;0378;1;YCOLMAN;16/6/2026;16/11/2026;C26;2;4/9/2026;;;;;;;;;;04 Cert a Demanda;En curso - Próximo a vencer;;C26
00378 YPF – Oleoducto Cnel. Pringle;1000090328;10;ZPAN;04-SERVICIO DE FUMIG;;0;;;;GPUJOL;1035446;SERVICIO DE DESRATIZACION TRES ARROYOS.;6;0;6;0;6;;;Servicios;ADJUDICADO;ARAMBERRI LUIS ALFREDO;MR01;15/1/2027;16/6/2026;10152519;10;1;16/6/2026;17/6/2026;C25;4500130966;10;0378;1;MPITTIA;23/6/2026;15/1/2027;C25;0;;;;;;;;;;;04 Cert a Demanda;En curso;;C25
00378 YPF – Oleoducto Cnel. Pringle;1000090334;10;ZPAN;PM EXAMENES TOXICOLO;;0;;;;GPUJOL;1022295;EXAMEN TOXICOLOGICO  COCAINA, MARIHUANA;30;23;30;0;7;5000179870;8/7/2026;Servicios;CUMPLIDO PARCIAL;BURON FERNANDO ANDRES;MR01;28/2/2027;16/6/2026;10152524;10;1;16/6/2026;17/6/2026;C25;4500130392;10;0378;1;MPITTIA;17/6/2026;15/8/2026;C25;4;8/7/2026;;;;;;;;;;Sin aclaración;En curso;;C25
00378 YPF – Oleoducto Cnel. Pringle;1000090339;10;ZPAN;POLIZA DE RESPONSABI;;0;;;;GPUJOL;1012957;SEGURO RESPONSABILIDAD CIVIL;1;1;1;0;0;5000179578;6/7/2026;Servicios;CUMPLIDO;SANCOR COOP. DE SEG. LTDA.;MR01;15/10/2026;16/6/2026;10152531;10;1;16/6/2026;17/6/2026;C16;4500131412;10;0378;1;JESPARZA;26/6/2026;15/10/2026;C16;1;6/7/2026;;;;;;;;;;Sin aclaración;En curso - Próximo a vencer;;C16
00378 YPF – Oleoducto Cnel. Pringle;1000090484;10;ZPAN;03-ALQUILER DE CARRE;;0;;;;GPUJOL;1033267;ALQUILER DE CARRETON X MES;2;1;2;0;1;5000187115;3/9/2026;Servicios;CUMPLIDO PARCIAL;CATEX SRL;MR01;30/10/2026;18/6/2026;10152796;10;1;18/6/2026;13/7/2026;EFO;4500132614;10;0378;1;GROSES;14/7/2026;20/8/2026;EFO;1;3/9/2026;;;;;;;;;;03 Cert Mensual;En curso - Próximo a vencer;Rojo;EFO
00378 YPF – Oleoducto Cnel. Pringle;1000090620;10;ZPAN;04-RECARGA GAS Y ALQ;;0;;;;GPUJOL;1022295;RECARGA TUBO GAS BUTANO X45KG X UN;60;30;60;0;30;5000191735;5/10/2026;Servicios;CUMPLIDO PARCIAL;FERRO MANUEL OSVALDO;MR01;20/12/2026;22/6/2026;10152971;10;1;22/6/2026;22/6/2026;C25;4500132074;10;0378;2;MPITTIA;6/7/2026;20/12/2026;C25;10;5/10/2026;;;;;;;;;;04 Cert a Demanda;En curso;;C25
00378 YPF – Oleoducto Cnel. Pringle;1000090620;20;ZPAN;04-RECARGA GAS Y ALQ;;0;;;;GPUJOL;1022295;RECARGA TUBO GAS BUTANO X10KG X UN;25;8;25;0;17;5000189272;17/9/2026;Servicios;CUMPLIDO PARCIAL;FERRO MANUEL OSVALDO;MR01;20/12/2026;22/6/2026;10152971;20;1;22/6/2026;22/6/2026;C25;4500132074;20;0378;2;MPITTIA;6/7/2026;20/12/2026;C25;3;17/9/2026;;;;;;;;;;04 Cert a Demanda;En curso;;C25
00378 YPF – Oleoducto Cnel. Pringle;1000090620;30;ZPAN;04-RECARGA GAS Y ALQ;;0;;;;GPUJOL;1022295;ALQUILER TUBO GAS BUTANO 45KG XUNXMES;48;32;48;0;16;5000191653;5/10/2026;Servicios;CUMPLIDO PARCIAL;FERRO MANUEL OSVALDO;MR01;20/12/2026;22/6/2026;10152971;30;1;22/6/2026;22/6/2026;C25;4500132074;30;0378;2;MPITTIA;6/7/2026;20/12/2026;C25;10;5/10/2026;;;;;;;;;;04 Cert a Demanda;En curso;;C25
00378 YPF – Oleoducto Cnel. Pringle;1000090620;40;ZPAN;04-RECARGA GAS Y ALQ;;0;;;;GPUJOL;1022295;ALQUILER TUBO GAS BUTANO 10KG XUNXMES;30;20;30;0;10;5000191653;5/10/2026;Servicios;CUMPLIDO PARCIAL;FERRO MANUEL OSVALDO;MR01;20/12/2026;22/6/2026;10152971;40;1;22/6/2026;22/6/2026;C25;4500132074;40;0378;2;MPITTIA;6/7/2026;20/12/2026;C25;6;5/10/2026;;;;;;;;;;04 Cert a Demanda;En curso;;C25
00378 YPF – Oleoducto Cnel. Pringle;1000091139;10;ZPAN;PEDIDO SERV INTERNET;;0;;;;JPIEDRABUENA;1025931;SERVICIO DE INTERNET X MES;9;5;9;0;4;5000191661;5/10/2026;Servicios;CUMPLIDO PARCIAL;ISP NET LA S.R.L.;MR01;31/3/2027;1/7/2026;10153707;10;1;1/7/2026;1/7/2026;C25;4500132043;10;0378;1;MPITTIA;6/7/2026;31/3/2027;C25;7;5/10/2026;;;;;;;;;;Sin aclaración;En curso;;C25
00378 YPF – Oleoducto Cnel. Pringle;1000091427;10;ZPAN;03-SERVICIO DE INTER;;0;;;;GPUJOL;1034212;SERVICIO DE INTERNET STARLINK X MES ANT1;6;4;6;0;2;5000191663;5/10/2026;Servicios;CUMPLIDO PARCIAL;JAWIT S.A.;MR01;15/1/2027;6/7/2026;10154033;10;1;6/7/2026;6/7/2026;C25;4500132163;10;0378;1;MPITTIA;7/7/2026;15/1/2027;C25;4;5/10/2026;;;;;;;;;;03 Cert Mensual;En curso;Verde;C25
00378 YPF – Oleoducto Cnel. Pringle;1000091427;20;ZPAN;03-SERVICIO DE INTER;;0;;;;GPUJOL;1034212;SERVICIO DE INTERNET STARLINK X MES ANT2;6;4;6;0;2;5000191663;5/10/2026;Servicios;CUMPLIDO PARCIAL;JAWIT S.A.;MR01;15/1/2027;6/7/2026;10154033;20;1;6/7/2026;6/7/2026;C25;4500132163;20;0378;1;MPITTIA;7/7/2026;15/1/2027;C25;4;5/10/2026;;;;;;;;;;03 Cert Mensual;En curso;Verde;C25
00378 YPF – Oleoducto Cnel. Pringle;1000091427;30;ZPAN;03-SERVICIO DE INTER;;0;;;;GPUJOL;1034212;SERVICIO DE INTERNET STARLINK X MES ANT3;6;4;6;0;2;5000191663;5/10/2026;Servicios;CUMPLIDO PARCIAL;JAWIT S.A.;MR01;15/1/2027;6/7/2026;10154033;30;1;6/7/2026;6/7/2026;C25;4500132163;30;0378;1;MPITTIA;7/7/2026;15/1/2027;C25;4;5/10/2026;;;;;;;;;;03 Cert Mensual;En curso;Verde;C25
00378 YPF – Oleoducto Cnel. Pringle;1000091427;40;ZPAN;03-SERVICIO DE INTER;;0;;;;GPUJOL;1034212;SERVICIO DE INTERNET STARLINK X MES ANT4;6;4;6;0;2;5000191663;5/10/2026;Servicios;CUMPLIDO PARCIAL;JAWIT S.A.;MR01;15/1/2027;6/7/2026;10154033;40;1;6/7/2026;6/7/2026;C25;4500132163;40;0378;1;MPITTIA;7/7/2026;15/1/2027;C25;4;5/10/2026;;;;;;;;;;03 Cert Mensual;En curso;Verde;C25
00378 YPF – Oleoducto Cnel. Pringle;1000091506;10;ZPAN;03-SERV DE ATENC PRI;;0;;;;GPUJOL;1027345;SERVICIO ATENCION PRIMARIA X MES;6;4;6;0;2;5000192107;7/10/2026;Servicios;CUMPLIDO PARCIAL;COOPERATIVA DE TRABAJO POLICOOP LIM;MR01;20/2/2027;8/7/2026;10154179;10;1;8/7/2026;8/7/2026;C25;4500132396;10;0378;1;MPITTIA;10/7/2026;20/2/2027;C25;4;7/10/2026;;;;;;;;;;03 Cert Mensual;En curso;Verde;C25
00378 YPF – Oleoducto Cnel. Pringle;1000091703;10;ZPAN;03- ALQUILER DE CONT;;0;;;;GPUJOL;1035384;ALQUILER DE CONTENEDORES RESIDUOS X UN;54;0;54;0;54;;;Servicios;ADJUDICADO;KORRONTE ACEROS 3 ARROYOS S.R.L.;MR01;20/1/2027;13/7/2026;10154529;10;1;13/7/2026;13/7/2026;C25;4500132766;10;0378;1;ALOPEZ;15/7/2026;20/1/2027;C25;0;;;;;;;;;;;03 Cert Mensual;En curso;;C25
00378 YPF – Oleoducto Cnel. Pringle;1000092199;10;ZPAN;03-BAÑOS PARA OBRA 3;;0;;;;GPUJOL;1046066;ALQUILER BAÑO QUIMICO X UN. X MES;24;12;24;0;12;5000191648;5/10/2026;Servicios;CUMPLIDO PARCIAL;ZIJLSTRA ALBERTO ANTONIO;MR01;15/2/2027;21/7/2026;10155220;10;1;21/7/2026;21/7/2026;C25;4500134396;10;0378;1;MPITTIA;3/8/2026;15/2/2027;C25;3;5/10/2026;;;;;;;;;;03 Cert Mensual;En curso;Verde;C25
00378 YPF – Oleoducto Cnel. Pringle;1000092607;10;ZPAN;Alquiler comedor de;;0;;;;JPIEDRABUENA;1058237;SERVICIO ALQ. CASILLA RODANTE 12MTS XMES;2;0,75;2;0;1,25;5000188804;11/9/2026;Servicios;CUMPLIDO PARCIAL;RENTAL MODULOS SA;MR01;14/10/2026;27/7/2026;10155819;10;1;27/7/2026;27/7/2026;C04;4500134421;10;0378;1;WVENTURINI;3/8/2026;10/10/2026;C04;1;11/9/2026;;;;;;;;;;Sin aclaración;En curso - Próximo a vencer;;C04
00378 YPF – Oleoducto Cnel. Pringle;1000092607;20;ZPAN;Alquiler comedor de;;0;;;;JPIEDRABUENA;1058237;SERVICIO ALQ. CASILLA RODANTE 12MTS XMES;2;0,8;2;0;1,2;5000188804;11/9/2026;Servicios;CUMPLIDO PARCIAL;RENTAL MODULOS SA;MR01;14/10/2026;27/7/2026;10155819;20;1;30/7/2026;30/7/2026;C04;4500134421;20;0378;1;WVENTURINI;3/8/2026;10/10/2026;C04;1;11/9/2026;;;;;;;;;;Sin aclaración;En curso - Próximo a vencer;;C04
00378 YPF – Oleoducto Cnel. Pringle;1000092607;30;ZPAN;Alquiler comedor de;;0;;;;JPIEDRABUENA;1012979;FLETE PLAYO  MT XVIAJE;1;1;1;0;0;5000188804;11/9/2026;Servicios;CUMPLIDO;RENTAL MODULOS SA;MR01;14/10/2026;27/7/2026;10155819;30;1;30/7/2026;31/7/2026;C04;4500134421;30;0378;1;WVENTURINI;3/8/2026;10/10/2026;C04;1;11/9/2026;;;;;;;;;;Sin aclaración;En curso - Próximo a vencer;;C04
00378 YPF – Oleoducto Cnel. Pringle;1000092891;10;ZPAN;Alquiler de Motobomb;;0;;;;JPIEDRABUENA;1033630;"MOTOBOMBA AUTOCEBANTES6""(200-300MM M3/H)";3;0;3;0;3;;;Servicios;ADJUDICADO;XYLEM WATER SOLUTIONS ARGENTINA S.R;MR01;20/12/2026;31/7/2026;10156284;10;1;31/7/2026;31/7/2026;C03;4500135013;10;0378;1;WVENTURINI;7/8/2026;30/10/2026;C03;0;;;;;;;;;;;Sin aclaración;En curso;;C03
00378 YPF – Oleoducto Cnel. Pringle;1000092891;20;ZPAN;Alquiler de Motobomb;;0;;;;JPIEDRABUENA;1033630;"MOTOBOMBA AUTOCEBANTES6""(200-300MM M3/H)";3;0;3;0;3;;;Servicios;ADJUDICADO;XYLEM WATER SOLUTIONS ARGENTINA S.R;MR01;20/12/2026;31/7/2026;10156284;20;1;31/7/2026;31/7/2026;C03;4500135013;20;0378;1;WVENTURINI;7/8/2026;30/10/2026;C03;0;;;;;;;;;;;Sin aclaración;En curso;;C03
00378 YPF – Oleoducto Cnel. Pringle;1000092891;30;ZPAN;Alquiler de Motobomb;;0;;;;JPIEDRABUENA;1033630;"MOTOBOMBA AUTOCEBANTES6""(200-300MM M3/H)";3;0;3;0;3;;;Servicios;ADJUDICADO;XYLEM WATER SOLUTIONS ARGENTINA S.R;MR01;20/12/2026;31/7/2026;10156284;30;1;31/7/2026;31/7/2026;C03;4500135013;30;0378;1;WVENTURINI;7/8/2026;30/10/2026;C03;0;;;;;;;;;;;Sin aclaración;En curso;;C03
00378 YPF – Oleoducto Cnel. Pringle;1000093096;10;ZPAN;03- ALQUILER DE CONT;;0;;;;GPUJOL;1035384;ALQUILER DE CONTENEDORES RESIDUOS X UN;34;6;34;0;28;5000191863;6/10/2026;Servicios;CUMPLIDO PARCIAL;OCKIER SERGIO DANIEL;MR01;15/3/2027;4/8/2026;10156523;10;1;4/8/2026;5/8/2026;C25;4500135144;10;0378;1;MPITTIA;10/8/2026;15/3/2027;C25;1;6/10/2026;;;;;;;;;;03 Cert Mensual;En curso;Verde;C25
00378 YPF – Oleoducto Cnel. Pringle;1000093096;20;ZPAN;03- ALQUILER DE CONT;;0;;;;GPUJOL;1022295;RETIRO DE CONTENEDOR X UNIDAD;34;2;34;0;32;5000191863;6/10/2026;Servicios;CUMPLIDO PARCIAL;OCKIER SERGIO DANIEL;MR01;15/3/2027;4/8/2026;10156523;20;1;4/8/2026;5/8/2026;C25;4500135144;20;0378;1;MPITTIA;10/8/2026;15/3/2027;C25;1;6/10/2026;;;;;;;;;;03 Cert Mensual;En curso;Verde;C25
00378 YPF – Oleoducto Cnel. Pringle;1000093345;10;ZPAN;04-EXAMENES TOXICOLO;;0;;;;GPUJOL;1022295;EXAMEN TOXICOLOGICO  COCAINA, MARIHUANA;40;10;40;0;30;5000191762;5/10/2026;Servicios;CUMPLIDO PARCIAL;URQUIJO LUCIANO IGNACIO;MR01;15/1/2027;8/8/2026;10156961;10;1;8/8/2026;10/8/2026;C25;4500138829;10;0378;1;MPITTIA;17/9/2026;15/1/2027;C25;1;5/10/2026;;;;;;;;;;04 Cert a Demanda;En curso;;C25
00378 YPF – Oleoducto Cnel. Pringle;1000093349;10;ZPAN;04-RECARGA DE MATAFU;;0;;;;GPUJOL;1022295;RECARGA DE MATAFUEGO 10KG;30;0;30;0;30;;;Servicios;ADJUDICADO;DE LA PENNA SEGURIDAD FENIX S.A.;MR01;15/1/2027;8/8/2026;10156964;10;1;8/8/2026;10/8/2026;C25;4500135617;10;0378;1;MPITTIA;13/8/2026;15/1/2027;C25;0;;;;;;;;;;;04 Cert a Demanda;En curso;;C25
00378 YPF – Oleoducto Cnel. Pringle;1000093349;20;ZPAN;04-RECARGA DE MATAFU;;0;;;;GPUJOL;1022295;RECARGA DE MATAFUEGO 5KG;30;0;30;0;30;;;Servicios;ADJUDICADO;DE LA PENNA SEGURIDAD FENIX S.A.;MR01;15/1/2027;8/8/2026;10156964;20;1;8/8/2026;10/8/2026;C25;4500135617;20;0378;1;MPITTIA;13/8/2026;15/1/2027;C25;0;;;;;;;;;;;04 Cert a Demanda;En curso;;C25
00378 YPF – Oleoducto Cnel. Pringle;1000093349;30;ZPAN;04-RECARGA DE MATAFU;;0;;;;GPUJOL;1013042;RECARGA DE MATAFUEGO 1KG;30;0;30;0;30;;;Servicios;ADJUDICADO;DE LA PENNA SEGURIDAD FENIX S.A.;MR01;15/1/2027;8/8/2026;10156964;30;1;8/8/2026;10/8/2026;C25;4500135617;30;0378;1;MPITTIA;13/8/2026;15/1/2027;C25;0;;;;;;;;;;;04 Cert a Demanda;En curso;;C25
00378 YPF – Oleoducto Cnel. Pringle;1000093433;10;ZPAN;Servicio de arenado;;0;;;;GPUJOL;1042089;SUBC. ARENADO Y PINTURA / REVEST. TÉRM.;25;18,5;25;0;6,5;5000191533;3/10/2026;Servicios;CUMPLIDO PARCIAL;CATEX SRL;MR01;30/10/2026;10/8/2026;10157074;10;1;10/8/2026;10/8/2026;C26;4500135942;10;0378;1;AGONZALEZ;18/8/2026;30/9/2026;C26;1;3/10/2026;;;;;;;;;;Sin aclaración;En curso - Próximo a vencer;;C26
00378 YPF – Oleoducto Cnel. Pringle;1000093907;10;ZPAN;04-SERVICIO DE FUMIG;;0;;;;GPUJOL;1035446;SERVICIO DE DESRATIZACION OBRADOR.;5;1;5;0;4;5000189557;18/9/2026;Servicios;CUMPLIDO PARCIAL;ARAMBERRI LUIS ALFREDO;MR01;20/1/2027;18/8/2026;10157795;10;1;18/8/2026;19/8/2026;C25;4500136698;10;0378;1;MPITTIA;26/8/2026;20/1/2027;C25;1;18/9/2026;;;;;;;;;;04 Cert a Demanda;En curso;;C25
00378 YPF – Oleoducto Cnel. Pringle;1000094570;10;ZPAN;REMPLAZO BATERIAS OB;;5;;;;JPIEDRABUENA;1012998;Traslado de las 24 baterías;1;0;1;0;1;;;Servicios;ADJUDICADO;G&M INFINITE ENERGY S. A.;MR01;30/10/2026;29/8/2026;10158917;10;1;29/8/2026;31/8/2026;C26;4500137291;70;0378;1;YCOLMAN;1/9/2026;18/9/2026;C26;0;;;;;;;;;;;Sin aclaración;En curso - Próximo a vencer;;C26
00378 YPF – Oleoducto Cnel. Pringle;1000094570;20;ZPAN;REMPLAZO BATERIAS OB;;5;;;;JPIEDRABUENA;1012998;Baterias con electrolito en gel de 2V-90;24;24;24;0;0;5000189308;17/9/2026;Servicios;CUMPLIDO;G&M INFINITE ENERGY S. A.;MR01;30/10/2026;29/8/2026;10158917;20;1;29/8/2026;31/8/2026;C26;4500137291;20;0378;1;YCOLMAN;1/9/2026;18/9/2026;C26;1;17/9/2026;;;;;;;;;;Sin aclaración;En curso - Próximo a vencer;;C26
00378 YPF – Oleoducto Cnel. Pringle;1000094570;30;ZPAN;REMPLAZO BATERIAS OB;;5;;;;JPIEDRABUENA;1012998;Montaje y armado del nuevo banco de bate;1;0;1;0;1;;;Servicios;ADJUDICADO;G&M INFINITE ENERGY S. A.;MR01;30/10/2026;29/8/2026;10158917;30;1;29/8/2026;31/8/2026;C26;4500137291;30;0378;1;YCOLMAN;1/9/2026;18/9/2026;C26;0;;;;;;;;;;;Sin aclaración;En curso - Próximo a vencer;;C26
00378 YPF – Oleoducto Cnel. Pringle;1000094570;40;ZPAN;REMPLAZO BATERIAS OB;;5;;;;JPIEDRABUENA;1012998;Retiro del banco actual de baterias;1;0;1;0;1;;;Servicios;ADJUDICADO;G&M INFINITE ENERGY S. A.;MR01;30/10/2026;29/8/2026;10158917;40;1;29/8/2026;31/8/2026;C26;4500137291;40;0378;1;YCOLMAN;1/9/2026;18/9/2026;C26;0;;;;;;;;;;;Sin aclaración;En curso - Próximo a vencer;;C26
00378 YPF – Oleoducto Cnel. Pringle;1000094570;50;ZPAN;REMPLAZO BATERIAS OB;;5;;;;JPIEDRABUENA;1012998;Adecuación o cambio de la estructura de;1;0;1;0;1;;;Servicios;ADJUDICADO;G&M INFINITE ENERGY S. A.;MR01;30/10/2026;29/8/2026;10158917;50;1;29/8/2026;31/8/2026;C26;4500137291;50;0378;1;YCOLMAN;1/9/2026;18/9/2026;C26;0;;;;;;;;;;;Sin aclaración;En curso - Próximo a vencer;;C26
00378 YPF – Oleoducto Cnel. Pringle;1000094570;60;ZPAN;REMPLAZO BATERIAS OB;;5;;;;JPIEDRABUENA;1012998;Configuración de los tres inversores;1;0;1;0;1;;;Servicios;ADJUDICADO;G&M INFINITE ENERGY S. A.;MR01;30/10/2026;29/8/2026;10158917;60;1;29/8/2026;31/8/2026;C26;4500137291;60;0378;1;YCOLMAN;1/9/2026;18/9/2026;C26;0;;;;;;;;;;;Sin aclaración;En curso - Próximo a vencer;;C26
00378 YPF – Oleoducto Cnel. Pringle;1000094851;10;ZPAN;EXTENSION OC OC 4500;;0;;;;JPIEDRABUENA;1035446;SERV ALQ CAMION+SEMI  12MT+OPERADOR;2;1;2;0;1;5000188340;10/9/2026;Servicios;CUMPLIDO PARCIAL;CATEX SRL;MR01;10/10/2026;3/9/2026;10159356;10;1;3/9/2026;3/9/2026;C26;4500137668;10;0378;1;YCOLMAN;4/9/2026;8/10/2026;C26;1;10/9/2026;;;;;;;;;;Sin aclaración;En curso - Próximo a vencer;;C26
00378 YPF – Oleoducto Cnel. Pringle;1000095191;10;ZPAN;EXTENSION DE SERVICI;;0;;;;JPIEDRABUENA;1035533;SERVICIO ENSAYO ULTRASONIDO PHASED ARRAY;30;30;30;0;0;5000191758;5/10/2026;Servicios;CUMPLIDO;CAEFE S.A.;MR01;28/2/2027;9/9/2026;10159838;10;1;9/9/2026;10/9/2026;C26;4500138332;10;0378;1;YCOLMAN;11/9/2026;28/2/2027;C26;2;5/10/2026;;;;;;;;;;Sin aclaración;En curso - Total recepcionado;;C26
00378 YPF – Oleoducto Cnel. Pringle;1000095261;10;ZPAN;ATENCIONES PRIMARIAS;;0;;;;JPIEDRABUENA;1022295;CONSULTA MÉDICA – URGENCIA;10;0;10;0;10;;;Servicios;ADJUDICADO;SOCIEDAD ESPAÑOLA DE SOCORROS MUTUO;MR01;28/2/2027;10/9/2026;10159970;10;1;10/9/2026;10/9/2026;C25;4500139112;10;0378;1;MPITTIA;22/9/2026;28/2/2027;C25;0;;;;;;;;;;;Sin aclaración;En curso;;C25
00378 YPF – Oleoducto Cnel. Pringle;1000095261;20;ZPAN;ATENCIONES PRIMARIAS;;0;;;;JPIEDRABUENA;1022295;RADIOGRAFÍA –;10;0;10;0;10;;;Servicios;ADJUDICADO;SOCIEDAD ESPAÑOLA DE SOCORROS MUTUO;MR01;28/2/2027;10/9/2026;10159970;20;1;10/9/2026;10/9/2026;C25;4500139112;20;0378;1;MPITTIA;22/9/2026;28/2/2027;C25;0;;;;;;;;;;;Sin aclaración;En curso;;C25
00378 YPF – Oleoducto Cnel. Pringle;1000095261;30;ZPAN;ATENCIONES PRIMARIAS;;0;;;;JPIEDRABUENA;1022295;CURACIÓN SIMPLE;10;0;10;0;10;;;Servicios;ADJUDICADO;SOCIEDAD ESPAÑOLA DE SOCORROS MUTUO;MR01;28/2/2027;10/9/2026;10159970;30;1;10/9/2026;10/9/2026;C25;4500139112;30;0378;1;MPITTIA;22/9/2026;28/2/2027;C25;0;;;;;;;;;;;Sin aclaración;En curso;;C25
00378 YPF – Oleoducto Cnel. Pringle;1000095261;40;ZPAN;ATENCIONES PRIMARIAS;;0;;;;JPIEDRABUENA;1022295;CURACIÓN QUEMADO;10;0;10;0;10;;;Servicios;ADJUDICADO;SOCIEDAD ESPAÑOLA DE SOCORROS MUTUO;MR01;28/2/2027;10/9/2026;10159970;40;1;10/9/2026;10/9/2026;C25;4500139112;40;0378;1;MPITTIA;22/9/2026;28/2/2027;C25;0;;;;;;;;;;;Sin aclaración;En curso;;C25
00378 YPF – Oleoducto Cnel. Pringle;1000095261;50;ZPAN;ATENCIONES PRIMARIAS;;0;;;;JPIEDRABUENA;1022295;APLICACIÓN;10;0;10;0;10;;;Servicios;ADJUDICADO;SOCIEDAD ESPAÑOLA DE SOCORROS MUTUO;MR01;28/2/2027;10/9/2026;10159970;50;1;10/9/2026;10/9/2026;C25;4500139112;50;0378;1;MPITTIA;22/9/2026;28/2/2027;C25;0;;;;;;;;;;;Sin aclaración;En curso;;C25
00378 YPF – Oleoducto Cnel. Pringle;1000095719;10;ZPAN;PM - LORENA CALIDAD;;0;;;;ASIGNORELLI;1026919;CALIBRACION MEDIDOR ESPESORES MITUTOYO;1;0;1;0;1;;;Servicios;ADJUDICADO;MH INSTRUMENTAC Y PESAJE SRL;MR01;15/10/2026;18/9/2026;10160624;10;1;18/9/2026;18/9/2026;C23;4500140337;10;0378;1;JESPARZA;6/10/2026;15/10/2026;C23;0;;;;;;;;;;;Sin aclaración;En curso - Próximo a vencer;;C23
00378 YPF – Oleoducto Cnel. Pringle;1000095720;10;ZPAN;EQUIP ULTRASON. TIE;;0;;;;ASIGNORELLI;1035533;SERVICIO ENSAYO ULTRASONIDO PHASED ARRAY;1;0;1;0;1;;;Servicios;ADJUDICADO;CAEFE S.A.;MR01;15/10/2026;18/9/2026;10160627;10;1;18/9/2026;18/9/2026;C26;4500139100;10;0378;1;YCOLMAN;21/9/2026;15/10/2026;C26;0;;;;;;;;;;;Sin aclaración;En curso - Próximo a vencer;;C26
00378 YPF – Oleoducto Cnel. Pringle;1000095752;10;ZPAN;ALQUILER COMPRESOR T;;0;;;;ASIGNORELLI;1033267;ALQUILER DE COMPRESOR;2;0;2;0;2;;;Servicios;ADJUDICADO;SULLAIR ARGENTINA S.A;MR01;15/12/2026;18/9/2026;10160708;10;1;18/9/2026;18/9/2026;C04;4500139495;10;0378;1;WVENTURINI;25/9/2026;15/12/2026;C04;0;;;;;;;;;;;Sin aclaración;En curso;;C04
00378 YPF – Oleoducto Cnel. Pringle;1000095752;20;ZPAN;ALQUILER COMPRESOR T;;0;;;;ASIGNORELLI;1033267;ALQUILER DE COMPRESOR;2;0;2;0;2;;;Servicios;ADJUDICADO;SULLAIR ARGENTINA S.A;MR01;15/12/2026;18/9/2026;10160708;20;1;18/9/2026;18/9/2026;C04;4500139495;20;0378;1;WVENTURINI;25/9/2026;15/12/2026;C04;0;;;;;;;;;;;Sin aclaración;En curso;;C04
00378 YPF – Oleoducto Cnel. Pringle;1000095752;30;ZPAN;ALQUILER COMPRESOR T;;0;;;;ASIGNORELLI;1033267;ALQUILER DE COMPRESOR;2;0;2;0;2;;;Servicios;ADJUDICADO;ELEKTROGEN DE ARGENTINA SA;MR01;15/12/2026;18/9/2026;10160708;30;1;18/9/2026;18/9/2026;C04;4500139622;10;0378;1;WVENTURINI;28/9/2026;15/12/2026;C04;0;;;;;;;;;;;Sin aclaración;En curso;;C04
00378 YPF – Oleoducto Cnel. Pringle;1000095908;10;ZPAN;RSV OB378 SERVICIO T;;0;;;;GPUJOL;1022295;SERVICIO DE ASISTENCIA;760;760;760;0;0;5000192106;7/10/2026;Servicios;CUMPLIDO;AC SAT S.R.L.;MR01;20/10/2026;22/9/2026;10160916;10;1;22/9/2026;22/9/2026;C25;4500139301;10;0378;1;MPITTIA;23/9/2026;20/10/2026;C25;1;7/10/2026;;;;;;;;;;Sin aclaración;En curso - Próximo a vencer;;C25
00378 YPF – Oleoducto Cnel. Pringle;1000095908;20;ZPAN;RSV OB378 SERVICIO T;;0;;;;GPUJOL;1013024;VIATICOS;2;2;2;0;0;5000192106;7/10/2026;Servicios;CUMPLIDO;AC SAT S.R.L.;MR01;20/10/2026;22/9/2026;10160916;20;1;22/9/2026;22/9/2026;C25;4500139301;20;0378;1;MPITTIA;23/9/2026;20/10/2026;C25;1;7/10/2026;;;;;;;;;;Sin aclaración;En curso - Próximo a vencer;;C25
00378 YPF – Oleoducto Cnel. Pringle;1000096045;10;ZPAN;03-SERVICIO AGUA EN;;0;;;;GPUJOL;1022295;SERVICIO BOTELLON DE 20 LTS XUN;800;0;800;0;800;;;Servicios;ADJUDICADO;ZORRILLA HNOS S.R.L.;MR01;20/1/2027;24/9/2026;10161114;10;1;24/9/2026;25/9/2026;C25;4500140250;10;0378;1;MPITTIA;6/10/2026;20/1/2027;C25;0;;;;;;;;;;;03 Cert Mensual;En curso;;C25
00378 YPF – Oleoducto Cnel. Pringle;1000096213;10;ZPAN;SERVICIO DE AMBULANC;;2;;;;JPIEDRABUENA;1013126;SS AMBULANCIA BAJA COMPLEJIDAD XDIA;2;0;2;0;2;;;Servicios;ADJUDICADO;COOPERATIVA DE TRABAJO POLICOOP LIM;MR01;19/10/2026;28/9/2026;10161349;10;1;28/9/2026;29/9/2026;C25;4500140232;10;0378;1;MPITTIA;5/10/2026;19/10/2026;C25;0;;;;;;;;;;;Sin aclaración;En curso - Próximo a vencer;;C25
00378 YPF – Oleoducto Cnel. Pringle;1000096213;20;ZPAN;SERVICIO DE AMBULANC;;2;;;;JPIEDRABUENA;1013126;SS AMBULANCIA BAJA COMPLEJIDAD XDIA;2;0;2;0;2;;;Servicios;ADJUDICADO;COOPERATIVA DE TRABAJO POLICOOP LIM;MR01;19/10/2026;28/9/2026;10161349;20;1;28/9/2026;29/9/2026;C25;4500140232;20;0378;1;MPITTIA;5/10/2026;19/10/2026;C25;0;;;;;;;;;;;Sin aclaración;En curso - Próximo a vencer;;C25
00378 YPF – Oleoducto Cnel. Pringle;1000096218;10;ZPAN;SERVICIO DE  BOMBERO;;2;;;;JPIEDRABUENA;1022294;SERV.BOMBEROS AUTOBOMBA  + DOTACION;2;0;0;2;0;;;Servicios;SIN TRATAMIENTO;;MR01;19/10/2026;28/9/2026;10161354;10;1;28/9/2026;29/9/2026;C25;;0;;0;;;;;0;;;;;;;;;;;Sin aclaración;En curso - Próximo a vencer;;C25
00378 YPF – Oleoducto Cnel. Pringle;1000096218;20;ZPAN;SERVICIO DE  BOMBERO;;2;;;;JPIEDRABUENA;1022294;SERV.BOMBEROS AUTOBOMBA  + DOTACION;2;0;0;2;0;;;Servicios;SIN TRATAMIENTO;;MR01;19/10/2026;28/9/2026;10161354;20;1;28/9/2026;29/9/2026;C25;;0;;0;;;;;0;;;;;;;;;;;Sin aclaración;En curso - Próximo a vencer;;C25
00378 YPF – Oleoducto Cnel. Pringle;1000096222;10;ZPAN;REGULARIZACION TRABA;;0;;;;GPUJOL;1022295;TORNEADO DE NIPLES;1;1;1;0;0;5000191683;5/10/2026;Servicios;CUMPLIDO;GUGLIELMETTI AMERICO ANTONIO Y GUGL;MR01;19/10/2026;28/9/2026;10161358;10;1;28/9/2026;29/9/2026;378;4500139981;10;0378;1;FGARCIA;1/10/2026;19/10/2026;378;1;5/10/2026;;;;;;;;;;Sin aclaración;En curso - Próximo a vencer;;378
00378 YPF – Oleoducto Cnel. Pringle;1000096357;10;ZPAN;Servicio de internet;;20;;;;JPIEDRABUENA;1034212;SERVICIO DE INTERNET STARLINK ANT 5;3;0;3;0;3;;;Servicios;ADJUDICADO;JAWIT S.A.;MR01;21/1/2027;30/9/2026;10161500;10;1;30/9/2026;1/10/2026;C25;4500140452;10;0378;1;MPITTIA;8/10/2026;21/1/2027;C25;0;;;;;;;;;;;Sin aclaración;En curso;;C25
00378 YPF – Oleoducto Cnel. Pringle;1000096357;20;ZPAN;Servicio de internet;;20;;;;JPIEDRABUENA;1034212;SERVICIO DE INTERNET STARLINK ANT 6;3;0;3;0;3;;;Servicios;ADJUDICADO;JAWIT S.A.;MR01;21/1/2027;30/9/2026;10161500;20;1;30/9/2026;1/10/2026;C25;4500140452;20;0378;1;MPITTIA;8/10/2026;21/1/2027;C25;0;;;;;;;;;;;Sin aclaración;En curso;;C25
00378 YPF – Oleoducto Cnel. Pringle;1000096357;30;ZPAN;Servicio de internet;;20;;;;JPIEDRABUENA;1034212;SERVICIO DE INTERNET STARLINK ANT 7;3;0;3;0;3;;;Servicios;ADJUDICADO;JAWIT S.A.;MR01;21/1/2027;30/9/2026;10161500;30;1;30/9/2026;1/10/2026;C25;4500140452;30;0378;1;MPITTIA;8/10/2026;21/1/2027;C25;0;;;;;;;;;;;Sin aclaración;En curso;;C25
00378 YPF – Oleoducto Cnel. Pringle;1000096357;40;ZPAN;Servicio de internet;;20;;;;JPIEDRABUENA;1022295;ACTIVACION DE SERVICIO EN OBRA;3;0;3;0;3;;;Servicios;ADJUDICADO;JAWIT S.A.;MR01;21/10/2026;30/9/2026;10161500;40;1;5/10/2026;5/10/2026;C25;4500140452;40;0378;1;MPITTIA;8/10/2026;21/10/2026;C25;0;;;;;;;;;;;Sin aclaración;En curso - Próximo a vencer;;C25
00378 YPF – Oleoducto Cnel. Pringle;1000096547;10;ZPAN;SUBCONTRATO CAMION V;;2;;;;JPIEDRABUENA;1047876;SUBC. CAMIÓN VACTOR;48;0;48;0;48;;;Servicios;ADJUDICADO;CAMPANELLI S.R.L.;MR01;30/10/2026;4/10/2026;10161851;10;1;4/10/2026;5/10/2026;C26;4500140284;10;0378;1;YCOLMAN;6/10/2026;20/10/2026;C26;0;;;;;;;;;;;Sin aclaración;En curso - Próximo a vencer;;C26
00378 YPF – Oleoducto Cnel. Pringle;1000096547;20;ZPAN;SUBCONTRATO CAMION V;;2;;;;JPIEDRABUENA;1047876;SUBC. CAMIÓN VACTOR;48;0;48;0;48;;;Servicios;ADJUDICADO;CAMPANELLI S.R.L.;MR01;30/10/2026;4/10/2026;10161851;20;1;4/10/2026;5/10/2026;C26;4500140284;20;0378;1;YCOLMAN;6/10/2026;20/10/2026;C26;0;;;;;;;;;;;Sin aclaración;En curso - Próximo a vencer;;C26
00378 YPF – Oleoducto Cnel. Pringle;1000096547;30;ZPAN;SUBCONTRATO CAMION V;;2;;;;JPIEDRABUENA;1047876;SUBC. CAMIÓN VACTOR;48;0;48;0;48;;;Servicios;ADJUDICADO;CAMPANELLI S.R.L.;MR01;30/10/2026;4/10/2026;10161851;30;1;4/10/2026;5/10/2026;C26;4500140284;30;0378;1;YCOLMAN;6/10/2026;20/10/2026;C26;0;;;;;;;;;;;Sin aclaración;En curso - Próximo a vencer;;C26
00378 YPF – Oleoducto Cnel. Pringle;1000096547;40;ZPAN;SUBCONTRATO CAMION V;;2;;;;JPIEDRABUENA;1047876;SUBC. CAMIÓN VACTOR;48;0;48;0;48;;;Servicios;ADJUDICADO;CAMPANELLI S.R.L.;MR01;30/10/2026;4/10/2026;10161851;40;1;4/10/2026;5/10/2026;C26;4500140284;40;0378;1;YCOLMAN;6/10/2026;20/10/2026;C26;0;;;;;;;;;;;Sin aclaración;En curso - Próximo a vencer;;C26
00378 YPF – Oleoducto Cnel. Pringle;1000096547;50;ZPAN;SUBCONTRATO CAMION V;;2;;;;JPIEDRABUENA;1042097;Viaje disposición final a La Plata;1;0;1;0;1;;;Servicios;ADJUDICADO;CAMPANELLI S.R.L.;MR01;30/10/2026;4/10/2026;10161851;50;1;4/10/2026;5/10/2026;C26;4500140284;50;0378;1;YCOLMAN;6/10/2026;20/10/2026;C26;0;;;;;;;;;;;Sin aclaración;En curso - Próximo a vencer;;C26
00378 YPF – Oleoducto Cnel. Pringle;1000096547;60;ZPAN;SUBCONTRATO CAMION V;;2;;;;JPIEDRABUENA;1042097;Viaje disposición final a La Plata;1;0;1;0;1;;;Servicios;ADJUDICADO;CAMPANELLI S.R.L.;MR01;30/10/2026;4/10/2026;10161851;60;1;4/10/2026;5/10/2026;C26;4500140284;60;0378;1;YCOLMAN;6/10/2026;20/10/2026;C26;0;;;;;;;;;;;Sin aclaración;En curso - Próximo a vencer;;C26
00378 YPF – Oleoducto Cnel. Pringle;1000096547;70;ZPAN;SUBCONTRATO CAMION V;;2;;;;JPIEDRABUENA;1042097;Desgasificado/Lavado interior de cistern;2;0;0;2;0;;;Servicios;SIN TRATAMIENTO;;MR01;30/10/2026;4/10/2026;10161851;70;1;4/10/2026;5/10/2026;C26;;0;;0;;;;;0;;;;;;;;;;;Sin aclaración;En curso - Próximo a vencer;;C26
00378 YPF – Oleoducto Cnel. Pringle;1000096572;10;ZPAN;REGULARIZAR SEREVICI;;0;;;;GPUJOL;1022295;AGRANDAR DAIMETRO DISCO SELLO;5;5;5;0;0;5000191788;5/10/2026;Servicios;CUMPLIDO;GUGLIELMETTI AMERICO ANTONIO Y GUGL;MR01;20/10/2026;5/10/2026;10161895;10;1;5/10/2026;5/10/2026;378;4500140210;10;0378;1;FGARCIA;5/10/2026;20/10/2026;378;1;5/10/2026;;;;;;;;;;Sin aclaración;En curso - Próximo a vencer;;378
00378 YPF – Oleoducto Cnel. Pringle;1000096572;20;ZPAN;REGULARIZAR SEREVICI;;0;;;;GPUJOL;1022295;AGREGAR AGUJEROS;2;2;2;0;0;5000191788;5/10/2026;Servicios;CUMPLIDO;GUGLIELMETTI AMERICO ANTONIO Y GUGL;MR01;20/10/2026;5/10/2026;10161895;20;1;5/10/2026;5/10/2026;378;4500140210;20;0378;1;FGARCIA;5/10/2026;20/10/2026;378;1;5/10/2026;;;;;;;;;;Sin aclaración;En curso - Próximo a vencer;;378
00378 YPF – Oleoducto Cnel. Pringle;1000096572;30;ZPAN;REGULARIZAR SEREVICI;;0;;;;GPUJOL;1022295;AGRANDAR DIAMETRO COPA;1;1;1;0;0;5000191788;5/10/2026;Servicios;CUMPLIDO;GUGLIELMETTI AMERICO ANTONIO Y GUGL;MR01;20/10/2026;5/10/2026;10161895;30;1;5/10/2026;5/10/2026;378;4500140210;30;0378;1;FGARCIA;5/10/2026;20/10/2026;378;1;5/10/2026;;;;;;;;;;Sin aclaración;En curso - Próximo a vencer;;378
00378 YPF – Oleoducto Cnel. Pringle;1000096656;10;ZPAN;EXCEDENTE COPIAS TEC;;0;;;;GPUJOL;1026181;COPIAS COLOR;3449;0;0;3449;0;;;Servicios;SIN TRATAMIENTO;;MR01;27/10/2026;6/10/2026;10162006;10;1;6/10/2026;6/10/2026;C25;;0;;0;;;;;0;;;;;;;;;;;Sin aclaración;En curso - Próximo a vencer;;C25
00378 YPF – Oleoducto Cnel. Pringle;1000096675;10;ZPAN;REGULARIZAR FCA 8799;;0;;;;GPUJOL;1026181;COPIAS EXCEDENTES COLOR;2947;0;0;2947;0;;;Servicios;SIN TRATAMIENTO;;MR01;27/10/2026;6/10/2026;10162044;10;1;6/10/2026;6/10/2026;C25;;0;;0;;;;;0;;;;;;;;;;;Sin aclaración;En curso - Próximo a vencer;;C25
00378 YPF – Oleoducto Cnel. Pringle;1000096676;10;ZPAN;REGULARIZAR FCA 8828;;0;;;;GPUJOL;1022295;LOCACION DE IMPRESORA DEVUELTA;19;0;0;19;0;;;Servicios;SIN TRATAMIENTO;;MR01;27/10/2026;6/10/2026;10162045;10;1;6/10/2026;6/10/2026;C25;;0;;0;;;;;0;;;;;;;;;;;Sin aclaración;En curso - Próximo a vencer;;C25
00378 YPF – Oleoducto Cnel. Pringle;1000096680;10;ZPAN;REGULARIZAR FCA 8845;;0;;;;GPUJOL;1022295;LOCACION EQUIPO;1;0;0;1;0;;;Servicios;SIN TRATAMIENTO;;MR01;27/10/2026;6/10/2026;10162049;10;1;6/10/2026;6/10/2026;C25;;0;;0;;;;;0;;;;;;;;;;;Sin aclaración;En curso - Próximo a vencer;;C25
00378 YPF – Oleoducto Cnel. Pringle;1000096680;20;ZPAN;REGULARIZAR FCA 8845;;0;;;;GPUJOL;1026181;COPIAS EXCEDENTES COLOR;2443;0;0;2443;0;;;Servicios;SIN TRATAMIENTO;;MR01;27/10/2026;6/10/2026;10162049;20;1;6/10/2026;6/10/2026;C25;;0;;0;;;;;0;;;;;;;;;;;Sin aclaración;En curso - Próximo a vencer;;C25
00378 YPF – Oleoducto Cnel. Pringle;1000096715;10;ZPAN;PRESUPUESTO SUDAMERI;;0;;;;GPUJOL;1022294;JORNADA DE INSPECCION;1;0;0;1;0;;;Servicios;SIN TRATAMIENTO;;MR01;28/10/2026;7/10/2026;10162128;10;1;7/10/2026;7/10/2026;C25;;0;;0;;;;;0;;;;;;;;;;;Sin aclaración;En curso - Próximo a vencer;;C25
00378 YPF – Oleoducto Cnel. Pringle;1000096715;20;ZPAN;PRESUPUESTO SUDAMERI;;0;;;;GPUJOL;1013021;CERTIFICACION EQUIPO TIENDE TUBO;1;0;0;1;0;;;Servicios;SIN TRATAMIENTO;;MR01;28/10/2026;7/10/2026;10162128;20;1;7/10/2026;7/10/2026;C25;;0;;0;;;;;0;;;;;;;;;;;Sin aclaración;En curso - Próximo a vencer;;C25
00378 YPF – Oleoducto Cnel. Pringle;1000096715;30;ZPAN;PRESUPUESTO SUDAMERI;;0;;;;GPUJOL;1016081;CERTIFICACION OPERADOR OBRA;4;0;0;4;0;;;Servicios;SIN TRATAMIENTO;;MR01;28/10/2026;7/10/2026;10162128;30;1;7/10/2026;7/10/2026;C25;;0;;0;;;;;0;;;;;;;;;;;Sin aclaración;En curso - Próximo a vencer;;C25
00378 YPF – Oleoducto Cnel. Pringle;1000096715;40;ZPAN;PRESUPUESTO SUDAMERI;;0;;;;GPUJOL;1036349;CERTIFICACION GRILLETES;4;0;0;4;0;;;Servicios;SIN TRATAMIENTO;;MR01;28/10/2026;7/10/2026;10162128;40;1;7/10/2026;7/10/2026;C25;;0;;0;;;;;0;;;;;;;;;;;Sin aclaración;En curso - Próximo a vencer;;C25
00378 YPF – Oleoducto Cnel. Pringle;1000096715;60;ZPAN;PRESUPUESTO SUDAMERI;;0;;;;GPUJOL;1013024;VIATICOS;1;0;0;1;0;;;Servicios;SIN TRATAMIENTO;;MR01;28/10/2026;7/10/2026;10162128;60;1;7/10/2026;7/10/2026;C25;;0;;0;;;;;0;;;;;;;;;;;Sin aclaración;En curso - Próximo a vencer;;C25
00378 YPF – Oleoducto Cnel. Pringle;1000096752;10;ZPAN;ALQUILER DE ANDAMIOS;;20;;;;JPIEDRABUENA;1035542;ALQUILER DE ANDAMIO X MES;1;0;0;1;0;;;Servicios;SIN TRATAMIENTO;;MR01;29/10/2026;8/10/2026;10162192;10;1;8/10/2026;8/10/2026;C26;;0;;0;;;;;0;;;;;;;;;;;Sin aclaración;En curso - Próximo a vencer;;C26
00378 YPF – Oleoducto Cnel. Pringle;1000096752;20;ZPAN;ALQUILER DE ANDAMIOS;;20;;;;JPIEDRABUENA;1035542;ALQUILER DE ANDAMIO X MES;1;0;0;1;0;;;Servicios;SIN TRATAMIENTO;;MR01;29/10/2026;8/10/2026;10162192;20;1;8/10/2026;8/10/2026;C26;;0;;0;;;;;0;;;;;;;;;;;Sin aclaración;En curso - Próximo a vencer;;C26
00378 YPF – Oleoducto Cnel. Pringle;1000096752;30;ZPAN;ALQUILER DE ANDAMIOS;;20;;;;JPIEDRABUENA;1035542;ALQUILER DE ANDAMIO X MES;1;0;0;1;0;;;Servicios;SIN TRATAMIENTO;;MR01;29/10/2026;8/10/2026;10162192;30;1;8/10/2026;8/10/2026;C26;;0;;0;;;;;0;;;;;;;;;;;Sin aclaración;En curso - Próximo a vencer;;C26
00378 YPF – Oleoducto Cnel. Pringle;1000096752;40;ZPAN;ALQUILER DE ANDAMIOS;;20;;;;JPIEDRABUENA;1035542;ALQUILER DE ANDAMIO X MES;1;0;0;1;0;;;Servicios;SIN TRATAMIENTO;;MR01;29/10/2026;8/10/2026;10162192;40;1;8/10/2026;8/10/2026;C26;;0;;0;;;;;0;;;;;;;;;;;Sin aclaración;En curso - Próximo a vencer;;C26
00378 YPF – Oleoducto Cnel. Pringle;1000096766;10;ZPAN;REGULARIZACION DE SE;;0;;;;GPUJOL;1022295;SERVICIO DE TOMA DE MUESTRA EN OBRA;1;0;0;1;0;;;Servicios;SIN TRATAMIENTO;;MR01;29/10/2026;8/10/2026;10162212;10;1;8/10/2026;8/10/2026;C25;;0;;0;;;;;0;;;;;;;;;;;Sin aclaración;En curso - Próximo a vencer;;C25
00379 – VELADERO FASE 8C;1000091554;20;ZPAN;O2 PARA ALISTAMIENTO;;0;;;;ERUARTE;1022295;RECARGA OXIGENO MEDICINAL m3;76;62;76;0;14;5000184230;12/8/2026;Servicios;CUMPLIDO PARCIAL;LA PLATENSE SA;MM01;31/5/2027;8/7/2026;10154235;20;1;8/7/2026;14/7/2026;C25;4500133158;10;0379;1;MPITTIA;20/7/2026;29/5/2027;C25;1;12/8/2026;;;;;;;;;;Sin aclaración;En curso;;C25
00379 – VELADERO FASE 8C;1000091791;10;ZPAN;EPO INICIALES;;0;;;;GORIHUELA;1022295;EPO PROTOCOLO VELADERO X UN;50;50;50;0;0;5000185687;24/8/2026;Servicios;CUMPLIDO;REHABILITAR SAN JUAN SRL;MM01;31/12/2026;14/7/2026;10154688;30;1;14/7/2026;14/7/2026;C25;4500132828;10;0379;1;AGONZALEZ;15/7/2026;31/12/2026;C25;1;24/8/2026;;;;;;;;;;Sin aclaración;En curso - Total recepcionado;;C25
00379 – VELADERO FASE 8C;1000091791;20;ZPAN;EPO INICIALES;;0;;;;GORIHUELA;1022295;EPO PROTOCOLO VELADERO X UN;50;42;50;0;8;5000190895;29/9/2026;Servicios;CUMPLIDO PARCIAL;ESTANDAR CO SRL;MM01;31/12/2026;14/7/2026;10154688;40;1;14/7/2026;14/7/2026;C25;4500133052;10;0379;1;AGONZALEZ;17/7/2026;31/12/2026;C25;1;29/9/2026;;;;;;;;;;Sin aclaración;En curso;;C25
00379 – VELADERO FASE 8C;1000092294;10;ZPAN;PI 4000006961;;0;;;;GORIHUELA;1022295;RECARGA OXIGENO MEDICINAL 0.5 M3;500;0;500;0;500;;;Servicios;ADJUDICADO;LA PLATENSE SA;MM01;30/4/2027;22/7/2026;10155369;10;1;22/7/2026;22/7/2026;C25;4500134040;10;0379;1;MPITTIA;29/7/2026;30/4/2027;C25;0;;;;;;;;;;;Sin aclaración;En curso;;C25
00379 – VELADERO FASE 8C;1000092294;20;ZPAN;PI 4000006961;;0;;;;GORIHUELA;1022295;RECARGA OXIGENO INDUSTRIAL X M3;200;0;200;0;200;;;Servicios;ADJUDICADO;LA PLATENSE SA;MM01;30/4/2027;22/7/2026;10155369;20;1;22/7/2026;22/7/2026;C25;4500134040;20;0379;1;MPITTIA;29/7/2026;30/4/2027;C25;0;;;;;;;;;;;Sin aclaración;En curso;;C25
00379 – VELADERO FASE 8C;1000092294;30;ZPAN;PI 4000006961;;0;;;;GORIHUELA;1022295;RECARGA ACETILENO INDUSTRIAL X M3;100;0;100;0;100;;;Servicios;ADJUDICADO;LA PLATENSE SA;MM01;30/4/2027;22/7/2026;10155369;30;1;22/7/2026;22/7/2026;C25;4500134040;30;0379;1;MPITTIA;29/7/2026;30/4/2027;C25;0;;;;;;;;;;;Sin aclaración;En curso;;C25
00379 – VELADERO FASE 8C;1000092294;40;ZPAN;PI 4000006961;;0;;;;GORIHUELA;1022295;RECARGA CO2 X KG;240;0;240;0;240;;;Servicios;ADJUDICADO;LA PLATENSE SA;MM01;30/4/2027;22/7/2026;10155369;40;1;22/7/2026;22/7/2026;C25;4500134040;40;0379;1;MPITTIA;29/7/2026;30/4/2027;C25;0;;;;;;;;;;;Sin aclaración;En curso;;C25
00379 – VELADERO FASE 8C;1000092294;50;ZPAN;PI 4000006961;;0;;;;GORIHUELA;1022295;MANOMETRO PARA OXIGENO CON MASCARILLA;50;0;50;0;50;;;Servicios;ADJUDICADO;LA PLATENSE SA;MM01;30/4/2027;22/7/2026;10155369;50;1;22/7/2026;22/7/2026;C25;4500134040;50;0379;1;MPITTIA;29/7/2026;30/4/2027;C25;0;;;;;;;;;;;Sin aclaración;En curso;;C25
00379 – VELADERO FASE 8C;1000092294;60;ZPAN;PI 4000006961;;0;;;;GORIHUELA;1022295;REGULADOR MANOMETRO O2 C/MASCARILLA;50;0;50;0;50;;;Servicios;ADJUDICADO;LA PLATENSE SA;MM01;30/4/2027;22/7/2026;10155369;60;1;22/7/2026;22/7/2026;C25;4500134040;60;0379;1;MPITTIA;29/7/2026;30/4/2027;C25;0;;;;;;;;;;;Sin aclaración;En curso;;C25
00379 – VELADERO FASE 8C;1000092366;10;ZPAN;PI 4000006960;;0;;;;GORIHUELA;1022295;RECARGA DE MATAFUEGO 1KG ABC;10;0;10;0;10;;;Servicios;ADJUDICADO;UNSERE SAS;MM01;30/4/2027;23/7/2026;10155445;10;1;23/7/2026;23/7/2026;C25;4500137064;10;0379;2;MPITTIA;31/8/2026;30/4/2027;C25;0;;;;;;;;;;;Sin aclaración;En curso;;C25
00379 – VELADERO FASE 8C;1000092366;20;ZPAN;PI 4000006960;;0;;;;GORIHUELA;1022295;RECARGA DE MATAFUEGO 5KG ABC;100;100;100;0;0;5000189078;16/9/2026;Servicios;CUMPLIDO;UNSERE SAS;MM01;30/4/2027;23/7/2026;10155445;20;1;23/7/2026;23/7/2026;C25;4500137064;20;0379;2;MPITTIA;31/8/2026;30/4/2027;C25;5;16/9/2026;;;;;;;;;;Sin aclaración;En curso - Total recepcionado;;C25
00379 – VELADERO FASE 8C;1000092366;30;ZPAN;PI 4000006960;;0;;;;GORIHUELA;1022295;RECARGA DE MATAFUEGO 10KG ABC;250;88;250;0;162;5000188746;14/9/2026;Servicios;CUMPLIDO PARCIAL;UNSERE SAS;MM01;30/4/2027;23/7/2026;10155445;30;1;23/7/2026;23/7/2026;C25;4500137064;30;0379;2;MPITTIA;31/8/2026;30/4/2027;C25;4;14/9/2026;;;;;;;;;;Sin aclaración;En curso;;C25
00379 – VELADERO FASE 8C;1000092366;40;ZPAN;PI 4000006960;;0;;;;GORIHUELA;1022295;MANOMETRO CON SELLO IRAM DE 14KG/CM2;100;5;100;0;95;5000190916;29/9/2026;Servicios;CUMPLIDO PARCIAL;UNSERE SAS;MM01;30/4/2027;23/7/2026;10155445;40;1;23/7/2026;23/7/2026;C25;4500137064;40;0379;2;MPITTIA;31/8/2026;30/4/2027;C25;3;29/9/2026;;;;;;;;;;Sin aclaración;En curso;;C25
00379 – VELADERO FASE 8C;1000092366;50;ZPAN;PI 4000006960;;0;;;;GORIHUELA;1022295;PINTURA EXTINTORES MANUALES;100;0;100;0;100;;;Servicios;ADJUDICADO;UNSERE SAS;MM01;30/4/2027;23/7/2026;10155445;50;1;23/7/2026;23/7/2026;C25;4500137064;50;0379;2;MPITTIA;31/8/2026;30/4/2027;C25;0;;;;;;;;;;;Sin aclaración;En curso;;C25
00379 – VELADERO FASE 8C;1000092366;60;ZPAN;PI 4000006960;;0;;;;GORIHUELA;1022295;MANGUERAS PARA EXTINTORES ABC MANUALES;100;3;100;0;97;5000187317;4/9/2026;Servicios;CUMPLIDO PARCIAL;UNSERE SAS;MM01;30/4/2027;23/7/2026;10155445;60;1;23/7/2026;23/7/2026;C25;4500137064;60;0379;2;MPITTIA;31/8/2026;30/4/2027;C25;2;4/9/2026;;;;;;;;;;Sin aclaración;En curso;;C25
00379 – VELADERO FASE 8C;1000092366;70;ZPAN;PI 4000006960;;0;;;;GORIHUELA;1022295;KILOS DE POLVO QUIMICO ABC;600;126,3;600;0;473,7;5000190916;29/9/2026;Servicios;CUMPLIDO PARCIAL;UNSERE SAS;MM01;30/4/2027;23/7/2026;10155445;70;1;23/7/2026;23/7/2026;C25;4500137064;70;0379;2;MPITTIA;31/8/2026;30/4/2027;C25;6;29/9/2026;;;;;;;;;;Sin aclaración;En curso;;C25
00379 – VELADERO FASE 8C;1000092366;80;ZPAN;PI 4000006960;;0;;;;GORIHUELA;1022295;VIAJE A SJ-VELADERO HASTA 15 MATAFUEGOS;20;0;20;0;20;;;Servicios;ADJUDICADO;UNSERE SAS;MM01;30/4/2027;23/7/2026;10155445;80;1;23/7/2026;23/7/2026;C25;4500137064;80;0379;2;MPITTIA;31/8/2026;30/4/2027;C25;0;;;;;;;;;;;Sin aclaración;En curso;;C25
00379 – VELADERO FASE 8C;1000092369;10;ZPAN;PI 4000006991;;0;;;;GORIHUELA;1022295;INTERNET 3TB X MES;9;0;9;0;9;;;Servicios;ADJUDICADO;JAWIT S.A.;MM01;30/4/2027;23/7/2026;10155447;10;1;23/7/2026;23/7/2026;C25;4500134262;10;0379;1;MPITTIA;30/7/2026;30/4/2027;C25;0;;;;;;;;;;;Sin aclaración;En curso;;C25
00379 – VELADERO FASE 8C;1000092390;10;ZPAN;CAMARA DASHCAM;;0;;;;GORIHUELA;1022295;Camara Orbcomm FM6510 V x UN;34;25;34;0;9;5000190021;22/9/2026;Servicios;CUMPLIDO PARCIAL;AC SAT S.R.L.;MM01;31/1/2027;23/7/2026;10155472;10;1;23/7/2026;23/7/2026;C25;4500133844;10;0379;1;MPITTIA;27/7/2026;31/1/2027;C25;2;22/9/2026;;;;;;;;;;Sin aclaración;En curso;;C25
00379 – VELADERO FASE 8C;1000092390;20;ZPAN;CAMARA DASHCAM;;0;;;;GORIHUELA;1022295;Software RSV - Montaje Camara X UN;35;27;35;0;8;5000190623;28/9/2026;Servicios;CUMPLIDO PARCIAL;AC SAT S.R.L.;MM01;31/1/2027;23/7/2026;10155472;20;1;23/7/2026;23/7/2026;C25;4500133844;20;0379;1;MPITTIA;27/7/2026;31/1/2027;C25;4;28/9/2026;;;;;;;;;;Sin aclaración;En curso;;C25
00379 – VELADERO FASE 8C;1000092390;30;ZPAN;CAMARA DASHCAM;;0;;;;GORIHUELA;1022295;Software RSV - Abono Mensual X UN X MES;864;50;864;0;814;5000191028;30/9/2026;Servicios;CUMPLIDO PARCIAL;AC SAT S.R.L.;MM01;30/9/2028;23/7/2026;10155472;30;1;23/7/2026;23/7/2026;C25;4500133844;30;0379;1;MPITTIA;27/7/2026;30/9/2028;C25;2;30/9/2026;;;;;;;;;;Sin aclaración;En curso;;C25
00379 – VELADERO FASE 8C;1000092663;10;ZPAN;SS NUBI;;0;;;;GORIHUELA;1022295;SS DE RECARGA VIRTUAL;2000000;35432,15;2000000;0;1964567,85;5000185703;24/8/2026;Servicios;CUMPLIDO PARCIAL;NUBI S.A.;MM01;31/5/2027;28/7/2026;10155934;10;1;28/7/2026;28/7/2026;C25;4500134501;10;0379;1;MPITTIA;3/8/2026;31/5/2027;C25;1;24/8/2026;;;;;;;;;;Sin aclaración;En curso;;C25
00379 – VELADERO FASE 8C;1000092686;10;ZPAN;PI 4000006992;;0;;;;GORIHUELA;1022295;SS DOSIMETRIA SERGIO RIVERA;8;0;8;0;8;;;Servicios;ADJUDICADO;FUNDACION ESCUELA DE MEDICINA NUCLE;MM01;10/5/2027;28/7/2026;10155957;10;1;28/7/2026;28/7/2026;C25;4500134056;10;0379;1;MPITTIA;29/7/2026;10/5/2027;C25;0;;;;;;;;;;;Sin aclaración;En curso;;C25
00379 – VELADERO FASE 8C;1000092686;20;ZPAN;PI 4000006992;;0;;;;GORIHUELA;1022295;SS DOSIMETRIA MARTIN MANRIQUE;8;0;8;0;8;;;Servicios;ADJUDICADO;FUNDACION ESCUELA DE MEDICINA NUCLE;MM01;10/5/2027;28/7/2026;10155957;20;1;28/7/2026;28/7/2026;C25;4500134056;20;0379;1;MPITTIA;29/7/2026;10/5/2027;C25;0;;;;;;;;;;;Sin aclaración;En curso;;C25
00379 – VELADERO FASE 8C;1000092686;30;ZPAN;PI 4000006992;;0;;;;GORIHUELA;1022295;SS DOSIMETRIA FRANCO CASTRO;8;0;8;0;8;;;Servicios;ADJUDICADO;FUNDACION ESCUELA DE MEDICINA NUCLE;MM01;10/5/2027;28/7/2026;10155957;30;1;28/7/2026;28/7/2026;C25;4500134056;30;0379;1;MPITTIA;29/7/2026;10/5/2027;C25;0;;;;;;;;;;;Sin aclaración;En curso;;C25
00379 – VELADERO FASE 8C;1000092686;40;ZPAN;PI 4000006992;;0;;;;GORIHUELA;1022295;SS DOSIMETRIA JOSE LUIS BARRERA;8;0;8;0;8;;;Servicios;ADJUDICADO;FUNDACION ESCUELA DE MEDICINA NUCLE;MM01;10/5/2027;28/7/2026;10155957;40;1;28/7/2026;28/7/2026;C25;4500134056;40;0379;1;MPITTIA;29/7/2026;10/5/2027;C25;0;;;;;;;;;;;Sin aclaración;En curso;;C25
00379 – VELADERO FASE 8C;1000092686;50;ZPAN;PI 4000006992;;0;;;;GORIHUELA;1022295;SS DOSIMETRIA EZEQUIEL DIAZ;8;0;8;0;8;;;Servicios;ADJUDICADO;FUNDACION ESCUELA DE MEDICINA NUCLE;MM01;10/5/2027;28/7/2026;10155957;50;1;28/7/2026;28/7/2026;C25;4500134056;50;0379;1;MPITTIA;29/7/2026;10/5/2027;C25;0;;;;;;;;;;;Sin aclaración;En curso;;C25
00379 – VELADERO FASE 8C;1000092686;60;ZPAN;PI 4000006992;;0;;;;GORIHUELA;1022295;SS DOSIMETRIA JUAN PABLO MOYANO;8;0;8;0;8;;;Servicios;ADJUDICADO;FUNDACION ESCUELA DE MEDICINA NUCLE;MM01;10/5/2027;28/7/2026;10155957;60;1;28/7/2026;28/7/2026;C25;4500134056;60;0379;1;MPITTIA;29/7/2026;10/5/2027;C25;0;;;;;;;;;;;Sin aclaración;En curso;;C25
00379 – VELADERO FASE 8C;1000092686;70;ZPAN;PI 4000006992;;0;;;;GORIHUELA;1022295;SS DOSIMETRIA ANGEL MORENO;8;0;8;0;8;;;Servicios;ADJUDICADO;FUNDACION ESCUELA DE MEDICINA NUCLE;MM01;10/5/2027;28/7/2026;10155957;70;1;28/7/2026;28/7/2026;C25;4500134056;70;0379;1;MPITTIA;29/7/2026;10/5/2027;C25;0;;;;;;;;;;;Sin aclaración;En curso;;C25
00379 – VELADERO FASE 8C;1000092686;80;ZPAN;PI 4000006992;;0;;;;GORIHUELA;1022295;SS DOSIMETRIA LUIS ABREGO;8;0;8;0;8;;;Servicios;ADJUDICADO;FUNDACION ESCUELA DE MEDICINA NUCLE;MM01;10/5/2027;28/7/2026;10155957;80;1;28/7/2026;28/7/2026;C25;4500134056;80;0379;1;MPITTIA;29/7/2026;10/5/2027;C25;0;;;;;;;;;;;Sin aclaración;En curso;;C25
00379 – VELADERO FASE 8C;1000092686;90;ZPAN;PI 4000006992;;0;;;;GORIHUELA;1022295;SS DOSIMETRIA JNONATHAN VARGAS;8;0;8;0;8;;;Servicios;ADJUDICADO;FUNDACION ESCUELA DE MEDICINA NUCLE;MM01;10/5/2027;28/7/2026;10155957;90;1;28/7/2026;28/7/2026;C25;4500134056;90;0379;1;MPITTIA;29/7/2026;10/5/2027;C25;0;;;;;;;;;;;Sin aclaración;En curso;;C25
00379 – VELADERO FASE 8C;1000092686;100;ZPAN;PI 4000006992;;0;;;;GORIHUELA;1022295;SS DOSIMETRIA LEONEL SANTANA;8;0;8;0;8;;;Servicios;ADJUDICADO;FUNDACION ESCUELA DE MEDICINA NUCLE;MM01;10/5/2027;28/7/2026;10155957;100;1;28/7/2026;28/7/2026;C25;4500134056;100;0379;1;MPITTIA;29/7/2026;10/5/2027;C25;0;;;;;;;;;;;Sin aclaración;En curso;;C25
00379 – VELADERO FASE 8C;1000092700;10;ZPAN;EPO CLINICA COMUNIDA;;0;;;;GORIHUELA;1022295;EPO PROTOCOLO VELADERO XUN;250;145;250;0;105;5000189109;16/9/2026;Servicios;CUMPLIDO PARCIAL;CLINICA ARG- LA PODEROSA LGS;MM01;30/4/2027;28/7/2026;10155972;10;1;28/7/2026;28/7/2026;C25;4500134659;10;0379;1;MPITTIA;5/8/2026;30/4/2027;C25;3;16/9/2026;;;;;;;;;;Sin aclaración;En curso;;C25
00379 – VELADERO FASE 8C;1000092741;10;ZPAN;PI 4000006990;;0;;;;GORIHUELA;1022295;ALQ AUTOELEV ELECTRICO BAOLI x MES;9;1,2;9;0;7,8;5000191901;6/10/2026;Servicios;CUMPLIDO PARCIAL;M D AUTOELEVADORES Y EQUIPOS S;MM01;15/5/2027;29/7/2026;10156023;10;1;29/7/2026;29/7/2026;C04;4500134423;10;0379;1;WVENTURINI;3/8/2026;15/5/2027;C04;2;6/10/2026;;;;;;;;;;Sin aclaración;En curso;;C04
00379 – VELADERO FASE 8C;1000092773;10;ZPAN;PI 4000006967;;0;;;;GORIHUELA;1022295;POLISOMNOGRAFIA X UN;45;0;45;0;45;;;Servicios;ADJUDICADO;FULLANA MARTIN PABLO;MM01;31/12/2026;29/7/2026;10156050;10;1;29/7/2026;29/7/2026;C25;4500134801;10;0379;1;MPITTIA;6/8/2026;31/12/2026;C25;0;;;;;;;;;;;Sin aclaración;En curso;;C25
00379 – VELADERO FASE 8C;1000092773;20;ZPAN;PI 4000006967;;0;;;;GORIHUELA;1022295;POLISOMNOGRAFIA X UN;30;0;30;0;30;;;Servicios;ADJUDICADO;REHABILITAR SAN JUAN SRL;MM01;31/12/2026;29/7/2026;10156050;20;1;30/7/2026;30/7/2026;C25;4500134692;20;0379;1;MPITTIA;5/8/2026;31/12/2026;C25;0;;;;;;;;;;;Sin aclaración;En curso;;C25
00379 – VELADERO FASE 8C;1000092817;10;ZPAN;PI 4000007007;;0;;;;GORIHUELA;1022295;SERVICIO MENSUAL X USO Y MTTO. DE LA APP;8;0;8;0;8;;;Servicios;ADJUDICADO;INGEAP S.A.S.;MM01;15/5/2027;30/7/2026;10156116;10;1;30/7/2026;30/7/2026;C26;4500134286;10;0379;1;YCOLMAN;30/7/2026;15/5/2027;C26;0;;;;;;;;;;;Sin aclaración;En curso;;C26
00379 – VELADERO FASE 8C;1000092830;10;ZPAN;EPO´S SAN JUAN;;0;;;;GORIHUELA;1022295;EPO PROTOCOLO VELADERO X UN;300;128;300;0;172;5000191208;1/10/2026;Servicios;CUMPLIDO PARCIAL;REHABILITAR SAN JUAN SRL;MM01;31/12/2026;30/7/2026;10156132;10;1;30/7/2026;30/7/2026;C25;4500134449;10;0379;1;MPITTIA;3/8/2026;31/12/2026;C25;4;1/10/2026;;;;;;;;;;Sin aclaración;En curso;;C25
00379 – VELADERO FASE 8C;1000092830;20;ZPAN;EPO´S SAN JUAN;;0;;;;GORIHUELA;1022295;EPO PROTOCOLO VELADERO X UN;300;0;300;0;300;;;Servicios;ADJUDICADO;ESTANDAR CO SRL;MM01;31/12/2026;30/7/2026;10156132;20;1;30/7/2026;30/7/2026;C25;4500134884;10;0379;1;MPITTIA;6/8/2026;31/12/2026;C25;0;;;;;;;;;;;Sin aclaración;En curso;;C25
00379 – VELADERO FASE 8C;1000092843;10;ZPAN;FORMALIZACION RSV;;0;;;;GORIHUELA;1022295;KM ASITENCIA SOFTWARE MZA-SAN JUAN XKM;720;720;720;0;0;5000191151;1/10/2026;Servicios;CUMPLIDO;AC SAT S.R.L.;MM01;30/12/2026;30/7/2026;10156146;10;1;30/7/2026;30/7/2026;C25;4500134743;10;0379;1;MPITTIA;5/8/2026;30/12/2026;C25;1;1/10/2026;;;;;;;;;;Sin aclaración;En curso - Total recepcionado;;C25
00379 – VELADERO FASE 8C;1000092843;20;ZPAN;FORMALIZACION RSV;;0;;;;GORIHUELA;1022295;VIATICOS MEDIA JORNADA X UN;1;1;1;0;0;5000191151;1/10/2026;Servicios;CUMPLIDO;AC SAT S.R.L.;MM01;30/12/2026;30/7/2026;10156146;20;1;30/7/2026;30/7/2026;C25;4500134743;20;0379;1;MPITTIA;5/8/2026;30/12/2026;C25;1;1/10/2026;;;;;;;;;;Sin aclaración;En curso - Total recepcionado;;C25
00379 – VELADERO FASE 8C;1000092843;30;ZPAN;FORMALIZACION RSV;;0;;;;GORIHUELA;1022295;VIATICOS POR DIA X UN;3;3;3;0;0;5000191151;1/10/2026;Servicios;CUMPLIDO;AC SAT S.R.L.;MM01;30/12/2026;30/7/2026;10156146;30;1;30/7/2026;30/7/2026;C25;4500134743;30;0379;1;MPITTIA;5/8/2026;30/12/2026;C25;1;1/10/2026;;;;;;;;;;Sin aclaración;En curso - Total recepcionado;;C25
00379 – VELADERO FASE 8C;1000093162;10;ZPAN;PI 4000007006;;0;;;;GORIHUELA;1022295;CERTIFICACION DE EQUIPOS;25;16;25;0;9;5000187824;8/9/2026;Servicios;CUMPLIDO PARCIAL;LENOR SRL;MM01;31/12/2026;5/8/2026;10156636;10;1;5/8/2026;5/8/2026;C25;4500134818;10;0379;1;MPITTIA;6/8/2026;31/12/2026;C25;2;8/9/2026;;;;;;;;;;Sin aclaración;En curso;;C25
00379 – VELADERO FASE 8C;1000093162;20;ZPAN;PI 4000007006;;0;;;;GORIHUELA;1022295;CERTIFICACION DE OPERARIOS;50;16;50;0;34;5000187823;8/9/2026;Servicios;CUMPLIDO PARCIAL;LENOR SRL;MM01;31/12/2026;5/8/2026;10156636;20;1;5/8/2026;5/8/2026;C25;4500134818;20;0379;1;MPITTIA;6/8/2026;31/12/2026;C25;1;8/9/2026;;;;;;;;;;Sin aclaración;En curso;;C25
00379 – VELADERO FASE 8C;1000093162;30;ZPAN;PI 4000007006;;0;;;;GORIHUELA;1022295;JORNADA DE INSPECCION;10;4;10;0;6;5000187824;8/9/2026;Servicios;CUMPLIDO PARCIAL;LENOR SRL;MM01;31/12/2026;5/8/2026;10156636;30;1;5/8/2026;5/8/2026;C25;4500134818;30;0379;1;MPITTIA;6/8/2026;31/12/2026;C25;3;8/9/2026;;;;;;;;;;Sin aclaración;En curso;;C25
00379 – VELADERO FASE 8C;1000093162;40;ZPAN;PI 4000007006;;0;;;;GORIHUELA;1022295;VIATICOS POR JORANDA DE INSPECCION;10;2;10;0;8;5000185253;21/8/2026;Servicios;CUMPLIDO PARCIAL;LENOR SRL;MM01;31/12/2026;5/8/2026;10156636;40;1;5/8/2026;5/8/2026;C25;4500134818;40;0379;1;MPITTIA;6/8/2026;31/12/2026;C25;1;21/8/2026;;;;;;;;;;Sin aclaración;En curso;;C25
00379 – VELADERO FASE 8C;1000093256;10;ZPAN;PI 4000006998 TTE PE;;0;;;;GORIHUELA;1022294;TTE PERSONAL TD 12HS X 35PAX;196;0;196;0;196;;;Servicios;ADJUDICADO;SOTUR SRL;MM01;31/5/2027;6/8/2026;10156777;10;1;6/8/2026;7/8/2026;C25;4500135841;10;0379;2;MPITTIA;18/8/2026;31/5/2027;C25;0;;;;;;;;;;;Sin aclaración;En curso;;C25
00379 – VELADERO FASE 8C;1000093256;20;ZPAN;PI 4000006998 TTE PE;;0;;;;GORIHUELA;1022294;TTE PERSONAL TN 12HS X 35PAX;960;0;960;0;960;;;Servicios;ADJUDICADO;SOTUR SRL;MM01;31/5/2027;6/8/2026;10156777;20;1;6/8/2026;7/8/2026;C25;4500135841;20;0379;2;MPITTIA;18/8/2026;31/5/2027;C25;0;;;;;;;;;;;Sin aclaración;En curso;;C25
00379 – VELADERO FASE 8C;1000093256;30;ZPAN;PI 4000006998 TTE PE;;0;;4;28/8/2026;GORIHUELA;1022294;TTE PERSONAL TD 12HS X 44PAX;120;0;0;120;120;;;Servicios;RESPONDIDO;;MM01;31/5/2027;6/8/2026;10156777;30;1;6/8/2026;6/8/2026;C25;;0;;1;;;;;0;;;;;;;;;;;Sin aclaración;En curso;;C25
00379 – VELADERO FASE 8C;1000093256;40;ZPAN;PI 4000006998 TTE PE;;0;;4;28/8/2026;GORIHUELA;1022294;TTE PERSONAL TN 12HS X 44PAX;120;0;0;120;120;;;Servicios;RESPONDIDO;;MM01;31/5/2027;6/8/2026;10156777;40;1;6/8/2026;6/8/2026;C25;;0;;1;;;;;0;;;;;;;;;;;Sin aclaración;En curso;;C25
00379 – VELADERO FASE 8C;1000093436;10;ZPAN;EPO HUMANA SALUD;;0;;;;GORIHUELA;1022295;EPO PROTOCOLO VELADERO XUN;50;34;50;0;16;5000190924;29/9/2026;Servicios;CUMPLIDO PARCIAL;ALES LOPEZ MARIA SOLEDAD GEMA;MM01;30/12/2026;10/8/2026;10157077;10;1;10/8/2026;11/8/2026;C25;4500137411;10;0379;1;MPITTIA;2/9/2026;30/12/2026;C25;2;29/9/2026;;;;;;;;;;Sin aclaración;En curso;;C25
00379 – VELADERO FASE 8C;1000093538;10;ZPAN;App Mantenimiento y;;0;;;;CBAREA;1042362;APP MANTENIMIENTO Y PD MAQUINARIA;9;3;9;0;6;5000191899;6/10/2026;Servicios;CUMPLIDO PARCIAL;INGEAP S.A.S.;MM01;10/6/2027;12/8/2026;10157230;10;1;12/8/2026;12/8/2026;C26;4500135672;10;0379;1;ALOPEZ;13/8/2026;9/6/2027;C26;3;6/10/2026;;;;;;;;;;Sin aclaración;En curso;;C26
00379 – VELADERO FASE 8C;1000093556;10;ZPAN;CERTIFICACION EQUIPO;;0;;;;CBAREA;1022295;CERTIFICACION DE EQUIPOS;5;5;5;0;0;5000192176;8/10/2026;Servicios;CUMPLIDO;SUDAMERICA INSPECTION SERVICES S.R.;MM01;10/10/2026;12/8/2026;10157278;10;1;12/8/2026;12/8/2026;C25;4500135891;10;0379;1;MPITTIA;18/8/2026;10/10/2026;C25;1;8/10/2026;;;;;;;;;;Sin aclaración;En curso - Próximo a vencer;;C25
00379 – VELADERO FASE 8C;1000093556;20;ZPAN;CERTIFICACION EQUIPO;;0;;;;CBAREA;1022295;JORNADA DE INSPECCION;1;1;1;0;0;5000192176;8/10/2026;Servicios;CUMPLIDO;SUDAMERICA INSPECTION SERVICES S.R.;MM01;10/10/2026;12/8/2026;10157278;20;1;12/8/2026;12/8/2026;C25;4500135891;20;0379;1;MPITTIA;18/8/2026;10/10/2026;C25;1;8/10/2026;;;;;;;;;;Sin aclaración;En curso - Próximo a vencer;;C25
00379 – VELADERO FASE 8C;1000093556;30;ZPAN;CERTIFICACION EQUIPO;;0;;;;CBAREA;1022295;VIATICOS POR JORANDA DE INSPECCION;1;1;1;0;0;5000192176;8/10/2026;Servicios;CUMPLIDO;SUDAMERICA INSPECTION SERVICES S.R.;MM01;10/10/2026;12/8/2026;10157278;30;1;12/8/2026;12/8/2026;C25;4500135891;30;0379;1;MPITTIA;18/8/2026;10/10/2026;C25;1;8/10/2026;;;;;;;;;;Sin aclaración;En curso - Próximo a vencer;;C25
00379 – VELADERO FASE 8C;1000093675;10;ZPAN;CAPACITACION MAQ CGM;;0;;;;GORIHUELA;1022295;CAPACITACION OP EXC.;1;0;1;0;1;;;Servicios;ADJUDICADO;CGM RENTAL S. R. L.;MM01;30/11/2026;13/8/2026;10157449;10;1;13/8/2026;14/8/2026;C25;4500136187;10;0379;1;MPITTIA;20/8/2026;30/11/2026;C25;0;;;;;;;;;;;Sin aclaración;En curso;;C25
00379 – VELADERO FASE 8C;1000093675;20;ZPAN;CAPACITACION MAQ CGM;;0;;;;GORIHUELA;1022295;CAPACITACION OP TOP;1;0;1;0;1;;;Servicios;ADJUDICADO;CGM RENTAL S. R. L.;MM01;30/11/2026;13/8/2026;10157449;20;1;13/8/2026;14/8/2026;C25;4500136187;20;0379;1;MPITTIA;20/8/2026;30/11/2026;C25;0;;;;;;;;;;;Sin aclaración;En curso;;C25
00379 – VELADERO FASE 8C;1000093901;10;ZPAN;FORMALIZACION ANDDES;;0;;;;GORIHUELA;1022295;GERENCIA Y CONTROL DE PROYECTO;1;1;1;0;0;5000191815;6/10/2026;Servicios;CUMPLIDO;ANDDES ARGENTINA S.A.;MM01;31/10/2026;18/8/2026;10157789;10;1;18/8/2026;18/8/2026;C26;4500136537;10;0379;1;YCOLMAN;24/8/2026;30/10/2026;C26;1;6/10/2026;;;;;;;;;;Sin aclaración;En curso - Próximo a vencer;;C26
00379 – VELADERO FASE 8C;1000093901;20;ZPAN;FORMALIZACION ANDDES;;0;;;;GORIHUELA;1022295;DESARROLLO DE MODELO Y ANALISIS DE ESTAB;1;1;1;0;0;5000191815;6/10/2026;Servicios;CUMPLIDO;ANDDES ARGENTINA S.A.;MM01;31/10/2026;18/8/2026;10157789;20;1;18/8/2026;18/8/2026;C26;4500136537;20;0379;1;YCOLMAN;24/8/2026;30/10/2026;C26;1;6/10/2026;;;;;;;;;;Sin aclaración;En curso - Próximo a vencer;;C26
00379 – VELADERO FASE 8C;1000093901;30;ZPAN;FORMALIZACION ANDDES;;0;;;;GORIHUELA;1022295;VERIFICACION DE GEOSINTETICOS;1;1;1;0;0;5000191815;6/10/2026;Servicios;CUMPLIDO;ANDDES ARGENTINA S.A.;MM01;31/10/2026;18/8/2026;10157789;30;1;18/8/2026;18/8/2026;C26;4500136537;30;0379;1;YCOLMAN;24/8/2026;30/10/2026;C26;1;6/10/2026;;;;;;;;;;Sin aclaración;En curso - Próximo a vencer;;C26
00379 – VELADERO FASE 8C;1000093901;50;ZPAN;FORMALIZACION ANDDES;;0;;;;GORIHUELA;1022295;MEMORANDUM TECNICO FINAL;1;1;1;0;0;5000191815;6/10/2026;Servicios;CUMPLIDO;ANDDES ARGENTINA S.A.;MM01;31/10/2026;18/8/2026;10157789;50;1;18/8/2026;18/8/2026;C26;4500136537;50;0379;1;YCOLMAN;24/8/2026;30/10/2026;C26;1;6/10/2026;;;;;;;;;;Sin aclaración;En curso - Próximo a vencer;;C26
00379 – VELADERO FASE 8C;1000093901;60;ZPAN;FORMALIZACION ANDDES;;0;;;;GORIHUELA;1022295;GASTO DE PROYECTO;1;1;1;0;0;5000191815;6/10/2026;Servicios;CUMPLIDO;ANDDES ARGENTINA S.A.;MM01;31/10/2026;18/8/2026;10157789;60;1;18/8/2026;18/8/2026;C26;4500136537;60;0379;1;YCOLMAN;24/8/2026;30/10/2026;C26;1;6/10/2026;;;;;;;;;;Sin aclaración;En curso - Próximo a vencer;;C26
00379 – VELADERO FASE 8C;1000093915;10;ZPAN;PI. 4000007026 LASTR;;0;;;;CBAREA;1022295;BASE P/CONT SEGUN PLANO;52;52;52;0;0;5000192012;7/10/2026;Servicios;CUMPLIDO;HORMISERV SRL;MM01;10/10/2026;18/8/2026;10157803;10;1;18/8/2026;18/8/2026;C18;4500136242;10;0379;1;JESPARZA;20/8/2026;10/10/2026;C18;1;7/10/2026;;;;;;;;;;Sin aclaración;En curso - Próximo a vencer;;C18
00379 – VELADERO FASE 8C;1000093990;20;ZPAN;TTE mosq y semis;;0;;;;GORIHUELA;1022295;SS TTE SEMIS 14.5 MTS ROS-SAN JUAN;4;4;4;0;0;5000189177;16/9/2026;Servicios;CUMPLIDO;RIGATOSSO ESTEBAN E HIJOS S.A.;MM01;30/11/2026;19/8/2026;10157954;20;1;19/8/2026;19/8/2026;C15;4500136767;10;0379;1;GDIAZ;26/8/2026;30/11/2026;C15;4;16/9/2026;;;;;;;;;;Sin aclaración;En curso - Total recepcionado;;C15
00379 – VELADERO FASE 8C;1000094142;10;ZPAN;MANT. EXTINTORES;;0;;;;CBAREA;1022295;VÁLVULA DE DESCARGA POLVO / AGUA VP4;100;29;100;0;71;5000190909;29/9/2026;Servicios;CUMPLIDO PARCIAL;UNSERE SAS;MM01;31/5/2027;21/8/2026;10158249;10;1;21/8/2026;24/8/2026;C25;4500137061;10;0379;1;MPITTIA;31/8/2026;31/5/2027;C25;6;29/9/2026;;;;;;;;;;Sin aclaración;En curso;;C25
00379 – VELADERO FASE 8C;1000094142;20;ZPAN;MANT. EXTINTORES;;0;;;;CBAREA;1022295;PRUEBA HIDRÁULICA CILINDRO BAJA PRESIÓN;100;100;100;0;0;5000190909;29/9/2026;Servicios;CUMPLIDO;UNSERE SAS;MM01;31/5/2027;21/8/2026;10158249;20;1;21/8/2026;24/8/2026;C25;4500137061;20;0379;1;MPITTIA;31/8/2026;31/5/2027;C25;6;29/9/2026;;;;;;;;;;Sin aclaración;En curso - Total recepcionado;;C25
00379 – VELADERO FASE 8C;1000094229;10;ZPAN;SS baños quimicos ca;;0;;;;CBAREA;1022295;ALQ. BAÑO QUIMICO X UN X MES;2;0;2;0;2;;;Servicios;ADJUDICADO;GONZALEZ SANCHEZ LEONARDO ISMAEL;MM01;17/10/2026;24/8/2026;10158359;10;1;24/8/2026;24/8/2026;C25;4500137490;10;0379;1;MPITTIA;3/9/2026;17/10/2026;C25;0;;;;;;;;;;;Sin aclaración;En curso - Próximo a vencer;;C25
00379 – VELADERO FASE 8C;1000094229;20;ZPAN;SS baños quimicos ca;;0;;;;CBAREA;1022295;LIMPIEZA BAÑOS QUIMICOS X UN;64;0;64;0;64;;;Servicios;ADJUDICADO;GONZALEZ SANCHEZ LEONARDO ISMAEL;MM01;17/10/2026;24/8/2026;10158359;20;1;24/8/2026;24/8/2026;C25;4500137490;20;0379;1;MPITTIA;3/9/2026;17/10/2026;C25;0;;;;;;;;;;;Sin aclaración;En curso - Próximo a vencer;;C25
00379 – VELADERO FASE 8C;1000094301;10;ZPAN;MEDICION PUESTA TIER;;0;;;;CBAREA;1022295;MEDICION PUESTA A TIERRA PAT;1;0;1;0;1;;;Servicios;ADJUDICADO;DOÑA VICTOR DANIEL;MM01;30/11/2026;25/8/2026;10158456;10;1;25/8/2026;25/8/2026;C25;4500138990;10;0379;1;MPITTIA;21/9/2026;30/11/2026;C25;0;;;;;;;;;;;Sin aclaración;En curso;;C25
00379 – VELADERO FASE 8C;1000094305;10;ZPAN;BASES ESTANTERIAS;;0;;;;CBAREA;1022295;BASES Hº 45 x 45 x 30 cm;30;30;30;0;0;5000192014;7/10/2026;Servicios;CUMPLIDO;HORMISERV SRL;MM01;10/10/2026;25/8/2026;10158459;10;1;25/8/2026;25/8/2026;C18;4500136957;10;0379;1;JESPARZA;28/8/2026;10/10/2026;C18;1;7/10/2026;;;;;;;;;;Sin aclaración;En curso - Próximo a vencer;;C18
00379 – VELADERO FASE 8C;1000094331;10;ZPAN;4000006962 ALQ. IMPR;;0;;;;CBAREA;1022294;ALQ. IMPRESORA MULTIFUNC. B/N x DIA;270;0;270;0;270;;;Servicios;ADJUDICADO;TECNICA Y SISTEMAS SRL;MM01;31/5/2027;25/8/2026;10158497;10;1;25/8/2026;25/8/2026;C25;4500137112;10;0379;1;MPITTIA;31/8/2026;31/5/2027;C25;0;;;;;;;;;;;Sin aclaración;En curso;;C25
00379 – VELADERO FASE 8C;1000094331;20;ZPAN;4000006962 ALQ. IMPR;;0;;;;CBAREA;1022294;ALQ. IMPRESORA MULTIFUNC. COLOR X DIA;270;0;270;0;270;;;Servicios;ADJUDICADO;TECNICA Y SISTEMAS SRL;MM01;31/5/2027;25/8/2026;10158497;20;1;25/8/2026;25/8/2026;C25;4500137112;20;0379;1;MPITTIA;31/8/2026;31/5/2027;C25;0;;;;;;;;;;;Sin aclaración;En curso;;C25
00379 – VELADERO FASE 8C;1000094331;30;ZPAN;4000006962 ALQ. IMPR;;0;;;;CBAREA;1022295;COPIAS EXCEDENTES BYN X UN;20000;0;20000;0;20000;;;Servicios;ADJUDICADO;TECNICA Y SISTEMAS SRL;MM01;31/5/2027;25/8/2026;10158497;30;1;25/8/2026;25/8/2026;C25;4500137112;30;0379;1;MPITTIA;31/8/2026;31/5/2027;C25;0;;;;;;;;;;;Sin aclaración;En curso;;C25
00379 – VELADERO FASE 8C;1000094331;40;ZPAN;4000006962 ALQ. IMPR;;0;;;;CBAREA;1022295;COPIAS EXCEDENTES COLOR X UN;10000;0;10000;0;10000;;;Servicios;ADJUDICADO;TECNICA Y SISTEMAS SRL;MM01;31/5/2027;25/8/2026;10158497;40;1;25/8/2026;25/8/2026;C25;4500137112;40;0379;1;MPITTIA;31/8/2026;31/5/2027;C25;0;;;;;;;;;;;Sin aclaración;En curso;;C25
00379 – VELADERO FASE 8C;1000094433;10;ZPAN;ENSAYOS;;0;;;;CBAREA;1022295;ENSAYO ABA XUN C/MOLIENDA;3;0;3;0;3;;;Servicios;ADJUDICADO;GRUPO INDUSER SRL;MM01;31/10/2026;27/8/2026;10158719;10;1;27/8/2026;27/8/2026;C20;4500137475;10;0379;1;JPUPULIN;2/9/2026;31/10/2026;C20;0;;;;;;;;;;;Sin aclaración;En curso - Próximo a vencer;;C20
00379 – VELADERO FASE 8C;1000094433;20;ZPAN;ENSAYOS;;0;;;;CBAREA;1022295;ENSAYO NAG XUN C/MOLIENDA;3;0;3;0;3;;;Servicios;ADJUDICADO;GRUPO INDUSER SRL;MM01;31/10/2026;27/8/2026;10158719;20;1;27/8/2026;27/8/2026;C20;4500137475;20;0379;1;JPUPULIN;2/9/2026;31/10/2026;C20;0;;;;;;;;;;;Sin aclaración;En curso - Próximo a vencer;;C20
00379 – VELADERO FASE 8C;1000094437;10;ZPAN;ENSAYOS;;0;;;;CBAREA;1022295;ENSAYO PERMEABILIDAD;8;0;8;0;8;;;Servicios;ADJUDICADO;AOSA SA;MM01;16/9/2026;27/8/2026;10158726;10;1;27/8/2026;27/8/2026;C20;4500137476;10;0379;1;JPUPULIN;2/9/2026;31/10/2026;C20;0;;;;;;;;;;;Sin aclaración;Vencido con cant pendiente a recep;;C20
00379 – VELADERO FASE 8C;1000094495;10;ZPAN;FLETE PREAR;;0;;;;CBAREA;1012974;FLETE SEMIRREMOLQUE MZA/VELADERO;4;0;4;0;4;;;Servicios;ADJUDICADO;GINER SAS;MM01;15/12/2026;28/8/2026;10158782;10;1;28/8/2026;28/8/2026;C15;4500137604;10;0379;1;GDIAZ;3/9/2026;15/10/2026;C15;0;;;;;;;;;;;Sin aclaración;En curso;;C15
00379 – VELADERO FASE 8C;1000094495;20;ZPAN;FLETE PREAR;;0;;;;CBAREA;1012974;FLETE SEMIRREMOLQUE SAN JUAN/VELADERO;15;0;15;0;15;;;Servicios;ADJUDICADO;GINER SAS;MM01;15/12/2026;28/8/2026;10158782;20;1;28/8/2026;28/8/2026;C15;4500137604;20;0379;1;GDIAZ;3/9/2026;15/10/2026;C15;0;;;;;;;;;;;Sin aclaración;En curso;;C15
00379 – VELADERO FASE 8C;1000094495;30;ZPAN;FLETE PREAR;;0;;;;CBAREA;1012974;FLETE SEMIRREMOLQUE SAN JUAN/VELADERO;3;0;3;0;3;;;Servicios;ADJUDICADO;V.MASSON TRAP.CRUZ DEL SUR SA;MM01;15/12/2026;28/8/2026;10158782;30;1;28/8/2026;28/8/2026;C15;4500137608;30;0379;1;GDIAZ;3/9/2026;15/10/2026;C15;0;;;;;;;;;;;Sin aclaración;En curso;;C15
00379 – VELADERO FASE 8C;1000094495;40;ZPAN;FLETE PREAR;;0;;;;CBAREA;1012974;FLETE SEMIRREMOLQUE SAN JUAN/VELADERO;2;0;2;0;2;;;Servicios;ADJUDICADO;ONTIVERO MARCOS DARIO;MM01;15/12/2026;28/8/2026;10158782;40;1;28/8/2026;28/8/2026;C15;4500138335;10;0379;1;GDIAZ;11/9/2026;15/10/2026;C15;0;;;;;;;;;;;Sin aclaración;En curso;;C15
00379 – VELADERO FASE 8C;1000094602;10;ZPAN;DES. SOFTWARE CV;;0;;;;GORIHUELA;1022295;MANTENIMIENTO MENSUAL DEL SOFTWARE;6;0;6;0;6;;;Servicios;ADJUDICADO;LOZANO JAVIER ARTURO;MM01;15/3/2027;31/8/2026;10158957;10;1;31/8/2026;31/8/2026;C25;4500137918;10;0379;1;MPITTIA;8/9/2026;15/3/2027;C25;0;;;;;;;;;;;Sin aclaración;En curso;;C25
00379 – VELADERO FASE 8C;1000094602;20;ZPAN;DES. SOFTWARE CV;;0;;;;GORIHUELA;1022295;PROCESAMIENTO CVS HASTA 2OO;6;0;6;0;6;;;Servicios;ADJUDICADO;LOZANO JAVIER ARTURO;MM01;15/3/2027;31/8/2026;10158957;20;1;31/8/2026;31/8/2026;C25;4500137918;20;0379;1;MPITTIA;8/9/2026;15/3/2027;C25;0;;;;;;;;;;;Sin aclaración;En curso;;C25
00379 – VELADERO FASE 8C;1000094801;10;ZPAN;FLETE GASES A SEDE;;0;;;;CBAREA;1022296;FLETE GASES A SEDE MINERIA;10;1;10;0;9;5000187894;8/9/2026;Servicios;CUMPLIDO PARCIAL;LA PLATENSE SA;MM01;31/5/2027;3/9/2026;10159301;10;1;3/9/2026;3/9/2026;C25;4500137972;10;0379;1;MPITTIA;8/9/2026;31/5/2027;C25;1;8/9/2026;;;;;;;;;;Sin aclaración;En curso;;C25
00379 – VELADERO FASE 8C;1000094917;10;ZPAN;MANT. EXTINTORES;;0;;;;CBAREA;1022295;MANGUERA PARA EXTINTOR POLVO 10 KILOS;50;19;50;0;31;5000190910;29/9/2026;Servicios;CUMPLIDO PARCIAL;UNSERE SAS;MM01;31/5/2027;4/9/2026;10159467;10;1;4/9/2026;4/9/2026;C25;4500138516;10;0379;1;MPITTIA;14/9/2026;31/5/2027;C25;2;29/9/2026;;;;;;;;;;Sin aclaración;En curso;;C25
00379 – VELADERO FASE 8C;1000094917;20;ZPAN;MANT. EXTINTORES;;0;;;;CBAREA;1022295;VÁLVULA DE DESCARGA POLVO VP1;20;0;20;0;20;;;Servicios;ADJUDICADO;UNSERE SAS;MM01;31/5/2027;4/9/2026;10159467;20;1;4/9/2026;4/9/2026;C25;4500138516;20;0379;1;MPITTIA;14/9/2026;31/5/2027;C25;0;;;;;;;;;;;Sin aclaración;En curso;;C25
00379 – VELADERO FASE 8C;1000095345;10;ZPAN;Antena Starlink movi;;0;;;;CBAREA;1022295;ABONO MENSUAL 500GB;1;1;1;0;0;5000190096;23/9/2026;Servicios;CUMPLIDO;JAWIT S.A.;MM01;15/10/2026;11/9/2026;10160068;10;1;11/9/2026;11/9/2026;C25;4500138717;10;0379;1;MPITTIA;16/9/2026;15/10/2026;C25;1;23/9/2026;;;;;;;;;;Sin aclaración;En curso - Próximo a vencer;;C25
00379 – VELADERO FASE 8C;1000095345;20;ZPAN;Antena Starlink movi;;0;;;;CBAREA;1022295;HABILITACION ANTENA;1;1;1;0;0;5000190096;23/9/2026;Servicios;CUMPLIDO;JAWIT S.A.;MM01;15/10/2026;11/9/2026;10160068;20;1;11/9/2026;11/9/2026;C25;4500138717;20;0379;1;MPITTIA;16/9/2026;15/10/2026;C25;1;23/9/2026;;;;;;;;;;Sin aclaración;En curso - Próximo a vencer;;C25
00379 – VELADERO FASE 8C;1000095581;10;ZPAN;MANT. EXTINTORES;;0;;;;CBAREA;1022295;RECARGA DE MATAFUEGO 5KG ABC;150;10;150;0;140;5000190359;24/9/2026;Servicios;CUMPLIDO PARCIAL;UNSERE SAS;MM01;6/10/2026;16/9/2026;10160445;10;1;16/9/2026;16/9/2026;C25;4500139331;10;0379;1;MPITTIA;23/9/2026;6/10/2026;C25;1;24/9/2026;;;;;;;;;;Sin aclaración;Vencido con cant pendiente a recep;;C25
00379 – VELADERO FASE 8C;1000095581;20;ZPAN;MANT. EXTINTORES;;0;;;;CBAREA;1022295;PRUEBA HIDRÁULICA CILINDRO BAJA PRESIÓN;150;17;150;0;133;5000190917;29/9/2026;Servicios;CUMPLIDO PARCIAL;UNSERE SAS;MM01;6/10/2026;16/9/2026;10160445;20;1;16/9/2026;16/9/2026;C25;4500139331;20;0379;1;MPITTIA;23/9/2026;6/10/2026;C25;1;29/9/2026;;;;;;;;;;Sin aclaración;Vencido con cant pendiente a recep;;C25
00379 – VELADERO FASE 8C;1000095726;10;ZPAN;SERVICIO CALIBRACION;;0;;;;CBAREA;1022295;Calibración CUÑA;2;2;2;0;0;5000190513;25/9/2026;Servicios;CUMPLIDO;CALINS SA;MM01;8/10/2026;18/9/2026;10160657;10;1;18/9/2026;18/9/2026;C07;4500139173;10;0379;1;CBAREA;22/9/2026;8/10/2026;C07;1;25/9/2026;;;;;;;;;;Sin aclaración;En curso - Próximo a vencer;;C07
00379 – VELADERO FASE 8C;1000095726;20;ZPAN;SERVICIO CALIBRACION;;0;;;;CBAREA;1022295;Calibración PIROMETRO;3;3;3;0;0;5000190513;25/9/2026;Servicios;CUMPLIDO;CALINS SA;MM01;8/10/2026;18/9/2026;10160657;20;1;18/9/2026;18/9/2026;C07;4500139173;20;0379;1;CBAREA;22/9/2026;8/10/2026;C07;1;25/9/2026;;;;;;;;;;Sin aclaración;En curso - Próximo a vencer;;C07
00379 – VELADERO FASE 8C;1000095726;30;ZPAN;SERVICIO CALIBRACION;;0;;;;CBAREA;1022295;Calibración CALIBRE;2;2;2;0;0;5000190513;25/9/2026;Servicios;CUMPLIDO;CALINS SA;MM01;8/10/2026;18/9/2026;10160657;30;1;18/9/2026;18/9/2026;C07;4500139173;30;0379;1;CBAREA;22/9/2026;8/10/2026;C07;1;25/9/2026;;;;;;;;;;Sin aclaración;En curso - Próximo a vencer;;C07
00379 – VELADERO FASE 8C;1000095726;40;ZPAN;SERVICIO CALIBRACION;;0;;;;CBAREA;1022295;Calibración EXTRUSORA;1;1;1;0;0;5000190513;25/9/2026;Servicios;CUMPLIDO;CALINS SA;MM01;8/10/2026;18/9/2026;10160657;40;1;18/9/2026;18/9/2026;C07;4500139173;40;0379;1;CBAREA;22/9/2026;8/10/2026;C07;1;25/9/2026;;;;;;;;;;Sin aclaración;En curso - Próximo a vencer;;C07
00379 – VELADERO FASE 8C;1000095726;50;ZPAN;SERVICIO CALIBRACION;;0;;;;CBAREA;1022295;Calibración MEDIDOR DE HUMEDAD;1;0;1;0;1;;;Servicios;ADJUDICADO;CALINS SA;MM01;8/10/2026;18/9/2026;10160657;50;1;18/9/2026;18/9/2026;C07;4500139552;10;0379;1;CBAREA;25/9/2026;8/10/2026;C07;0;;;;;;;;;;;Sin aclaración;En curso - Próximo a vencer;;C07
00379 – VELADERO FASE 8C;1000096308;10;ZPAN;SERVICIOS MEDICOS;;0;;;;CBAREA;1022295;DOSAJE TOXICOLOGICO EMPRESA;43;43;43;0;0;5000191117;30/9/2026;Servicios;CUMPLIDO;ESTANDAR CO SRL;MM01;16/10/2026;29/9/2026;10161450;10;1;29/9/2026;29/9/2026;C25;4500139901;10;0379;1;MPITTIA;30/9/2026;16/10/2026;C25;1;30/9/2026;;;;;;;;;;Sin aclaración;En curso - Próximo a vencer;;C25
00379 – VELADERO FASE 8C;1000096308;20;ZPAN;SERVICIOS MEDICOS;;0;;;;CBAREA;1022295;ACTO BIOQUIMICO 11,22;1;1;1;0;0;5000191117;30/9/2026;Servicios;CUMPLIDO;ESTANDAR CO SRL;MM01;16/10/2026;29/9/2026;10161450;20;1;29/9/2026;29/9/2026;C25;4500139901;20;0379;1;MPITTIA;30/9/2026;16/10/2026;C25;1;30/9/2026;;;;;;;;;;Sin aclaración;En curso - Próximo a vencer;;C25
00379 – VELADERO FASE 8C;1000096308;30;ZPAN;SERVICIOS MEDICOS;;0;;;;CBAREA;1022295;Revisión { 1 5 1 2 5 };1;1;1;0;0;5000191117;30/9/2026;Servicios;CUMPLIDO;ESTANDAR CO SRL;MM01;16/10/2026;29/9/2026;10161450;30;1;29/9/2026;29/9/2026;C25;4500139901;30;0379;1;MPITTIA;30/9/2026;16/10/2026;C25;1;30/9/2026;;;;;;;;;;Sin aclaración;En curso - Próximo a vencer;;C25
00379 – VELADERO FASE 8C;1000096308;40;ZPAN;SERVICIOS MEDICOS;;0;;;;CBAREA;1022295;Revisión { 1 5 1 2 7 };1;1;1;0;0;5000191117;30/9/2026;Servicios;CUMPLIDO;ESTANDAR CO SRL;MM01;16/10/2026;29/9/2026;10161450;40;1;29/9/2026;29/9/2026;C25;4500139901;40;0379;1;MPITTIA;30/9/2026;16/10/2026;C25;1;30/9/2026;;;;;;;;;;Sin aclaración;En curso - Próximo a vencer;;C25
00379 – VELADERO FASE 8C;1000096308;50;ZPAN;SERVICIOS MEDICOS;;0;;;;CBAREA;1022295;TEST DE EMBARAZO;3;3;3;0;0;5000191117;30/9/2026;Servicios;CUMPLIDO;ESTANDAR CO SRL;MM01;16/10/2026;29/9/2026;10161450;50;1;29/9/2026;29/9/2026;C25;4500139901;50;0379;1;MPITTIA;30/9/2026;16/10/2026;C25;1;30/9/2026;;;;;;;;;;Sin aclaración;En curso - Próximo a vencer;;C25
00379 – VELADERO FASE 8C;1000096435;10;ZPAN;EPO INICIALES;;0;;;;CBAREA;1022295;Electroencefalogramas;7;7;7;0;0;5000191999;7/10/2026;Servicios;CUMPLIDO;REHABILITAR SAN JUAN SRL;MM01;15/10/2026;1/10/2026;10161674;10;1;1/10/2026;1/10/2026;C25;4500140384;10;0379;1;JESPARZA;7/10/2026;15/10/2026;C25;1;7/10/2026;;;;;;;;;;Sin aclaración;En curso - Próximo a vencer;;C25
00379 – VELADERO FASE 8C;1000096584;10;ZPAN;OPERATIVO INVIERNO;;0;;;;CBAREA;1022295;ALQUILER TUBO OXIGENO MEDICINAL 0.5m3;10;10;10;0;0;5000192077;7/10/2026;Servicios;CUMPLIDO;LA PLATENSE SA;MM01;7/11/2026;5/10/2026;10161903;10;1;5/10/2026;5/10/2026;C07;4500140224;10;0379;1;CBAREA;5/10/2026;7/11/2026;C07;1;7/10/2026;;;;;;;;;;Sin aclaración;En curso - Próximo a vencer;;C07
00379 – VELADERO FASE 8C;1000096584;20;ZPAN;OPERATIVO INVIERNO;;0;;;;CBAREA;1022295;CARGA OXIGENO MEDICINAL;10;10;10;0;0;5000192077;7/10/2026;Servicios;CUMPLIDO;LA PLATENSE SA;MM01;7/11/2026;5/10/2026;10161903;20;1;5/10/2026;5/10/2026;C07;4500140224;20;0379;1;CBAREA;5/10/2026;7/11/2026;C07;1;7/10/2026;;;;;;;;;;Sin aclaración;En curso - Próximo a vencer;;C07
00379 – VELADERO FASE 8C;1000096744;10;ZPAN;PROGRAMACION RADIOS;;0;;;;CBAREA;1022295;Programaciones radios;6;0;6;0;6;;;Servicios;ADJUDICADO;ORTEGA SRL;MM01;28/10/2026;7/10/2026;10162160;10;1;7/10/2026;8/10/2026;C07;4500140483;10;0379;1;CBAREA;8/10/2026;28/10/2026;C07;0;;;;;;;;;;;Sin aclaración;En curso - Próximo a vencer;;C07
00379 – VELADERO FASE 8C;1000096744;20;ZPAN;PROGRAMACION RADIOS;;0;;;;CBAREA;1022295;Licencia programada LCP;1;0;1;0;1;;;Servicios;ADJUDICADO;ORTEGA SRL;MM01;28/10/2026;7/10/2026;10162160;20;1;7/10/2026;8/10/2026;C07;4500140483;20;0379;1;CBAREA;8/10/2026;28/10/2026;C07;0;;;;;;;;;;;Sin aclaración;En curso - Próximo a vencer;;C07
00379 – VELADERO FASE 8C;1000096774;10;ZPAN;INSPECCION EQUIPOS;;0;;;;CBAREA;1022295;CERTIFICACION DE EQUIPOS;1;0;0;1;0;;;Servicios;SIN TRATAMIENTO;;MM01;29/10/2026;8/10/2026;10162224;10;1;8/10/2026;8/10/2026;C07;;0;;0;;;;;0;;;;;;;;;;;Sin aclaración;En curso - Próximo a vencer;;C07
00379 – VELADERO FASE 8C;1000096774;20;ZPAN;INSPECCION EQUIPOS;;0;;;;CBAREA;1022295;PRECINTO IDENTIFICACION;49;0;0;49;0;;;Servicios;SIN TRATAMIENTO;;MM01;29/10/2026;8/10/2026;10162224;20;1;8/10/2026;8/10/2026;C07;;0;;0;;;;;0;;;;;;;;;;;Sin aclaración;En curso - Próximo a vencer;;C07
00379 – VELADERO FASE 8C;4000007091;10;ZPIN;SERVICIO AMBULANCIA;;0;;4;7/10/2026;CBAREA;1022295;Serv. Ambulancia Tudcum-San Juan;10;0;0;10;0;;;Servicios;RESPONDIDO;;MM01;16/9/2026;19/8/2026;10157834;10;1;19/8/2026;19/8/2026;C25;;0;;0;;;;;0;;0;0;0;0;0;0;0;0;0;Sin aclaración;Pedido de Info;;C25
00379 – VELADERO FASE 8C;4000007091;20;ZPIN;SERVICIO AMBULANCIA;;0;;4;7/10/2026;CBAREA;1022295;Serv. Ambulancia Tudcum-Jachal;10;0;0;10;0;;;Servicios;RESPONDIDO;;MM01;16/9/2026;19/8/2026;10157834;20;1;19/8/2026;19/8/2026;C25;;0;;0;;;;;0;;0;0;0;0;0;0;0;0;0;Sin aclaración;Pedido de Info;;C25
00378 YPF – Oleoducto Cnel. Pringle;4000007102;10;ZPIN;COMPACTACIÓN CRUCE R;;2;;1;31/8/2026;JPIEDRABUENA;1042106;SUBC. PAVIMENTACIÓN ASFALTICA;1;0;0;1;0;;;Servicios;INCOMPLETO;;MR01;9/9/2026;22/8/2026;10158271;10;1;22/8/2026;22/8/2026;C26;;0;;0;;;;;0;;0;0;0;0;0;0;0;0;0;Sin aclaración;Pedido de Info;;C26
00379 – VELADERO FASE 8C;4000007111;10;ZPIN;MEDICO LABORAL;;0;;;;CBAREA;1022295;SERVICIO DE MEDICO LABORAL x MES;8;0;0;8;0;;;Servicios;SIN TRATAMIENTO;;MM01;8/10/2026;26/8/2026;10158601;10;1;26/8/2026;26/8/2026;C25;;0;;0;;;;;0;;0;0;0;0;0;0;0;0;0;Sin aclaración;Pedido de Info;;C25
00379 – VELADERO FASE 8C;4000007111;20;ZPIN;MEDICO LABORAL;;0;;;;CBAREA;1022295;SUBIDA DE MEDICO A VELADERO;8;0;0;8;0;;;Servicios;SIN TRATAMIENTO;;MM01;8/10/2026;26/8/2026;10158601;20;1;26/8/2026;26/8/2026;C25;;0;;0;;;;;0;;0;0;0;0;0;0;0;0;0;Sin aclaración;Pedido de Info;;C25
00377-YPF 3° loop;4000007114;10;ZPIN;PI ESTUDIOS MEDICOS;;0;;;;RTELLO;1013130;EXAMEN PREOCUPACIONAL BASICO XUN;1;0;0;1;0;;;Servicios;SIN TRATAMIENTO;;MR01;10/10/2026;28/8/2026;10158831;10;1;28/8/2026;28/8/2026;PCO;;0;;0;;;;;0;;0;0;0;0;0;0;0;0;0;Sin aclaración;Pedido de Info;;PCO
00377-YPF 3° loop;4000007114;20;ZPIN;PI ESTUDIOS MEDICOS;;0;;;;RTELLO;1013131;CLINICA PARA INTERCONSULTAS S DETALLE;1;0;0;1;0;;;Servicios;SIN TRATAMIENTO;;MR01;10/10/2026;28/8/2026;10158831;20;1;28/8/2026;28/8/2026;PCO;;0;;0;;;;;0;;0;0;0;0;0;0;0;0;0;Sin aclaración;Pedido de Info;;PCO
00377-YPF 3° loop;4000007114;30;ZPIN;PI ESTUDIOS MEDICOS;;0;;;;RTELLO;1013131;CLINICA PARA ATENCION PRIMARIA;1;0;0;1;0;;;Servicios;SIN TRATAMIENTO;;MR01;10/10/2026;28/8/2026;10158831;30;1;28/8/2026;28/8/2026;PCO;;0;;0;;;;;0;;0;0;0;0;0;0;0;0;0;Sin aclaración;Pedido de Info;;PCO
00374 TERMINAL PUNTA COLORADA;4000007122;10;ZPIN;Recotizacion Viandas;;0;;;;DSUAREZ;1013116;VIANDA ALMUERZO PUESTA EN OBRA XUN;72000;0;0;72000;0;;;Servicios;SIN TRATAMIENTO;;MR01;14/10/2026;3/9/2026;10159299;10;1;3/9/2026;3/9/2026;C25;;0;;0;;;;;0;;0;0;0;0;0;0;0;0;0;Sin aclaración;Pedido de Info;;C25
00314 CASA Olavarría;4000007143;10;ZPIN;servicio de almuerzo;;0;;;;ANAVARRO;1013116;VIANDA ALMUERZO PUESTA EN OBRA XUN;5000;0;0;5000;0;;;Servicios;SIN TRATAMIENTO;;MM01;15/9/2026;8/9/2026;10159650;10;1;8/9/2026;9/9/2026;C25;;0;;0;;;;;0;;1;0;0;0;0;0;0;0;0;Sin aclaración;Pedido de Info;;C25
00223 Comp Amb Santa Fe;4000007147;10;ZPIN;Servicio limpieza;;2;;;;PBASILIO;1013143;SERVICIO DE LIMPIEZA HS NORMALES XHS;288;0;0;288;0;;;Servicios;SIN TRATAMIENTO;;MR01;30/9/2026;9/9/2026;10159795;10;1;9/9/2026;9/9/2026;C25;;0;;0;;;;;0;;0;0;0;0;0;0;0;0;0;Sin aclaración;Pedido de Info;;C25
00223 Comp Amb Santa Fe;4000007148;10;ZPIN;Servicio agua;;2;;4;5/10/2026;PBASILIO;1013138;SERVICIO BOTELLON DE 20 LTS XUN;1100;0;0;1100;0;;;Servicios;RESPONDIDO;;MR01;30/9/2026;9/9/2026;10159802;10;1;9/9/2026;9/9/2026;C25;;0;;0;;;;;0;;0;0;0;0;0;0;0;0;0;Sin aclaración;Pedido de Info;;C25
00223 Comp Amb Santa Fe;4000007148;20;ZPIN;Servicio agua;;2;;4;5/10/2026;PBASILIO;1013137;ALQUILER DISPENSER FRIO CALOR XDIA;2880;0;0;2880;0;;;Servicios;RESPONDIDO;;MR01;30/9/2026;9/9/2026;10159802;20;1;9/9/2026;9/9/2026;C25;;0;;0;;;;;0;;0;0;0;0;0;0;0;0;0;Sin aclaración;Pedido de Info;;C25
00223 Comp Amb Santa Fe;4000007149;10;ZPIN;Capacitacion 1° auxi;;2;;4;5/10/2026;PBASILIO;1033670;CAPACITACION 1° AUXILIOS S/RESOL. 905/15;1;0;0;1;0;;;Servicios;RESPONDIDO;;MR01;30/9/2026;9/9/2026;10159806;10;1;9/9/2026;9/9/2026;C25;;0;;0;;;;;0;;0;0;0;0;0;0;0;0;0;Sin aclaración;Pedido de Info;;C25
00378 YPF – Oleoducto Cnel. Pringle;4000007168;10;ZPIN;SERVICIO DE  BOMBERO;;0;;4;5/10/2026;JPIEDRABUENA;1022294;SERV.BOMBEROS AUTOBOMBA  + DOTACION;1;0;0;1;0;;;Servicios;RESPONDIDO;;MR01;28/9/2026;12/9/2026;10160133;10;1;12/9/2026;12/9/2026;C25;;0;;0;;;;;0;;0;0;0;0;0;0;0;0;0;Sin aclaración;Pedido de Info;;C25
00378 YPF – Oleoducto Cnel. Pringle;4000007168;20;ZPIN;SERVICIO DE  BOMBERO;;0;;4;5/10/2026;JPIEDRABUENA;1022294;SERV.BOMBEROS AUTOBOMBA  + DOTACION;1;0;0;1;0;;;Servicios;RESPONDIDO;;MR01;28/9/2026;12/9/2026;10160133;20;1;12/9/2026;12/9/2026;C25;;0;;0;;;;;0;;0;0;0;0;0;0;0;0;0;Sin aclaración;Pedido de Info;;C25
00314 CASA Olavarría;4000007211;10;ZPIN;SERVICIO DE TRANSPOR;;0;;;;ANAVARRO;1013113;TRANSPORTE DE PERSONAL COMBI OLA-OBRA;2640;0;0;2640;0;;;Servicios;SIN TRATAMIENTO;;MM01;25/9/2026;17/9/2026;10160497;10;1;17/9/2026;21/9/2026;C25;;0;;0;;;;;0;;4;0;0;0;0;0;0;0;0;Sin aclaración;Pedido de Info;;C25
00314 CASA Olavarría;4000007211;20;ZPIN;SERVICIO DE TRANSPOR;;0;;;;ANAVARRO;1013113;TRANSPORTE DE PERSONAL COMBI CENTRAL;580;0;0;580;0;;;Servicios;SIN TRATAMIENTO;;MM01;25/9/2026;17/9/2026;10160497;20;1;17/9/2026;21/9/2026;C25;;0;;0;;;;;0;;4;0;0;0;0;0;0;0;0;Sin aclaración;Pedido de Info;;C25
00314 CASA Olavarría;4000007211;30;ZPIN;SERVICIO DE TRANSPOR;;0;;;;ANAVARRO;1013113;TRANSPORTE DE PERSONAL COMBI Z. SERRANA;1320;0;0;1320;0;;;Servicios;SIN TRATAMIENTO;;MM01;25/9/2026;17/9/2026;10160497;30;1;17/9/2026;21/9/2026;C25;;0;;0;;;;;0;;4;0;0;0;0;0;0;0;0;Sin aclaración;Pedido de Info;;C25
00365 RIO TINTO;4000007212;10;ZPIN;SERVICIO SPOT;;0;;;;MGAUDELLI;1022295;SERVICIO ANUAL DE SPOT X;1;0;0;1;0;;;Servicios;SIN TRATAMIENTO;;U365;8/10/2026;17/9/2026;10160529;10;1;17/9/2026;18/9/2026;C25;;0;;0;;;;;0;;1;0;0;0;0;0;0;0;0;Sin aclaración;Pedido de Info;;C25
00378 YPF – Oleoducto Cnel. Pringle;4000007260;10;ZPIN;PI  SERVICIO DE HIEL;;0;;;;GPUJOL;1017912;SERVICIO HIELO POR BOLSON XUN;1;0;0;1;0;;;Servicios;SIN TRATAMIENTO;;MR01;6/10/2026;25/9/2026;10161178;10;1;25/9/2026;25/9/2026;C25;;0;;0;;;;;0;;0;0;0;0;0;0;0;0;0;Sin aclaración;Pedido de Info;;C25
